Size,NUM_STREAMS,Time
8,1,3.430960e-05
8,4,4.640820e-05
64,1,3.351250e-05
64,4,4.827060e-05
512,1,3.453970e-05
512,4,4.525940e-05
4096,1,3.445330e-05
4096,4,4.740340e-05
32768,1,3.488880e-05
32768,4,5.599830e-05
262144,1,4.766230e-05
262144,4,6.203960e-05
2097152,1,1.247390e-04
2097152,4,1.120830e-04
16777216,1,7.041700e-04
16777216,4,5.883080e-04
134217728,1,5.018340e-03
134217728,4,3.847290e-03
1073741824,1,3.905730e-02
1073741824,4,2.999610e-02
