Nx,Ny,Nz,NUM_ITER,Time
128,128,4096,1024,13.866230
128,128,8192,1024,14.293145
