Calls,Size,Time
16,2048,0.003820
16,8192,0.003630
16,32768,0.003539
16,131072,0.003581
32,2048,0.003677
32,8192,0.004051
32,32768,0.003858
32,131072,0.003804
64,2048,0.003936
64,8192,0.003908
64,32768,0.003917
64,131072,0.003957
