x_dim,y_dim,z_dim,alpha,num_iter
32,32,32,0.03125,100
64,64,64,0.03125,100
128,128,128,0.03125,100
256,256,256,0.03125,100
