framework,nx,ny,nz,num_iter,device,repetition,time,time_per_work,field_type
numba,16,16,16,1024,cpu,0,0.11125612258911133,2.7162139303982258e-05,test_field
numba,16,16,16,1024,cpu,1,0.1136937141418457,2.775725442916155e-05,test_field
numba,16,16,16,1024,cpu,2,0.11310386657714844,2.761324867606163e-05,test_field
numba,16,16,16,1024,cpu,3,0.11298441886901855,2.7584086637943983e-05,test_field
numba,16,16,16,1024,cpu,4,0.11409997940063477,2.7856440283358097e-05,test_field
jax,16,16,16,1024,cpu,0,0.10035872459411621,2.4501641746610403e-05,test_field
jax,16,16,16,1024,cpu,1,0.09935998916625977,2.4257809855043888e-05,test_field
jax,16,16,16,1024,cpu,2,0.09951138496398926,2.429477171972394e-05,test_field
jax,16,16,16,1024,cpu,3,0.10242748260498047,2.500670962035656e-05,test_field
jax,16,16,16,1024,cpu,4,0.09949398040771484,2.4290522560477257e-05,test_field
jax,16,16,16,1024,gpu,0,0.11933064460754395,2.913345815613866e-05,test_field
jax,16,16,16,1024,gpu,1,0.11973333358764648,2.9231770895421505e-05,test_field
jax,16,16,16,1024,gpu,2,0.11863493919372559,2.896360820159316e-05,test_field
jax,16,16,16,1024,gpu,3,0.11639046669006348,2.841564128175378e-05,test_field
jax,16,16,16,1024,gpu,4,0.11506891250610352,2.809299621731043e-05,test_field
torch,16,16,16,1024,cpu,0,0.13549017906188965,3.307865699753165e-05,test_field
torch,16,16,16,1024,cpu,1,0.1419963836669922,3.4667085856199265e-05,test_field
torch,16,16,16,1024,cpu,2,0.1542520523071289,3.765919245779514e-05,test_field
torch,16,16,16,1024,cpu,3,0.15549159049987793,3.796181408688426e-05,test_field
torch,16,16,16,1024,cpu,4,0.1622164249420166,3.960361937060952e-05,test_field
torch,16,16,16,1024,gpu,0,0.3160104751586914,7.71509949117899e-05,test_field
torch,16,16,16,1024,gpu,1,0.38818931579589844,9.477278217673302e-05,test_field
torch,16,16,16,1024,gpu,2,0.3000209331512451,7.32472981326282e-05,test_field
torch,16,16,16,1024,gpu,3,0.36544156074523926,8.921913104131818e-05,test_field
torch,16,16,16,1024,gpu,4,0.3562290668487549,8.69699870236218e-05,test_field
gt4py,16,16,16,1024,cpu,0,0.20822620391845703,5.083647556602955e-05,test_field
gt4py,16,16,16,1024,cpu,1,0.20643854141235352,5.040003452450037e-05,test_field
gt4py,16,16,16,1024,cpu,2,0.20484280586242676,5.001045065000653e-05,test_field
gt4py,16,16,16,1024,cpu,3,0.20256423950195312,4.9454160034656525e-05,test_field
gt4py,16,16,16,1024,cpu,4,0.20780348777770996,5.073327338322997e-05,test_field
cupy,16,16,16,1024,gpu,0,0.21696901321411133,5.29709504917264e-05,test_field
cupy,16,16,16,1024,gpu,1,0.2370011806488037,5.7861616369336843e-05,test_field
cupy,16,16,16,1024,gpu,2,0.23781871795654297,5.806121043860912e-05,test_field
cupy,16,16,16,1024,gpu,3,0.24690461158752441,6.027944618836045e-05,test_field
cupy,16,16,16,1024,gpu,4,0.24664759635925293,6.0216698329895735e-05,test_field
numpy,16,16,16,1024,cpu,0,0.0545039176940918,1.330662053078413e-05,test_field
numpy,16,16,16,1024,cpu,1,0.05507254600524902,1.344544580206275e-05,test_field
numpy,16,16,16,1024,cpu,2,0.054834842681884766,1.3387412764132023e-05,test_field
numpy,16,16,16,1024,cpu,3,0.054592132568359375,1.3328157365322113e-05,test_field
numpy,16,16,16,1024,cpu,4,0.05545473098754883,1.3538752682507038e-05,test_field
fortran,16,16,16,1024,cpu,0,0.005196482,1.26867236328125e-06,test_field
fortran,16,16,16,1024,cpu,1,0.005190562,1.26722705078125e-06,test_field
fortran,16,16,16,1024,cpu,2,0.005145444,1.2562119140625e-06,test_field
fortran,16,16,16,1024,cpu,3,0.005164515,1.260867919921875e-06,test_field
fortran,16,16,16,1024,cpu,4,0.005149155,1.257117919921875e-06,test_field
numba,16,16,32,1024,cpu,0,0.1133725643157959,1.3839424354955554e-05,test_field
numba,16,16,32,1024,cpu,1,0.11384892463684082,1.3897573808208108e-05,test_field
numba,16,16,32,1024,cpu,2,0.11152052879333496,1.3613345799967647e-05,test_field
numba,16,16,32,1024,cpu,3,0.11569476127624512,1.412289566360414e-05,test_field
numba,16,16,32,1024,cpu,4,0.11261415481567383,1.3746845070272684e-05,test_field
jax,16,16,32,1024,cpu,0,0.11584734916687012,1.414152211509645e-05,test_field
jax,16,16,32,1024,cpu,1,0.1131753921508789,1.3815355487167835e-05,test_field
jax,16,16,32,1024,cpu,2,0.11583113670349121,1.4139543054625392e-05,test_field
jax,16,16,32,1024,cpu,3,0.11537623405456543,1.4084012946113944e-05,test_field
jax,16,16,32,1024,cpu,4,0.11510539054870605,1.4050950994715095e-05,test_field
jax,16,16,32,1024,gpu,0,0.11978864669799805,1.4622637536376715e-05,test_field
jax,16,16,32,1024,gpu,1,0.11779975891113281,1.4379853382706642e-05,test_field
jax,16,16,32,1024,gpu,2,0.11735367774963379,1.4325400115922093e-05,test_field
jax,16,16,32,1024,gpu,3,0.11657285690307617,1.423008507117629e-05,test_field
jax,16,16,32,1024,gpu,4,0.12147855758666992,1.4828925486654043e-05,test_field
torch,16,16,32,1024,cpu,0,0.19820332527160645,2.4194741854444146e-05,test_field
torch,16,16,32,1024,cpu,1,0.1757206916809082,2.1450279746204615e-05,test_field
torch,16,16,32,1024,cpu,2,0.18016982078552246,2.1993386326357722e-05,test_field
torch,16,16,32,1024,cpu,3,0.19827795028686523,2.4203851353377104e-05,test_field
torch,16,16,32,1024,cpu,4,0.20229578018188477,2.469430910423398e-05,test_field
torch,16,16,32,1024,gpu,0,0.28984546661376953,3.5381526686251163e-05,test_field
torch,16,16,32,1024,gpu,1,0.26260900497436523,3.205676330253482e-05,test_field
torch,16,16,32,1024,gpu,2,0.32161402702331543,3.925952478311956e-05,test_field
torch,16,16,32,1024,gpu,3,0.3641092777252197,4.444693331606686e-05,test_field
torch,16,16,32,1024,gpu,4,0.3069641590118408,3.74712108168751e-05,test_field
gt4py,16,16,32,1024,cpu,0,0.23639392852783203,2.885668072849512e-05,test_field
gt4py,16,16,32,1024,cpu,1,0.23513007164001465,2.8702401323243976e-05,test_field
gt4py,16,16,32,1024,cpu,2,0.23433494567871094,2.860534004867077e-05,test_field
gt4py,16,16,32,1024,cpu,3,0.23221206665039062,2.8346199542284012e-05,test_field
gt4py,16,16,32,1024,cpu,4,0.2372441291809082,2.8960464987903833e-05,test_field
cupy,16,16,32,1024,gpu,0,0.23342466354370117,2.849422162398696e-05,test_field
cupy,16,16,32,1024,gpu,1,0.26588869094848633,3.245711559429765e-05,test_field
cupy,16,16,32,1024,gpu,2,0.2512691020965576,3.0672497814521194e-05,test_field
cupy,16,16,32,1024,gpu,3,0.24127840995788574,2.9452930903062224e-05,test_field
cupy,16,16,32,1024,gpu,4,0.2503013610839844,3.055436536669731e-05,test_field
numpy,16,16,32,1024,cpu,0,0.09343218803405762,1.1405296390876174e-05,test_field
numpy,16,16,32,1024,cpu,1,0.0940852165222168,1.1485011782497168e-05,test_field
numpy,16,16,32,1024,cpu,2,0.09313654899597168,1.1369207641109824e-05,test_field
numpy,16,16,32,1024,cpu,3,0.09254074096679688,1.1296477168798447e-05,test_field
numpy,16,16,32,1024,cpu,4,0.09605932235717773,1.1725991498678923e-05,test_field
fortran,16,16,32,1024,cpu,0,0.009980625,1.2183380126953125e-06,test_field
fortran,16,16,32,1024,cpu,1,0.009975314,1.217689697265625e-06,test_field
fortran,16,16,32,1024,cpu,2,0.010004432,1.221244140625e-06,test_field
fortran,16,16,32,1024,cpu,3,0.009976657,1.2178536376953125e-06,test_field
fortran,16,16,32,1024,cpu,4,0.009987281,1.2191505126953126e-06,test_field
numba,16,16,64,1024,cpu,0,0.11731457710266113,7.1603135438635945e-06,test_field
numba,16,16,64,1024,cpu,1,0.13199377059936523,8.056260412558913e-06,test_field
numba,16,16,64,1024,cpu,2,0.11814379692077637,7.2109251050278544e-06,test_field
numba,16,16,64,1024,cpu,3,0.11561799049377441,7.056762115098536e-06,test_field
numba,16,16,64,1024,cpu,4,0.11945271492004395,7.2908151196315885e-06,test_field
jax,16,16,64,1024,cpu,0,0.1467742919921875,8.958391845226288e-06,test_field
jax,16,16,64,1024,cpu,1,0.14792919158935547,9.028881322592497e-06,test_field
jax,16,16,64,1024,cpu,2,0.14748716354370117,9.001902071759105e-06,test_field
jax,16,16,64,1024,cpu,3,0.14542436599731445,8.875998901203275e-06,test_field
jax,16,16,64,1024,cpu,4,0.14668869972229004,8.953167707659304e-06,test_field
jax,16,16,64,1024,gpu,0,0.12687444686889648,7.74380168877542e-06,test_field
jax,16,16,64,1024,gpu,1,0.11966085433959961,7.303518941625953e-06,test_field
jax,16,16,64,1024,gpu,2,0.12230968475341797,7.4651907198131084e-06,test_field
jax,16,16,64,1024,gpu,3,0.11852908134460449,7.234441000036895e-06,test_field
jax,16,16,64,1024,gpu,4,0.11996722221374512,7.322218152694404e-06,test_field
torch,16,16,64,1024,cpu,0,0.26955699920654297,1.6452453564852476e-05,test_field
torch,16,16,64,1024,cpu,1,0.2765655517578125,1.6880221664905548e-05,test_field
torch,16,16,64,1024,cpu,2,0.28598809242248535,1.7455327906645834e-05,test_field
torch,16,16,64,1024,cpu,3,0.2672739028930664,1.6313104424625635e-05,test_field
torch,16,16,64,1024,cpu,4,0.28618860244750977,1.746756606735289e-05,test_field
torch,16,16,64,1024,gpu,0,0.30510425567626953,1.862208591774106e-05,test_field
torch,16,16,64,1024,gpu,1,0.39366841316223145,2.4027613108046353e-05,test_field
torch,16,16,64,1024,gpu,2,0.37470579147338867,2.2870226530358195e-05,test_field
torch,16,16,64,1024,gpu,3,0.30361461639404297,1.8531165551394224e-05,test_field
torch,16,16,64,1024,gpu,4,0.38317108154296875,2.338690683245659e-05,test_field
gt4py,16,16,64,1024,cpu,0,0.28433775901794434,1.735459954943508e-05,test_field
gt4py,16,16,64,1024,cpu,1,0.2899036407470703,1.7694314010441303e-05,test_field
gt4py,16,16,64,1024,cpu,2,0.2847404479980469,1.737917773425579e-05,test_field
gt4py,16,16,64,1024,cpu,3,0.2819559574127197,1.7209225916303694e-05,test_field
gt4py,16,16,64,1024,cpu,4,0.2807488441467285,1.7135549569502473e-05,test_field
cupy,16,16,64,1024,gpu,0,0.26395177841186523,1.611033803783357e-05,test_field
cupy,16,16,64,1024,gpu,1,0.252443790435791,1.540794619359076e-05,test_field
cupy,16,16,64,1024,gpu,2,0.23862433433532715,1.4564473531208932e-05,test_field
cupy,16,16,64,1024,gpu,3,0.2604410648345947,1.589606108609587e-05,test_field
cupy,16,16,64,1024,gpu,4,0.2567920684814453,1.5673344023525715e-05,test_field
numpy,16,16,64,1024,cpu,0,0.19676923751831055,1.2009841157123446e-05,test_field
numpy,16,16,64,1024,cpu,1,0.1896653175354004,1.1576252290979028e-05,test_field
numpy,16,16,64,1024,cpu,2,0.18421697616577148,1.1243711924180388e-05,test_field
numpy,16,16,64,1024,cpu,3,0.17889857292175293,1.0919102351181209e-05,test_field
numpy,16,16,64,1024,cpu,4,0.1882491111755371,1.1489813914522529e-05,test_field
fortran,16,16,64,1024,cpu,0,0.019790599,1.2079223022460937e-06,test_field
fortran,16,16,64,1024,cpu,1,0.019781383,1.2073598022460937e-06,test_field
fortran,16,16,64,1024,cpu,2,0.019799591,1.2084711303710936e-06,test_field
fortran,16,16,64,1024,cpu,3,0.019797799,1.2083617553710938e-06,test_field
fortran,16,16,64,1024,cpu,4,0.019791367,1.2079691772460938e-06,test_field
numba,16,32,16,1024,cpu,0,0.11581659317016602,1.4137767720967531e-05,test_field
numba,16,32,16,1024,cpu,1,0.11256074905395508,1.3740325812250376e-05,test_field
numba,16,32,16,1024,cpu,2,0.11508679389953613,1.404868089593947e-05,test_field
numba,16,32,16,1024,cpu,3,0.11482763290405273,1.4017045032233e-05,test_field
numba,16,32,16,1024,cpu,4,0.1322472095489502,1.6143458196893334e-05,test_field
jax,16,32,16,1024,cpu,0,0.11337018013000488,1.3839133316650987e-05,test_field
jax,16,32,16,1024,cpu,1,0.1124114990234375,1.372210681438446e-05,test_field
jax,16,32,16,1024,cpu,2,0.11289381980895996,1.3780983863398433e-05,test_field
jax,16,32,16,1024,cpu,3,0.11482453346252441,1.4016666682437062e-05,test_field
jax,16,32,16,1024,cpu,4,0.11375236511230469,1.388578675687313e-05,test_field
jax,16,32,16,1024,gpu,0,0.1188352108001709,1.4506251318380237e-05,test_field
jax,16,32,16,1024,gpu,1,0.11802124977111816,1.4406890841200948e-05,test_field
jax,16,32,16,1024,gpu,2,0.11493372917175293,1.4029996236786246e-05,test_field
jax,16,32,16,1024,gpu,3,0.12054157257080078,1.471454743295908e-05,test_field
jax,16,32,16,1024,gpu,4,0.11490559577941895,1.4026561984792352e-05,test_field
torch,16,32,16,1024,cpu,0,0.1699826717376709,2.0749837858602405e-05,test_field
torch,16,32,16,1024,cpu,1,0.19736695289611816,2.4092645617201924e-05,test_field
torch,16,32,16,1024,cpu,2,0.19278860092163086,2.3533764760941267e-05,test_field
torch,16,32,16,1024,cpu,3,0.18813729286193848,2.296597813256085e-05,test_field
torch,16,32,16,1024,cpu,4,0.1901412010192871,2.3210595827549696e-05,test_field
torch,16,32,16,1024,gpu,0,0.38951754570007324,4.754852852784097e-05,test_field
torch,16,32,16,1024,gpu,1,0.33173704147338867,4.0495244320482016e-05,test_field
torch,16,32,16,1024,gpu,2,0.29322338104248047,3.5793869756162167e-05,test_field
torch,16,32,16,1024,gpu,3,0.3628115653991699,4.428852116689086e-05,test_field
torch,16,32,16,1024,gpu,4,0.3020792007446289,3.687490243464708e-05,test_field
gt4py,16,32,16,1024,cpu,0,0.22955012321472168,2.802125527523458e-05,test_field
gt4py,16,32,16,1024,cpu,1,0.23607420921325684,2.881765249185264e-05,test_field
gt4py,16,32,16,1024,cpu,2,0.23781156539916992,2.902973210439086e-05,test_field
gt4py,16,32,16,1024,cpu,3,0.23624634742736816,2.8838665457442403e-05,test_field
gt4py,16,32,16,1024,cpu,4,0.23089861869812012,2.8185866540297866e-05,test_field
cupy,16,32,16,1024,gpu,0,0.2413923740386963,2.9466842534020543e-05,test_field
cupy,16,32,16,1024,gpu,1,0.24262332916259766,2.961710561066866e-05,test_field
cupy,16,32,16,1024,gpu,2,0.25374436378479004,3.0974653782323e-05,test_field
cupy,16,32,16,1024,gpu,3,0.2637519836425781,3.21962870657444e-05,test_field
cupy,16,32,16,1024,gpu,4,0.24280881881713867,2.9639748390763998e-05,test_field
numpy,16,32,16,1024,cpu,0,0.09018993377685547,1.1009513400495052e-05,test_field
numpy,16,32,16,1024,cpu,1,0.08885788917541504,1.0846910299733281e-05,test_field
numpy,16,32,16,1024,cpu,2,0.08928298950195312,1.0898802429437637e-05,test_field
numpy,16,32,16,1024,cpu,3,0.08784317970275879,1.0723044397309422e-05,test_field
numpy,16,32,16,1024,cpu,4,0.088043212890625,1.0747462511062622e-05,test_field
fortran,16,32,16,1024,cpu,0,0.00929191,1.134266357421875e-06,test_field
fortran,16,32,16,1024,cpu,1,0.009288071,1.1337977294921875e-06,test_field
fortran,16,32,16,1024,cpu,2,0.00929143,1.134207763671875e-06,test_field
fortran,16,32,16,1024,cpu,3,0.009296965,1.1348834228515626e-06,test_field
fortran,16,32,16,1024,cpu,4,0.009580669,1.1695152587890625e-06,test_field
numba,16,32,32,1024,cpu,0,0.11373639106750488,6.941918400116265e-06,test_field
numba,16,32,32,1024,cpu,1,0.11326074600219727,6.912887329235673e-06,test_field
numba,16,32,32,1024,cpu,2,0.11137652397155762,6.79788354318589e-06,test_field
numba,16,32,32,1024,cpu,3,0.11380314826965332,6.9459929363802075e-06,test_field
numba,16,32,32,1024,cpu,4,0.11102771759033203,6.776594091206789e-06,test_field
jax,16,32,32,1024,cpu,0,0.1426384449005127,8.705959771759808e-06,test_field
jax,16,32,32,1024,cpu,1,0.14424443244934082,8.803981472738087e-06,test_field
jax,16,32,32,1024,cpu,2,0.14418530464172363,8.800372597761452e-06,test_field
jax,16,32,32,1024,cpu,3,0.14536738395690918,8.872520993463695e-06,test_field
jax,16,32,32,1024,cpu,4,0.14471054077148438,8.832430467009544e-06,test_field
jax,16,32,32,1024,gpu,0,0.12100815773010254,7.385751814581454e-06,test_field
jax,16,32,32,1024,gpu,1,0.11648678779602051,7.109789294190705e-06,test_field
jax,16,32,32,1024,gpu,2,0.12185382843017578,7.437367457896471e-06,test_field
jax,16,32,32,1024,gpu,3,0.12398815155029297,7.567636203020811e-06,test_field
jax,16,32,32,1024,gpu,4,0.1233530044555664,7.528869900852442e-06,test_field
torch,16,32,32,1024,cpu,0,0.23839306831359863,1.4550358173437417e-05,test_field
torch,16,32,32,1024,cpu,1,0.26569223403930664,1.621656701900065e-05,test_field
torch,16,32,32,1024,cpu,2,0.2588675022125244,1.580001844558865e-05,test_field
torch,16,32,32,1024,cpu,3,0.26311492919921875,1.6059260815382004e-05,test_field
torch,16,32,32,1024,cpu,4,0.2697741985321045,1.646571035962552e-05,test_field
torch,16,32,32,1024,gpu,0,0.36593079566955566,2.2334643290378153e-05,test_field
torch,16,32,32,1024,gpu,1,0.36963653564453125,2.256082370877266e-05,test_field
torch,16,32,32,1024,gpu,2,0.3728370666503906,2.2756168618798256e-05,test_field
torch,16,32,32,1024,gpu,3,0.34664058685302734,2.115726238116622e-05,test_field
torch,16,32,32,1024,gpu,4,0.29271793365478516,1.7866084817796946e-05,test_field
gt4py,16,32,32,1024,cpu,0,0.2709949016571045,1.6540216165594757e-05,test_field
gt4py,16,32,32,1024,cpu,1,0.28263258934020996,1.72505242517218e-05,test_field
gt4py,16,32,32,1024,cpu,2,0.27646374702453613,1.6874007997103035e-05,test_field
gt4py,16,32,32,1024,cpu,3,0.28229784965515137,1.7230093362741172e-05,test_field
gt4py,16,32,32,1024,cpu,4,0.276592493057251,1.6881866031326354e-05,test_field
cupy,16,32,32,1024,gpu,0,0.22245073318481445,1.357731525786221e-05,test_field
cupy,16,32,32,1024,gpu,1,0.24036026000976562,1.4670426025986671e-05,test_field
cupy,16,32,32,1024,gpu,2,0.2416079044342041,1.4746576198376715e-05,test_field
cupy,16,32,32,1024,gpu,3,0.24673199653625488,1.5059325960464776e-05,test_field
cupy,16,32,32,1024,gpu,4,0.22764062881469727,1.38940813485533e-05,test_field
numpy,16,32,32,1024,cpu,0,0.16746735572814941,1.0221396223641932e-05,test_field
numpy,16,32,32,1024,cpu,1,0.1702737808227539,1.0392686817795038e-05,test_field
numpy,16,32,32,1024,cpu,2,0.17254066467285156,1.053104642778635e-05,test_field
numpy,16,32,32,1024,cpu,3,0.17001795768737793,1.0377072612755e-05,test_field
numpy,16,32,32,1024,cpu,4,0.1690528392791748,1.0318166459910572e-05,test_field
fortran,16,32,32,1024,cpu,0,0.018438127,1.1253739624023437e-06,test_field
fortran,16,32,32,1024,cpu,1,0.018461039,1.1267723999023437e-06,test_field
fortran,16,32,32,1024,cpu,2,0.01846267,1.1268719482421875e-06,test_field
fortran,16,32,32,1024,cpu,3,0.018445935,1.1258505249023438e-06,test_field
fortran,16,32,32,1024,cpu,4,0.018454703,1.1263856811523437e-06,test_field
numba,16,32,64,1024,cpu,0,0.12041640281677246,3.6748169804923236e-06,test_field
numba,16,32,64,1024,cpu,1,0.12192034721374512,3.7207137211225927e-06,test_field
numba,16,32,64,1024,cpu,2,0.1193532943725586,3.6423734854906797e-06,test_field
numba,16,32,64,1024,cpu,3,0.11974596977233887,3.65435698768124e-06,test_field
numba,16,32,64,1024,cpu,4,0.12573528289794922,3.837136318907142e-06,test_field
jax,16,32,64,1024,cpu,0,0.1733691692352295,5.2908071666024625e-06,test_field
jax,16,32,64,1024,cpu,1,0.17253851890563965,5.2654577302746475e-06,test_field
jax,16,32,64,1024,cpu,2,0.17128801345825195,5.227295332588255e-06,test_field
jax,16,32,64,1024,cpu,3,0.1711127758026123,5.221947503741831e-06,test_field
jax,16,32,64,1024,cpu,4,0.16791749000549316,5.124435119796544e-06,test_field
jax,16,32,64,1024,gpu,0,0.12391972541809082,3.781729901675135e-06,test_field
jax,16,32,64,1024,gpu,1,0.12363028526306152,3.7728968891315162e-06,test_field
jax,16,32,64,1024,gpu,2,0.11931395530700684,3.6411729524843395e-06,test_field
jax,16,32,64,1024,gpu,3,0.11778140068054199,3.5944030969403684e-06,test_field
jax,16,32,64,1024,gpu,4,0.12143683433532715,3.7059580790810287e-06,test_field
torch,16,32,64,1024,cpu,0,0.41703081130981445,1.2726770364679396e-05,test_field
torch,16,32,64,1024,cpu,1,0.41886401176452637,1.2782715202774853e-05,test_field
torch,16,32,64,1024,cpu,2,0.4317293167114258,1.3175333151593804e-05,test_field
torch,16,32,64,1024,cpu,3,0.42366576194763184,1.2929252989124507e-05,test_field
torch,16,32,64,1024,cpu,4,0.41779160499572754,1.2749987945426255e-05,test_field
torch,16,32,64,1024,gpu,0,0.2928187847137451,8.936120138969272e-06,test_field
torch,16,32,64,1024,gpu,1,0.38579344749450684,1.1773481674026698e-05,test_field
torch,16,32,64,1024,gpu,2,0.37219953536987305,1.1358628398738801e-05,test_field
torch,16,32,64,1024,gpu,3,0.2989070415496826,9.12191899260506e-06,test_field
torch,16,32,64,1024,gpu,4,0.3044300079345703,9.29046655073762e-06,test_field
gt4py,16,32,64,1024,cpu,0,0.37209033966064453,1.1355296010151505e-05,test_field
gt4py,16,32,64,1024,cpu,1,0.3745546340942383,1.1430500308051705e-05,test_field
gt4py,16,32,64,1024,cpu,2,0.3654966354370117,1.1154072126373649e-05,test_field
gt4py,16,32,64,1024,cpu,3,0.36417603492736816,1.1113770597148687e-05,test_field
gt4py,16,32,64,1024,cpu,4,0.37027764320373535,1.1299976904410869e-05,test_field
cupy,16,32,64,1024,gpu,0,0.2581303119659424,7.877511961851269e-06,test_field
cupy,16,32,64,1024,gpu,1,0.2467026710510254,7.528768037445843e-06,test_field
cupy,16,32,64,1024,gpu,2,0.2524890899658203,7.705355528742075e-06,test_field
cupy,16,32,64,1024,gpu,3,0.23775529861450195,7.255715900100768e-06,test_field
cupy,16,32,64,1024,gpu,4,0.26371312141418457,8.047885785344988e-06,test_field
numpy,16,32,64,1024,cpu,0,0.386552095413208,1.179663377115503e-05,test_field
numpy,16,32,64,1024,cpu,1,0.3823413848876953,1.1668133083730936e-05,test_field
numpy,16,32,64,1024,cpu,2,0.3841273784637451,1.1722637282218784e-05,test_field
numpy,16,32,64,1024,cpu,3,0.38259339332580566,1.1675823770929128e-05,test_field
numpy,16,32,64,1024,cpu,4,0.38693928718566895,1.1808449926320463e-05,test_field
fortran,16,32,64,1024,cpu,0,0.036641127,1.118198455810547e-06,test_field
fortran,16,32,64,1024,cpu,1,0.036666534,1.1189738159179688e-06,test_field
fortran,16,32,64,1024,cpu,2,0.036687589,1.1196163635253906e-06,test_field
fortran,16,32,64,1024,cpu,3,0.036719204,1.1205811767578124e-06,test_field
fortran,16,32,64,1024,cpu,4,0.036671621,1.1191290588378907e-06,test_field
numba,16,64,16,1024,cpu,0,0.11509227752685547,7.024675142019987e-06,test_field
numba,16,64,16,1024,cpu,1,0.11406350135803223,6.961883627809584e-06,test_field
numba,16,64,16,1024,cpu,2,0.11651754379272461,7.111666491255164e-06,test_field
numba,16,64,16,1024,cpu,3,0.11576414108276367,7.065682439133525e-06,test_field
numba,16,64,16,1024,cpu,4,0.11408877372741699,6.963426130823791e-06,test_field
jax,16,64,16,1024,cpu,0,0.14272665977478027,8.711343980394304e-06,test_field
jax,16,64,16,1024,cpu,1,0.1421065330505371,8.673494448885322e-06,test_field
jax,16,64,16,1024,cpu,2,0.14295482635498047,8.725270163267851e-06,test_field
jax,16,64,16,1024,cpu,3,0.14192938804626465,8.662682375870645e-06,test_field
jax,16,64,16,1024,cpu,4,0.14214491844177246,8.675837307237089e-06,test_field
jax,16,64,16,1024,gpu,0,0.12393069267272949,7.564129191450775e-06,test_field
jax,16,64,16,1024,gpu,1,0.12267422676086426,7.487440598197281e-06,test_field
jax,16,64,16,1024,gpu,2,0.12031388282775879,7.3433766374364495e-06,test_field
jax,16,64,16,1024,gpu,3,0.12474966049194336,7.614115020260215e-06,test_field
jax,16,64,16,1024,gpu,4,0.1158292293548584,7.069655111990869e-06,test_field
torch,16,64,16,1024,cpu,0,0.2272357940673828,1.3869372196495533e-05,test_field
torch,16,64,16,1024,cpu,1,0.2501215934753418,1.5266210539266467e-05,test_field
torch,16,64,16,1024,cpu,2,0.24518156051635742,1.4964694855734706e-05,test_field
torch,16,64,16,1024,cpu,3,0.23992562294006348,1.4643897884525359e-05,test_field
torch,16,64,16,1024,cpu,4,0.2317490577697754,1.4144839951768517e-05,test_field
torch,16,64,16,1024,gpu,0,0.3050215244293213,1.8617036403156817e-05,test_field
torch,16,64,16,1024,gpu,1,0.37412285804748535,2.283464709762484e-05,test_field
torch,16,64,16,1024,gpu,2,0.30133795738220215,1.839220931287855e-05,test_field
torch,16,64,16,1024,gpu,3,0.29618072509765625,1.8077436834573746e-05,test_field
torch,16,64,16,1024,gpu,4,0.3152906894683838,1.9243816495873034e-05,test_field
gt4py,16,64,16,1024,cpu,0,0.2685205936431885,1.6389196389354765e-05,test_field
gt4py,16,64,16,1024,cpu,1,0.26960277557373047,1.6455247532576323e-05,test_field
gt4py,16,64,16,1024,cpu,2,0.2721431255340576,1.661029818933457e-05,test_field
gt4py,16,64,16,1024,cpu,3,0.27345967292785645,1.6690653865225613e-05,test_field
gt4py,16,64,16,1024,cpu,4,0.2732388973236084,1.6677178791724145e-05,test_field
cupy,16,64,16,1024,gpu,0,0.2525753974914551,1.541597885079682e-05,test_field
cupy,16,64,16,1024,gpu,1,0.24687647819519043,1.5068144421093166e-05,test_field
cupy,16,64,16,1024,gpu,2,0.24099159240722656,1.4708959497511387e-05,test_field
cupy,16,64,16,1024,gpu,3,0.2447521686553955,1.4938486856408417e-05,test_field
cupy,16,64,16,1024,gpu,4,0.22249293327331543,1.3579890946857631e-05,test_field
numpy,16,64,16,1024,cpu,0,0.163832426071167,9.999537724070251e-06,test_field
numpy,16,64,16,1024,cpu,1,0.16211295127868652,9.89458931144327e-06,test_field
numpy,16,64,16,1024,cpu,2,0.1597583293914795,9.750874596647918e-06,test_field
numpy,16,64,16,1024,cpu,3,0.17158174514770508,1.0472518624737859e-05,test_field
numpy,16,64,16,1024,cpu,4,0.16575193405151367,1.0116695193573833e-05,test_field
fortran,16,64,16,1024,cpu,0,0.018110746,1.1053922119140625e-06,test_field
fortran,16,64,16,1024,cpu,1,0.018016957,1.0996677856445313e-06,test_field
fortran,16,64,16,1024,cpu,2,0.018003997,1.0988767700195313e-06,test_field
fortran,16,64,16,1024,cpu,3,0.018198008,1.11071826171875e-06,test_field
fortran,16,64,16,1024,cpu,4,0.018242678,1.1134447021484374e-06,test_field
numba,16,64,32,1024,cpu,0,0.12646937370300293,3.8595389924012125e-06,test_field
numba,16,64,32,1024,cpu,1,0.13565683364868164,4.139918019063771e-06,test_field
numba,16,64,32,1024,cpu,2,0.11900854110717773,3.6318524507805705e-06,test_field
numba,16,64,32,1024,cpu,3,0.1146090030670166,3.4975892049260437e-06,test_field
numba,16,64,32,1024,cpu,4,0.11663818359375,3.559514880180359e-06,test_field
jax,16,64,32,1024,cpu,0,0.17060160636901855,5.206347850617021e-06,test_field
jax,16,64,32,1024,cpu,1,0.1670241355895996,5.097172106616199e-06,test_field
jax,16,64,32,1024,cpu,2,0.17020153999328613,5.1941387937404215e-06,test_field
jax,16,64,32,1024,cpu,3,0.17194294929504395,5.247282388154417e-06,test_field
jax,16,64,32,1024,cpu,4,0.17017555236816406,5.1933457143604755e-06,test_field
jax,16,64,32,1024,gpu,0,0.11552166938781738,3.525441570673138e-06,test_field
jax,16,64,32,1024,gpu,1,0.12097477912902832,3.6918572732247412e-06,test_field
jax,16,64,32,1024,gpu,2,0.12360763549804688,3.772205673158169e-06,test_field
jax,16,64,32,1024,gpu,3,0.11911654472351074,3.6351484595797956e-06,test_field
jax,16,64,32,1024,gpu,4,0.12125420570373535,3.700384695548564e-06,test_field
torch,16,64,32,1024,cpu,0,0.38300251960754395,1.1688309314195067e-05,test_field
torch,16,64,32,1024,cpu,1,0.3905675411224365,1.1919175449293107e-05,test_field
torch,16,64,32,1024,cpu,2,0.39656734466552734,1.2102274922654033e-05,test_field
torch,16,64,32,1024,cpu,3,0.3802504539489746,1.1604322935454547e-05,test_field
torch,16,64,32,1024,cpu,4,0.37888526916503906,1.1562660802155733e-05,test_field
torch,16,64,32,1024,gpu,0,0.33145785331726074,1.0115290933754295e-05,test_field
torch,16,64,32,1024,gpu,1,0.361936092376709,1.1045412975363433e-05,test_field
torch,16,64,32,1024,gpu,2,0.3859705924987793,1.1778887710534036e-05,test_field
torch,16,64,32,1024,gpu,3,0.3189418315887451,9.733332262840122e-06,test_field
torch,16,64,32,1024,gpu,4,0.2613999843597412,7.97729444457218e-06,test_field
gt4py,16,64,32,1024,cpu,0,0.36065196990966797,1.1006224667653441e-05,test_field
gt4py,16,64,32,1024,cpu,1,0.37631821632385254,1.148432056652382e-05,test_field
gt4py,16,64,32,1024,cpu,2,0.36839771270751953,1.1242605978623033e-05,test_field
gt4py,16,64,32,1024,cpu,3,0.3663918972015381,1.1181393347214907e-05,test_field
gt4py,16,64,32,1024,cpu,4,0.3686699867248535,1.125091512221843e-05,test_field
cupy,16,64,32,1024,gpu,0,0.2530074119567871,7.72117346059531e-06,test_field
cupy,16,64,32,1024,gpu,1,0.2486858367919922,7.589289452880621e-06,test_field
cupy,16,64,32,1024,gpu,2,0.2524700164794922,7.70477345213294e-06,test_field
cupy,16,64,32,1024,gpu,3,0.24047541618347168,7.338727300520986e-06,test_field
cupy,16,64,32,1024,gpu,4,0.24927425384521484,7.607246516272426e-06,test_field
numpy,16,64,32,1024,cpu,0,0.3637988567352295,1.1102260032203048e-05,test_field
numpy,16,64,32,1024,cpu,1,0.3721911907196045,1.1358373740222305e-05,test_field
numpy,16,64,32,1024,cpu,2,0.37406468391418457,1.1415548215154558e-05,test_field
numpy,16,64,32,1024,cpu,3,0.37500667572021484,1.1444295523688197e-05,test_field
numpy,16,64,32,1024,cpu,4,0.3692755699157715,1.1269396054558456e-05,test_field
fortran,16,64,32,1024,cpu,0,0.035528393,1.084240509033203e-06,test_field
fortran,16,64,32,1024,cpu,1,0.035507338,1.0835979614257812e-06,test_field
fortran,16,64,32,1024,cpu,2,0.0355434,1.084698486328125e-06,test_field
fortran,16,64,32,1024,cpu,3,0.036135927,1.1027809753417968e-06,test_field
fortran,16,64,32,1024,cpu,4,0.036415694,1.1113187866210937e-06,test_field
numba,16,64,64,1024,cpu,0,0.1218709945678711,1.8596037989482284e-06,test_field
numba,16,64,64,1024,cpu,1,0.1194148063659668,1.8221253412775695e-06,test_field
numba,16,64,64,1024,cpu,2,0.12153196334838867,1.854430593084544e-06,test_field
numba,16,64,64,1024,cpu,3,0.12230753898620605,1.8662649381440133e-06,test_field
numba,16,64,64,1024,cpu,4,0.12390780448913574,1.8906830518972129e-06,test_field
jax,16,64,64,1024,cpu,0,0.21285033226013184,3.2478383218403906e-06,test_field
jax,16,64,64,1024,cpu,1,0.21419978141784668,3.2684292818885297e-06,test_field
jax,16,64,64,1024,cpu,2,0.21358203887939453,3.259003278799355e-06,test_field
jax,16,64,64,1024,cpu,3,0.212385892868042,3.240751539124176e-06,test_field
jax,16,64,64,1024,cpu,4,0.21267366409301758,3.2451425795443356e-06,test_field
jax,16,64,64,1024,gpu,0,0.12007522583007812,1.8322025425732136e-06,test_field
jax,16,64,64,1024,gpu,1,0.12036657333374023,1.8366481526754797e-06,test_field
jax,16,64,64,1024,gpu,2,0.12054586410522461,1.8393839127384126e-06,test_field
jax,16,64,64,1024,gpu,3,0.11679863929748535,1.7822057998273522e-06,test_field
jax,16,64,64,1024,gpu,4,0.11882615089416504,1.81314317160286e-06,test_field
torch,16,64,64,1024,cpu,0,0.6249637603759766,9.536190191283822e-06,test_field
torch,16,64,64,1024,cpu,1,0.6507549285888672,9.929732186719775e-06,test_field
torch,16,64,64,1024,cpu,2,0.6393449306488037,9.755629434948787e-06,test_field
torch,16,64,64,1024,cpu,3,0.6276814937591553,9.57765951170586e-06,test_field
torch,16,64,64,1024,cpu,4,0.6565530300140381,1.0018204193329439e-05,test_field
torch,16,64,64,1024,gpu,0,0.31792783737182617,4.8511938075535e-06,test_field
torch,16,64,64,1024,gpu,1,0.3653736114501953,5.575158866122365e-06,test_field
torch,16,64,64,1024,gpu,2,0.25432586669921875,3.880704753100872e-06,test_field
torch,16,64,64,1024,gpu,3,0.36626410484313965,5.5887467169668525e-06,test_field
torch,16,64,64,1024,gpu,4,0.3817253112792969,5.824666004627943e-06,test_field
gt4py,16,64,64,1024,cpu,0,0.539940357208252,8.238836016971618e-06,test_field
gt4py,16,64,64,1024,cpu,1,0.5380337238311768,8.209743100451306e-06,test_field
gt4py,16,64,64,1024,cpu,2,0.5299301147460938,8.086091838777065e-06,test_field
gt4py,16,64,64,1024,cpu,3,0.5398464202880859,8.237402653321624e-06,test_field
gt4py,16,64,64,1024,cpu,4,0.5343883037567139,8.154118404490873e-06,test_field
cupy,16,64,64,1024,gpu,0,0.24292993545532227,3.7068166420795023e-06,test_field
cupy,16,64,64,1024,gpu,1,0.2534971237182617,3.868059138767421e-06,test_field
cupy,16,64,64,1024,gpu,2,0.2567455768585205,3.917626600014046e-06,test_field
cupy,16,64,64,1024,gpu,3,0.25656652450561523,3.91489447792992e-06,test_field
cupy,16,64,64,1024,gpu,4,0.2465810775756836,3.762528649531305e-06,test_field
numpy,16,64,64,1024,cpu,0,0.6838176250457764,1.0434228897793218e-05,test_field
numpy,16,64,64,1024,cpu,1,0.697465181350708,1.0642474080668762e-05,test_field
numpy,16,64,64,1024,cpu,2,0.6979103088378906,1.0649266187101603e-05,test_field
numpy,16,64,64,1024,cpu,3,0.6779744625091553,1.0345069313189015e-05,test_field
numpy,16,64,64,1024,cpu,4,0.7050070762634277,1.0757554264273494e-05,test_field
fortran,16,64,64,1024,cpu,0,0.070973877,1.0829754180908204e-06,test_field
fortran,16,64,64,1024,cpu,1,0.07107605,1.0845344543457032e-06,test_field
fortran,16,64,64,1024,cpu,2,0.07105877,1.084270782470703e-06,test_field
fortran,16,64,64,1024,cpu,3,0.071106449,1.084998306274414e-06,test_field
fortran,16,64,64,1024,cpu,4,0.071116529,1.085152114868164e-06,test_field
numba,16,128,16,1024,cpu,0,0.11687612533569336,3.566776285879314e-06,test_field
numba,16,128,16,1024,cpu,1,0.1198582649230957,3.6577839637175202e-06,test_field
numba,16,128,16,1024,cpu,2,0.11628007888793945,3.5485863918438554e-06,test_field
numba,16,128,16,1024,cpu,3,0.11663031578063965,3.559274773579091e-06,test_field
numba,16,128,16,1024,cpu,4,0.11591958999633789,3.53758514393121e-06,test_field
jax,16,128,16,1024,cpu,0,0.1716301441192627,5.237736331764609e-06,test_field
jax,16,128,16,1024,cpu,1,0.16842246055603027,5.139845598023385e-06,test_field
jax,16,128,16,1024,cpu,2,0.16993927955627441,5.18613524036482e-06,test_field
jax,16,128,16,1024,cpu,3,0.16721653938293457,5.103043804410845e-06,test_field
jax,16,128,16,1024,cpu,4,0.16963672637939453,5.176902050152421e-06,test_field
jax,16,128,16,1024,gpu,0,0.12047457695007324,3.6765923141501844e-06,test_field
jax,16,128,16,1024,gpu,1,0.12015223503112793,3.6667552194558084e-06,test_field
jax,16,128,16,1024,gpu,2,0.1193079948425293,3.640991053543985e-06,test_field
jax,16,128,16,1024,gpu,3,0.12015151977539062,3.666733391582966e-06,test_field
jax,16,128,16,1024,gpu,4,0.11575984954833984,3.532710252329707e-06,test_field
torch,16,128,16,1024,cpu,0,0.38979601860046387,1.189563045045361e-05,test_field
torch,16,128,16,1024,cpu,1,0.3923981189727783,1.1975040251854807e-05,test_field
torch,16,128,16,1024,cpu,2,0.4122631549835205,1.258127304026857e-05,test_field
torch,16,128,16,1024,cpu,3,0.3819735050201416,1.1656906281132251e-05,test_field
torch,16,128,16,1024,cpu,4,0.3872811794281006,1.1818883649539202e-05,test_field
torch,16,128,16,1024,gpu,0,0.35491943359375,1.0831281542778015e-05,test_field
torch,16,128,16,1024,gpu,1,0.37475037574768066,1.143647386925295e-05,test_field
torch,16,128,16,1024,gpu,2,0.2649247646331787,8.084862201940268e-06,test_field
torch,16,128,16,1024,gpu,3,0.29355406761169434,8.958559192251414e-06,test_field
torch,16,128,16,1024,gpu,4,0.3554859161376953,1.0848569218069315e-05,test_field
gt4py,16,128,16,1024,cpu,0,0.3598332405090332,1.0981239029206336e-05,test_field
gt4py,16,128,16,1024,cpu,1,0.3721277713775635,1.1356438335496932e-05,test_field
gt4py,16,128,16,1024,cpu,2,0.3652522563934326,1.114661426981911e-05,test_field
gt4py,16,128,16,1024,cpu,3,0.3625004291534424,1.1062635167036206e-05,test_field
gt4py,16,128,16,1024,cpu,4,0.37229156494140625,1.1361436918377876e-05,test_field
cupy,16,128,16,1024,gpu,0,0.24219226837158203,7.391121471300721e-06,test_field
cupy,16,128,16,1024,gpu,1,0.2597663402557373,7.927439582999796e-06,test_field
cupy,16,128,16,1024,gpu,2,0.24761605262756348,7.55664223106578e-06,test_field
cupy,16,128,16,1024,gpu,3,0.2579653263092041,7.872476999182254e-06,test_field
cupy,16,128,16,1024,gpu,4,0.2516336441040039,7.679249392822385e-06,test_field
numpy,16,128,16,1024,cpu,0,0.35945606231689453,1.0969728464260697e-05,test_field
numpy,16,128,16,1024,cpu,1,0.3588862419128418,1.0952338925562799e-05,test_field
numpy,16,128,16,1024,cpu,2,0.35113525390625,1.0715797543525696e-05,test_field
numpy,16,128,16,1024,cpu,3,0.3634040355682373,1.109021104639396e-05,test_field
numpy,16,128,16,1024,cpu,4,0.347217321395874,1.059623173205182e-05,test_field
fortran,16,128,16,1024,cpu,0,0.03557252,1.085587158203125e-06,test_field
fortran,16,128,16,1024,cpu,1,0.035526058,1.0841692504882812e-06,test_field
fortran,16,128,16,1024,cpu,2,0.035475082,1.0826135864257812e-06,test_field
fortran,16,128,16,1024,cpu,3,0.035528073,1.0842307434082031e-06,test_field
fortran,16,128,16,1024,cpu,4,0.035553449,1.0850051574707032e-06,test_field
numba,16,128,32,1024,cpu,0,0.1171872615814209,1.7881357052829117e-06,test_field
numba,16,128,32,1024,cpu,1,0.1195528507232666,1.8242317310068756e-06,test_field
numba,16,128,32,1024,cpu,2,0.12376761436462402,1.888543920358643e-06,test_field
numba,16,128,32,1024,cpu,3,0.12124085426330566,1.849988620961085e-06,test_field
numba,16,128,32,1024,cpu,4,0.12216567993164062,1.8641003407537937e-06,test_field
jax,16,128,32,1024,cpu,0,0.21386957168579102,3.2633906812407076e-06,test_field
jax,16,128,32,1024,cpu,1,0.21278643608093262,3.24686334352009e-06,test_field
jax,16,128,32,1024,cpu,2,0.2177107334136963,3.3220021578017622e-06,test_field
jax,16,128,32,1024,cpu,3,0.21121788024902344,3.2229290809482336e-06,test_field
jax,16,128,32,1024,cpu,4,0.2109363079071045,3.2186326279770583e-06,test_field
jax,16,128,32,1024,gpu,0,0.12079739570617676,1.8432219803798944e-06,test_field
jax,16,128,32,1024,gpu,1,0.1177210807800293,1.79628113983199e-06,test_field
jax,16,128,32,1024,gpu,2,0.11784100532531738,1.7981110431719571e-06,test_field
jax,16,128,32,1024,gpu,3,0.11657285690307617,1.7787606338970363e-06,test_field
jax,16,128,32,1024,gpu,4,0.12126541137695312,1.8503633327782154e-06,test_field
torch,16,128,32,1024,cpu,0,0.5782411098480225,8.823259122436866e-06,test_field
torch,16,128,32,1024,cpu,1,0.5892448425292969,8.99116275832057e-06,test_field
torch,16,128,32,1024,cpu,2,0.6036121845245361,9.210390999214724e-06,test_field
torch,16,128,32,1024,cpu,3,0.6305363178253174,9.621220669941977e-06,test_field
torch,16,128,32,1024,cpu,4,0.599740743637085,9.151317499345168e-06,test_field
torch,16,128,32,1024,gpu,0,0.3701045513153076,5.647347279591486e-06,test_field
torch,16,128,32,1024,gpu,1,0.31171226501464844,4.756351700052619e-06,test_field
torch,16,128,32,1024,gpu,2,0.37265443801879883,5.686255462933332e-06,test_field
torch,16,128,32,1024,gpu,3,0.31988000869750977,4.880981578025967e-06,test_field
torch,16,128,32,1024,gpu,4,0.3160879611968994,4.823119525099173e-06,test_field
gt4py,16,128,32,1024,cpu,0,0.5350692272186279,8.164508471963927e-06,test_field
gt4py,16,128,32,1024,cpu,1,0.5364933013916016,8.186238119378686e-06,test_field
gt4py,16,128,32,1024,cpu,2,0.5450494289398193,8.316794264828786e-06,test_field
gt4py,16,128,32,1024,cpu,3,0.5349133014678955,8.16212923382409e-06,test_field
gt4py,16,128,32,1024,cpu,4,0.528205156326294,8.059771062107757e-06,test_field
cupy,16,128,32,1024,gpu,0,0.25628113746643066,3.910539817297831e-06,test_field
cupy,16,128,32,1024,gpu,1,0.25609326362609863,3.907673089997843e-06,test_field
cupy,16,128,32,1024,gpu,2,0.25294065475463867,3.859568096231669e-06,test_field
cupy,16,128,32,1024,gpu,3,0.24244475364685059,3.6994133552070707e-06,test_field
cupy,16,128,32,1024,gpu,4,0.2497389316558838,3.8107136788312346e-06,test_field
numpy,16,128,32,1024,cpu,0,0.6616795063018799,1.0096428013639525e-05,test_field
numpy,16,128,32,1024,cpu,1,0.6419978141784668,9.796109225135297e-06,test_field
numpy,16,128,32,1024,cpu,2,0.6459319591522217,9.856139513431117e-06,test_field
numpy,16,128,32,1024,cpu,3,0.640247106552124,9.769395546754822e-06,test_field
numpy,16,128,32,1024,cpu,4,0.6513566970825195,9.938914445228875e-06,test_field
fortran,16,128,32,1024,cpu,0,0.06901964,1.0531561279296874e-06,test_field
fortran,16,128,32,1024,cpu,1,0.069131316,1.0548601684570312e-06,test_field
fortran,16,128,32,1024,cpu,2,0.07067655,1.0784385681152344e-06,test_field
fortran,16,128,32,1024,cpu,3,0.070540298,1.0763595275878906e-06,test_field
fortran,16,128,32,1024,cpu,4,0.070427374,1.0746364440917969e-06,test_field
numba,16,128,64,1024,cpu,0,0.1271805763244629,9.703107934910804e-07,test_field
numba,16,128,64,1024,cpu,1,0.12824487686157227,9.784307621885091e-07,test_field
numba,16,128,64,1024,cpu,2,0.12862420082092285,9.813247743295506e-07,test_field
numba,16,128,64,1024,cpu,3,0.1262516975402832,9.632240107748657e-07,test_field
numba,16,128,64,1024,cpu,4,0.12459135055541992,9.505565685685724e-07,test_field
jax,16,128,64,1024,cpu,0,0.31713008880615234,2.4195105652324855e-06,test_field
jax,16,128,64,1024,cpu,1,0.31528592109680176,2.4054406821960583e-06,test_field
jax,16,128,64,1024,cpu,2,0.3146944046020508,2.400927769485861e-06,test_field
jax,16,128,64,1024,cpu,3,0.3177297115325928,2.4240853235824034e-06,test_field
jax,16,128,64,1024,cpu,4,0.31687402725219727,2.4175569706130773e-06,test_field
jax,16,128,64,1024,gpu,0,0.11733031272888184,8.951592462835833e-07,test_field
jax,16,128,64,1024,gpu,1,0.11713457107543945,8.936658559832722e-07,test_field
jax,16,128,64,1024,gpu,2,0.12002754211425781,9.157374734058976e-07,test_field
jax,16,128,64,1024,gpu,3,0.11565256118774414,8.823590178508312e-07,test_field
jax,16,128,64,1024,gpu,4,0.11194324493408203,8.540591807104647e-07,test_field
torch,16,128,64,1024,cpu,0,1.060215950012207,8.088805770967156e-06,test_field
torch,16,128,64,1024,cpu,1,1.1182844638824463,8.531833373126574e-06,test_field
torch,16,128,64,1024,cpu,2,1.0666265487670898,8.137714758049697e-06,test_field
torch,16,128,64,1024,cpu,3,1.0885939598083496,8.305312803713605e-06,test_field
torch,16,128,64,1024,cpu,4,1.0780003070831299,8.224489647545852e-06,test_field
torch,16,128,64,1024,gpu,0,0.3706843852996826,2.8280974220251665e-06,test_field
torch,16,128,64,1024,gpu,1,0.25621986389160156,1.9548024283722043e-06,test_field
torch,16,128,64,1024,gpu,2,0.3478882312774658,2.654176569194533e-06,test_field
torch,16,128,64,1024,gpu,3,0.3738992214202881,2.8526246751425788e-06,test_field
torch,16,128,64,1024,gpu,4,0.33719968795776367,2.5726294552441686e-06,test_field
gt4py,16,128,64,1024,cpu,0,0.8693351745605469,6.6325010266155005e-06,test_field
gt4py,16,128,64,1024,cpu,1,0.8830170631408691,6.736885552527383e-06,test_field
gt4py,16,128,64,1024,cpu,2,0.8593442440032959,6.556276275659911e-06,test_field
gt4py,16,128,64,1024,cpu,3,0.8742668628692627,6.6701268224278465e-06,test_field
gt4py,16,128,64,1024,cpu,4,0.8723578453063965,6.655562174273655e-06,test_field
cupy,16,128,64,1024,gpu,0,0.2192080020904541,1.672424332355149e-06,test_field
cupy,16,128,64,1024,gpu,1,0.2543368339538574,1.940436050062999e-06,test_field
cupy,16,128,64,1024,gpu,2,0.23957014083862305,1.827775122364983e-06,test_field
cupy,16,128,64,1024,gpu,3,0.24325871467590332,1.855916707427241e-06,test_field
cupy,16,128,64,1024,gpu,4,0.2340087890625,1.7853453755378723e-06,test_field
numpy,16,128,64,1024,cpu,0,1.243643045425415,9.488243449595757e-06,test_field
numpy,16,128,64,1024,cpu,1,1.2808780670166016,9.772324119694531e-06,test_field
numpy,16,128,64,1024,cpu,2,1.276134967803955,9.73613714450039e-06,test_field
numpy,16,128,64,1024,cpu,3,1.2759878635406494,9.735014828038402e-06,test_field
numpy,16,128,64,1024,cpu,4,1.2722773551940918,9.706705895951018e-06,test_field
fortran,16,128,64,1024,cpu,0,0.138030956,1.0530926208496095e-06,test_field
fortran,16,128,64,1024,cpu,1,0.138992207,1.060426383972168e-06,test_field
fortran,16,128,64,1024,cpu,2,0.138817939,1.059096824645996e-06,test_field
fortran,16,128,64,1024,cpu,3,0.137935247,1.052362419128418e-06,test_field
fortran,16,128,64,1024,cpu,4,0.141372166,1.0785840301513671e-06,test_field
numba,16,256,16,1024,cpu,0,0.12618136405944824,1.9253748178016394e-06,test_field
numba,16,256,16,1024,cpu,1,0.12509608268737793,1.908814738271758e-06,test_field
numba,16,256,16,1024,cpu,2,0.124298095703125,1.896638423204422e-06,test_field
numba,16,256,16,1024,cpu,3,0.12612009048461914,1.924439857248217e-06,test_field
numba,16,256,16,1024,cpu,4,0.12906956672668457,1.9694452930707484e-06,test_field
jax,16,256,16,1024,cpu,0,0.21355485916137695,3.2585885492153466e-06,test_field
jax,16,256,16,1024,cpu,1,0.21229887008666992,3.2394236768595874e-06,test_field
jax,16,256,16,1024,cpu,2,0.2149651050567627,3.280107193859294e-06,test_field
jax,16,256,16,1024,cpu,3,0.21295881271362305,3.2494936021976173e-06,test_field
jax,16,256,16,1024,cpu,4,0.21678614616394043,3.3078940759878606e-06,test_field
jax,16,256,16,1024,gpu,0,0.12213659286499023,1.8636565073393285e-06,test_field
jax,16,256,16,1024,gpu,1,0.1201176643371582,1.832850102800876e-06,test_field
jax,16,256,16,1024,gpu,2,0.1212763786315918,1.8505306798033416e-06,test_field
jax,16,256,16,1024,gpu,3,0.11889362335205078,1.814172719605267e-06,test_field
jax,16,256,16,1024,gpu,4,0.11566543579101562,1.7649144865572453e-06,test_field
torch,16,256,16,1024,cpu,0,0.5787127017974854,8.830455044517294e-06,test_field
torch,16,256,16,1024,cpu,1,0.5693161487579346,8.687075023772195e-06,test_field
torch,16,256,16,1024,cpu,2,0.5748453140258789,8.771443390287459e-06,test_field
torch,16,256,16,1024,cpu,3,0.5856409072875977,8.936171070672572e-06,test_field
torch,16,256,16,1024,cpu,4,0.5781843662261963,8.822393283480778e-06,test_field
torch,16,256,16,1024,gpu,0,0.26163315773010254,3.992205165559426e-06,test_field
torch,16,256,16,1024,gpu,1,0.3782949447631836,5.7723227655515075e-06,test_field
torch,16,256,16,1024,gpu,2,0.30788707733154297,4.6979839680716395e-06,test_field
torch,16,256,16,1024,gpu,3,0.36299753189086914,5.538902769330889e-06,test_field
torch,16,256,16,1024,gpu,4,0.37866759300231934,5.778008926426992e-06,test_field
gt4py,16,256,16,1024,cpu,0,0.5294029712677002,8.078048267634585e-06,test_field
gt4py,16,256,16,1024,cpu,1,0.5326535701751709,8.127648470690474e-06,test_field
gt4py,16,256,16,1024,cpu,2,0.5248355865478516,8.00835550762713e-06,test_field
gt4py,16,256,16,1024,cpu,3,0.5349724292755127,8.163031452568248e-06,test_field
gt4py,16,256,16,1024,cpu,4,0.5319054126739502,8.11623249319382e-06,test_field
cupy,16,256,16,1024,gpu,0,0.21892595291137695,3.3405449357815087e-06,test_field
cupy,16,256,16,1024,gpu,1,0.25295090675354004,3.859724529320374e-06,test_field
cupy,16,256,16,1024,gpu,2,0.2510244846343994,3.830329660559073e-06,test_field
cupy,16,256,16,1024,gpu,3,0.21685409545898438,3.3089308999478817e-06,test_field
cupy,16,256,16,1024,gpu,4,0.24665284156799316,3.7636236811522394e-06,test_field
numpy,16,256,16,1024,cpu,0,0.6512560844421387,9.937379218172282e-06,test_field
numpy,16,256,16,1024,cpu,1,0.6368229389190674,9.717146895127371e-06,test_field
numpy,16,256,16,1024,cpu,2,0.625591516494751,9.545768989482895e-06,test_field
numpy,16,256,16,1024,cpu,3,0.6292436122894287,9.601495548849925e-06,test_field
numpy,16,256,16,1024,cpu,4,0.6294422149658203,9.604525985196233e-06,test_field
fortran,16,256,16,1024,cpu,0,0.070176946,1.0708152160644532e-06,test_field
fortran,16,256,16,1024,cpu,1,0.069956793,1.0674559478759766e-06,test_field
fortran,16,256,16,1024,cpu,2,0.070044246,1.0687903747558594e-06,test_field
fortran,16,256,16,1024,cpu,3,0.068165647,1.0401252288818359e-06,test_field
fortran,16,256,16,1024,cpu,4,0.068352778,1.0429806213378907e-06,test_field
numba,16,256,32,1024,cpu,0,0.13220477104187012,1.0086423571920022e-06,test_field
numba,16,256,32,1024,cpu,1,0.13055086135864258,9.960240276996046e-07,test_field
numba,16,256,32,1024,cpu,2,0.12921357154846191,9.85821316135116e-07,test_field
numba,16,256,32,1024,cpu,3,0.13020586967468262,9.933919500326738e-07,test_field
numba,16,256,32,1024,cpu,4,0.12924838066101074,9.860868885880336e-07,test_field
jax,16,256,32,1024,cpu,0,0.3126955032348633,2.3856773623265326e-06,test_field
jax,16,256,32,1024,cpu,1,0.3090171813964844,2.357613993808627e-06,test_field
jax,16,256,32,1024,cpu,2,0.312086820602417,2.38103348237928e-06,test_field
jax,16,256,32,1024,cpu,3,0.31591057777404785,2.4102064344333485e-06,test_field
jax,16,256,32,1024,cpu,4,0.313737154006958,2.3936245270306244e-06,test_field
jax,16,256,32,1024,gpu,0,0.11237716674804688,8.573697414249182e-07,test_field
jax,16,256,32,1024,gpu,1,0.11319684982299805,8.636234269943088e-07,test_field
jax,16,256,32,1024,gpu,2,0.11098432540893555,8.467432053294033e-07,test_field
jax,16,256,32,1024,gpu,3,0.1194767951965332,9.115356078837067e-07,test_field
jax,16,256,32,1024,gpu,4,0.11257648468017578,8.588904165662825e-07,test_field
torch,16,256,32,1024,cpu,0,1.0350167751312256,7.896551323938183e-06,test_field
torch,16,256,32,1024,cpu,1,1.0448408126831055,7.97150278231129e-06,test_field
torch,16,256,32,1024,cpu,2,1.0257291793823242,7.825692591723055e-06,test_field
torch,16,256,32,1024,cpu,3,1.0879745483398438,8.300587069243193e-06,test_field
torch,16,256,32,1024,cpu,4,1.0456452369689941,7.977640052558854e-06,test_field
torch,16,256,32,1024,gpu,0,0.30604076385498047,2.3349057300947607e-06,test_field
torch,16,256,32,1024,gpu,1,0.3382914066314697,2.580958607723005e-06,test_field
torch,16,256,32,1024,gpu,2,0.3860793113708496,2.945551386801526e-06,test_field
torch,16,256,32,1024,gpu,3,0.386521577835083,2.9489256121451035e-06,test_field
torch,16,256,32,1024,gpu,4,0.37339091300964355,2.848746589734219e-06,test_field
gt4py,16,256,32,1024,cpu,0,0.8660533428192139,6.607462637475692e-06,test_field
gt4py,16,256,32,1024,cpu,1,0.8687598705291748,6.628111805184744e-06,test_field
gt4py,16,256,32,1024,cpu,2,0.8774657249450684,6.694532203255221e-06,test_field
gt4py,16,256,32,1024,cpu,3,0.8649671077728271,6.599175321753137e-06,test_field
gt4py,16,256,32,1024,cpu,4,0.8534290790557861,6.511147148557939e-06,test_field
cupy,16,256,32,1024,gpu,0,0.24372267723083496,1.8594564608065411e-06,test_field
cupy,16,256,32,1024,gpu,1,0.2329883575439453,1.777560100890696e-06,test_field
cupy,16,256,32,1024,gpu,2,0.2610781192779541,1.9918679754482582e-06,test_field
cupy,16,256,32,1024,gpu,3,0.23632144927978516,1.8029895727522671e-06,test_field
cupy,16,256,32,1024,gpu,4,0.24985504150390625,1.9062426872551441e-06,test_field
numpy,16,256,32,1024,cpu,0,1.236196756362915,9.431432772544213e-06,test_field
numpy,16,256,32,1024,cpu,1,1.2121686935424805,9.248113201465458e-06,test_field
numpy,16,256,32,1024,cpu,2,1.2146623134613037,9.267138011637144e-06,test_field
numpy,16,256,32,1024,cpu,3,1.2108123302459717,9.237764970748685e-06,test_field
numpy,16,256,32,1024,cpu,4,1.209183931350708,9.225341273122467e-06,test_field
fortran,16,256,32,1024,cpu,0,0.136614803,1.0422882308959961e-06,test_field
fortran,16,256,32,1024,cpu,1,0.141767735,1.0816019821166993e-06,test_field
fortran,16,256,32,1024,cpu,2,0.136866219,1.044206382751465e-06,test_field
fortran,16,256,32,1024,cpu,3,0.141387138,1.078698257446289e-06,test_field
fortran,16,256,32,1024,cpu,4,0.140639416,1.0729935913085937e-06,test_field
numba,16,256,64,1024,cpu,0,0.1423027515411377,5.428419171948917e-07,test_field
numba,16,256,64,1024,cpu,1,0.14713835716247559,5.612882887362503e-07,test_field
numba,16,256,64,1024,cpu,2,0.139082670211792,5.305582817527466e-07,test_field
numba,16,256,64,1024,cpu,3,0.14681601524353027,5.600586518994533e-07,test_field
numba,16,256,64,1024,cpu,4,0.14206147193908691,5.419215085566975e-07,test_field
jax,16,256,64,1024,cpu,0,0.5534687042236328,2.111315552610904e-06,test_field
jax,16,256,64,1024,cpu,1,0.5501055717468262,2.098486220347695e-06,test_field
jax,16,256,64,1024,cpu,2,0.547234296798706,2.0875331756542437e-06,test_field
jax,16,256,64,1024,cpu,3,0.5574712753295898,2.126584149664268e-06,test_field
jax,16,256,64,1024,cpu,4,0.5488908290863037,2.093852344842162e-06,test_field
jax,16,256,64,1024,gpu,0,0.12949872016906738,4.939984137308784e-07,test_field
jax,16,256,64,1024,gpu,1,0.1323986053466797,5.050605977885425e-07,test_field
jax,16,256,64,1024,gpu,2,0.13231801986694336,5.047531885793433e-07,test_field
jax,16,256,64,1024,gpu,3,0.1299891471862793,4.958692443324253e-07,test_field
jax,16,256,64,1024,gpu,4,0.12944602966308594,4.937974154017866e-07,test_field
torch,16,256,64,1024,cpu,0,1.98152494430542,7.558917786809616e-06,test_field
torch,16,256,64,1024,cpu,1,2.0014681816101074,7.634995199623518e-06,test_field
torch,16,256,64,1024,cpu,2,1.995948314666748,7.613938578288071e-06,test_field
torch,16,256,64,1024,cpu,3,1.9490292072296143,7.434956387442071e-06,test_field
torch,16,256,64,1024,cpu,4,2.008657455444336,7.662420102860779e-06,test_field
torch,16,256,64,1024,gpu,0,0.29541993141174316,1.1269376045675017e-06,test_field
torch,16,256,64,1024,gpu,1,0.3066108226776123,1.1696274668793194e-06,test_field
torch,16,256,64,1024,gpu,2,0.32987141609191895,1.2583595889736898e-06,test_field
torch,16,256,64,1024,gpu,3,0.3270900249481201,1.2477494237828068e-06,test_field
torch,16,256,64,1024,gpu,4,0.36420679092407227,1.3893386494601145e-06,test_field
gt4py,16,256,64,1024,cpu,0,1.5486154556274414,5.907499144086614e-06,test_field
gt4py,16,256,64,1024,cpu,1,1.5378308296203613,5.866359060746618e-06,test_field
gt4py,16,256,64,1024,cpu,2,1.5479893684387207,5.9051108109997585e-06,test_field
gt4py,16,256,64,1024,cpu,3,1.5395495891571045,5.872915608051699e-06,test_field
gt4py,16,256,64,1024,cpu,4,1.5365688800811768,5.8615451052901335e-06,test_field
cupy,16,256,64,1024,gpu,0,0.23948907852172852,9.135783329838887e-07,test_field
cupy,16,256,64,1024,gpu,1,0.2310953140258789,8.81558662513271e-07,test_field
cupy,16,256,64,1024,gpu,2,0.2525155544281006,9.632703950046562e-07,test_field
cupy,16,256,64,1024,gpu,3,0.2626950740814209,1.0021021807915531e-06,test_field
cupy,16,256,64,1024,gpu,4,0.2604794502258301,9.936502465279773e-07,test_field
numpy,16,256,64,1024,cpu,0,2.3851702213287354,9.098702321352903e-06,test_field
numpy,16,256,64,1024,cpu,1,2.440805435180664,9.310933819506317e-06,test_field
numpy,16,256,64,1024,cpu,2,2.4481594562530518,9.338987183582503e-06,test_field
numpy,16,256,64,1024,cpu,3,2.4249868392944336,9.250590665033087e-06,test_field
numpy,16,256,64,1024,cpu,4,2.4227750301361084,9.24215328268474e-06,test_field
fortran,16,256,64,1024,cpu,0,0.284810665,1.086466464996338e-06,test_field
fortran,16,256,64,1024,cpu,1,0.286151873,1.0915827674865723e-06,test_field
fortran,16,256,64,1024,cpu,2,0.286045796,1.0911781158447266e-06,test_field
fortran,16,256,64,1024,cpu,3,0.285506163,1.0891195793151855e-06,test_field
fortran,16,256,64,1024,cpu,4,0.287342172,1.0961233978271485e-06,test_field
numba,16,512,16,1024,cpu,0,0.14664030075073242,1.1187767086084932e-06,test_field
numba,16,512,16,1024,cpu,1,0.147291898727417,1.123748006648384e-06,test_field
numba,16,512,16,1024,cpu,2,0.14654064178466797,1.118016371037811e-06,test_field
numba,16,512,16,1024,cpu,3,0.1455073356628418,1.1101328709628433e-06,test_field
numba,16,512,16,1024,cpu,4,0.14530444145202637,1.1085849109804258e-06,test_field
jax,16,512,16,1024,cpu,0,0.3112518787384033,2.3746633814880624e-06,test_field
jax,16,512,16,1024,cpu,1,0.3129608631134033,2.387701897532679e-06,test_field
jax,16,512,16,1024,cpu,2,0.31663036346435547,2.4156979634426534e-06,test_field
jax,16,512,16,1024,cpu,3,0.3194613456726074,2.437296643620357e-06,test_field
jax,16,512,16,1024,cpu,4,0.310422420501709,2.3683351173531264e-06,test_field
jax,16,512,16,1024,gpu,0,0.11278009414672852,8.604438335169107e-07,test_field
jax,16,512,16,1024,gpu,1,0.11656403541564941,8.89313014340587e-07,test_field
jax,16,512,16,1024,gpu,2,0.11240100860595703,8.575516403652728e-07,test_field
jax,16,512,16,1024,gpu,3,0.11608362197875977,8.856477506924421e-07,test_field
jax,16,512,16,1024,gpu,4,0.11308884620666504,8.627994247945026e-07,test_field
torch,16,512,16,1024,cpu,0,1.0216388702392578,7.794486009515822e-06,test_field
torch,16,512,16,1024,cpu,1,1.0248115062713623,7.818691301508807e-06,test_field
torch,16,512,16,1024,cpu,2,1.0381219387054443,7.920241841929965e-06,test_field
torch,16,512,16,1024,cpu,3,1.026153564453125,7.828930392861366e-06,test_field
torch,16,512,16,1024,cpu,4,1.0431671142578125,7.958733476698399e-06,test_field
torch,16,512,16,1024,gpu,0,0.34582042694091797,2.6384004740975797e-06,test_field
torch,16,512,16,1024,gpu,1,0.36992406845092773,2.8222966648172587e-06,test_field
torch,16,512,16,1024,gpu,2,0.3335916996002197,2.545102688600309e-06,test_field
torch,16,512,16,1024,gpu,3,0.301546573638916,2.3006177798379213e-06,test_field
torch,16,512,16,1024,gpu,4,0.38494348526000977,2.9368857212830335e-06,test_field
gt4py,16,512,16,1024,cpu,0,0.8590214252471924,6.55381336400751e-06,test_field
gt4py,16,512,16,1024,cpu,1,0.8577709197998047,6.544272764585912e-06,test_field
gt4py,16,512,16,1024,cpu,2,0.8590285778045654,6.553867933689617e-06,test_field
gt4py,16,512,16,1024,cpu,3,0.8639497756958008,6.591413693968207e-06,test_field
gt4py,16,512,16,1024,cpu,4,0.8759505748748779,6.682972525595687e-06,test_field
cupy,16,512,16,1024,gpu,0,0.24454545974731445,1.865733793238178e-06,test_field
cupy,16,512,16,1024,gpu,1,0.24055051803588867,1.8352548067923635e-06,test_field
cupy,16,512,16,1024,gpu,2,0.2473602294921875,1.8872087821364403e-06,test_field
cupy,16,512,16,1024,gpu,3,0.2439720630645752,1.8613591237226501e-06,test_field
cupy,16,512,16,1024,gpu,4,0.2376697063446045,1.813275957829319e-06,test_field
numpy,16,512,16,1024,cpu,0,1.2029783725738525,9.177996616926976e-06,test_field
numpy,16,512,16,1024,cpu,1,1.2404563426971436,9.463930837227963e-06,test_field
numpy,16,512,16,1024,cpu,2,1.2234630584716797,9.334282367490232e-06,test_field
numpy,16,512,16,1024,cpu,3,1.2231018543243408,9.33152659854386e-06,test_field
numpy,16,512,16,1024,cpu,4,1.231031894683838,9.392028005095199e-06,test_field
fortran,16,512,16,1024,cpu,0,0.141186223,1.077165397644043e-06,test_field
fortran,16,512,16,1024,cpu,1,0.137526942,1.049247299194336e-06,test_field
fortran,16,512,16,1024,cpu,2,0.141053523,1.076152976989746e-06,test_field
fortran,16,512,16,1024,cpu,3,0.137239463,1.0470540084838868e-06,test_field
fortran,16,512,16,1024,cpu,4,0.141936984,1.0828932495117187e-06,test_field
numba,16,512,32,1024,cpu,0,0.15957331657409668,6.087238944019191e-07,test_field
numba,16,512,32,1024,cpu,1,0.17946934700012207,6.8462122726487e-07,test_field
numba,16,512,32,1024,cpu,2,0.1630842685699463,6.221171133802272e-07,test_field
numba,16,512,32,1024,cpu,3,0.15665721893310547,5.975998647045344e-07,test_field
numba,16,512,32,1024,cpu,4,0.17902159690856934,6.829131962149404e-07,test_field
jax,16,512,32,1024,cpu,0,0.5408847332000732,2.063311512756627e-06,test_field
jax,16,512,32,1024,cpu,1,0.5417249202728271,2.066516572085675e-06,test_field
jax,16,512,32,1024,cpu,2,0.5427191257476807,2.070309164992068e-06,test_field
jax,16,512,32,1024,cpu,3,0.5449533462524414,2.078832039842382e-06,test_field
jax,16,512,32,1024,cpu,4,0.5454747676849365,2.0808211047551595e-06,test_field
jax,16,512,32,1024,gpu,0,0.12413907051086426,4.7355297283502296e-07,test_field
jax,16,512,32,1024,gpu,1,0.12881207466125488,4.913790689897723e-07,test_field
jax,16,512,32,1024,gpu,2,0.1312856674194336,5.008150765206665e-07,test_field
jax,16,512,32,1024,gpu,3,0.12836098670959473,4.89658305014018e-07,test_field
jax,16,512,32,1024,gpu,4,0.12809967994689941,4.886614988208748e-07,test_field
torch,16,512,32,1024,cpu,0,1.920046091079712,7.324394573515747e-06,test_field
torch,16,512,32,1024,cpu,1,1.9167890548706055,7.311969966394827e-06,test_field
torch,16,512,32,1024,cpu,2,1.9498562812805176,7.438111424562521e-06,test_field
torch,16,512,32,1024,cpu,3,1.9427409172058105,7.41096846468281e-06,test_field
torch,16,512,32,1024,cpu,4,1.982048511505127,7.560915037174709e-06,test_field
torch,16,512,32,1024,gpu,0,0.3072221279144287,1.1719594112946652e-06,test_field
torch,16,512,32,1024,gpu,1,0.30548763275146484,1.1653428373392671e-06,test_field
torch,16,512,32,1024,gpu,2,0.3600773811340332,1.3735862012254074e-06,test_field
torch,16,512,32,1024,gpu,3,0.3753175735473633,1.4317229215521365e-06,test_field
torch,16,512,32,1024,gpu,4,0.32973361015319824,1.257833901036065e-06,test_field
gt4py,16,512,32,1024,cpu,0,1.5508332252502441,5.915959263802506e-06,test_field
gt4py,16,512,32,1024,cpu,1,1.5589489936828613,5.9469184634508565e-06,test_field
gt4py,16,512,32,1024,cpu,2,1.5525853633880615,5.922643140365835e-06,test_field
gt4py,16,512,32,1024,cpu,3,1.532932996749878,5.847675311088096e-06,test_field
gt4py,16,512,32,1024,cpu,4,1.5567047595977783,5.938357389823068e-06,test_field
cupy,16,512,32,1024,gpu,0,0.27373290061950684,1.0442081475048326e-06,test_field
cupy,16,512,32,1024,gpu,1,0.2651844024658203,1.0115982149727643e-06,test_field
cupy,16,512,32,1024,gpu,2,0.2476797103881836,9.448231139685959e-07,test_field
cupy,16,512,32,1024,gpu,3,0.261124849319458,9.961122486856766e-07,test_field
cupy,16,512,32,1024,gpu,4,0.2480785846710205,9.46344698604662e-07,test_field
numpy,16,512,32,1024,cpu,0,2.3848068714141846,9.097316251427401e-06,test_field
numpy,16,512,32,1024,cpu,1,2.375072717666626,9.060183401743416e-06,test_field
numpy,16,512,32,1024,cpu,2,2.364187479019165,9.018659511639271e-06,test_field
numpy,16,512,32,1024,cpu,3,2.352600336074829,8.974458069133107e-06,test_field
numpy,16,512,32,1024,cpu,4,2.3554420471191406,8.985298336483538e-06,test_field
fortran,16,512,32,1024,cpu,0,0.284777627,1.086340435028076e-06,test_field
fortran,16,512,32,1024,cpu,1,0.288149397,1.0992027168273925e-06,test_field
fortran,16,512,32,1024,cpu,2,0.291246327,1.1110165672302247e-06,test_field
fortran,16,512,32,1024,cpu,3,0.290533708,1.1082981414794922e-06,test_field
fortran,16,512,32,1024,cpu,4,0.290846467,1.1094912223815918e-06,test_field
numba,16,512,64,1024,cpu,0,0.172821044921875,3.2962998375296593e-07,test_field
numba,16,512,64,1024,cpu,1,0.17344903945922852,3.308277882752009e-07,test_field
numba,16,512,64,1024,cpu,2,0.17514419555664062,3.3406104194000363e-07,test_field
numba,16,512,64,1024,cpu,3,0.17382502555847168,3.3154492484754883e-07,test_field
numba,16,512,64,1024,cpu,4,0.17609786987304688,3.358800313435495e-07,test_field
jax,16,512,64,1024,cpu,0,1.0199666023254395,1.945431904459838e-06,test_field
jax,16,512,64,1024,cpu,1,1.015425682067871,1.9367707864148542e-06,test_field
jax,16,512,64,1024,cpu,2,1.0170457363128662,1.9398607946641278e-06,test_field
jax,16,512,64,1024,cpu,3,1.0083808898925781,1.923333911690861e-06,test_field
jax,16,512,64,1024,cpu,4,1.0157363414764404,1.9373633222130593e-06,test_field
jax,16,512,64,1024,gpu,0,0.1287384033203125,2.4554901756346226e-07,test_field
jax,16,512,64,1024,gpu,1,0.13351869583129883,2.5466670194873586e-07,test_field
jax,16,512,64,1024,gpu,2,0.12842512130737305,2.4495147954439744e-07,test_field
jax,16,512,64,1024,gpu,3,0.12763524055480957,2.434449015709106e-07,test_field
jax,16,512,64,1024,gpu,4,0.1278061866760254,2.437709554214962e-07,test_field
torch,16,512,64,1024,cpu,0,3.950976610183716,7.535889835708076e-06,test_field
torch,16,512,64,1024,cpu,1,3.896618366241455,7.432209713442717e-06,test_field
torch,16,512,64,1024,cpu,2,3.9136929512023926,7.464776899723802e-06,test_field
torch,16,512,64,1024,cpu,3,3.8937268257141113,7.426694537571166e-06,test_field
torch,16,512,64,1024,cpu,4,3.9269535541534424,7.490069492632756e-06,test_field
torch,16,512,64,1024,gpu,0,0.2635064125061035,5.025985956308432e-07,test_field
torch,16,512,64,1024,gpu,1,0.2894430160522461,5.520687409443781e-07,test_field
torch,16,512,64,1024,gpu,2,0.3723719120025635,7.10243057255866e-07,test_field
torch,16,512,64,1024,gpu,3,0.32923102378845215,6.279583431023639e-07,test_field
torch,16,512,64,1024,gpu,4,0.3734927177429199,7.123808245523833e-07,test_field
gt4py,16,512,64,1024,cpu,0,2.943235397338867,5.6137760111596435e-06,test_field
gt4py,16,512,64,1024,cpu,1,2.9231176376342773,5.575404429691844e-06,test_field
gt4py,16,512,64,1024,cpu,2,2.9185547828674316,5.5667014748905785e-06,test_field
gt4py,16,512,64,1024,cpu,3,2.9086289405822754,5.547769433178473e-06,test_field
gt4py,16,512,64,1024,cpu,4,2.911839485168457,5.55389306100551e-06,test_field
cupy,16,512,64,1024,gpu,0,0.25710463523864746,4.903881745121907e-07,test_field
cupy,16,512,64,1024,gpu,1,0.24921631813049316,4.753424036607612e-07,test_field
cupy,16,512,64,1024,gpu,2,0.2518033981323242,4.802768671652302e-07,test_field
cupy,16,512,64,1024,gpu,3,0.24220561981201172,4.619705578079447e-07,test_field
cupy,16,512,64,1024,gpu,4,0.2643256187438965,5.041611075284891e-07,test_field
numpy,16,512,64,1024,cpu,0,4.963362693786621,9.466863048146479e-06,test_field
numpy,16,512,64,1024,cpu,1,4.775793552398682,9.109103302762378e-06,test_field
numpy,16,512,64,1024,cpu,2,4.766928434371948,9.092194432014367e-06,test_field
numpy,16,512,64,1024,cpu,3,4.718270301818848,8.999386409414e-06,test_field
numpy,16,512,64,1024,cpu,4,4.836026668548584,9.22398885450093e-06,test_field
fortran,16,512,64,1024,cpu,0,0.578120302,1.1026769676208496e-06,test_field
fortran,16,512,64,1024,cpu,1,0.574839313,1.0964189777374268e-06,test_field
fortran,16,512,64,1024,cpu,2,0.574350688,1.0954869995117187e-06,test_field
fortran,16,512,64,1024,cpu,3,0.572973417,1.0928600635528565e-06,test_field
fortran,16,512,64,1024,cpu,4,0.573186371,1.0932662410736085e-06,test_field
numba,32,16,16,1024,cpu,0,0.11508584022521973,1.4048564480617642e-05,test_field
numba,32,16,16,1024,cpu,1,0.3115875720977783,3.803559229709208e-05,test_field
numba,32,16,16,1024,cpu,2,0.11736083030700684,1.4326273230835795e-05,test_field
numba,32,16,16,1024,cpu,3,0.11581110954284668,1.4137098332867026e-05,test_field
numba,32,16,16,1024,cpu,4,0.11477971076965332,1.4011195162311196e-05,test_field
jax,32,16,16,1024,cpu,0,0.11551237106323242,1.4100631233304739e-05,test_field
jax,32,16,16,1024,cpu,1,0.11418938636779785,1.3939134078100324e-05,test_field
jax,32,16,16,1024,cpu,2,0.11351776123046875,1.3857148587703705e-05,test_field
jax,32,16,16,1024,cpu,3,0.11531662940979004,1.407673698849976e-05,test_field
jax,32,16,16,1024,cpu,4,0.11477112770080566,1.4010147424414754e-05,test_field
jax,32,16,16,1024,gpu,0,0.11834859848022461,1.4446850400418043e-05,test_field
jax,32,16,16,1024,gpu,1,0.11762189865112305,1.4358141925185919e-05,test_field
jax,32,16,16,1024,gpu,2,0.12072610855102539,1.4737073797732592e-05,test_field
jax,32,16,16,1024,gpu,3,0.11985301971435547,1.4630495570600033e-05,test_field
jax,32,16,16,1024,gpu,4,0.11481475830078125,1.4015473425388336e-05,test_field
torch,32,16,16,1024,cpu,0,0.18416547775268555,2.2481137420982122e-05,test_field
torch,32,16,16,1024,cpu,1,0.16374802589416504,1.9988772692158818e-05,test_field
torch,32,16,16,1024,cpu,2,0.1723473072052002,2.103848964907229e-05,test_field
torch,32,16,16,1024,cpu,3,0.19764924049377441,2.4127104552462697e-05,test_field
torch,32,16,16,1024,cpu,4,0.1892399787902832,2.3100583348423243e-05,test_field
torch,32,16,16,1024,gpu,0,0.3188292980194092,3.891959204338491e-05,test_field
torch,32,16,16,1024,gpu,1,0.3626267910003662,4.426596569828689e-05,test_field
torch,32,16,16,1024,gpu,2,0.37700939178466797,4.602165427058935e-05,test_field
torch,32,16,16,1024,gpu,3,0.3500242233276367,4.2727566324174404e-05,test_field
torch,32,16,16,1024,gpu,4,0.34313011169433594,4.188599996268749e-05,test_field
gt4py,32,16,16,1024,cpu,0,0.23135852813720703,2.8242007829248905e-05,test_field
gt4py,32,16,16,1024,cpu,1,0.2267777919769287,2.768283593468368e-05,test_field
gt4py,32,16,16,1024,cpu,2,0.22528505325317383,2.750061685219407e-05,test_field
gt4py,32,16,16,1024,cpu,3,0.22169971466064453,2.706295344978571e-05,test_field
gt4py,32,16,16,1024,cpu,4,0.2253127098083496,2.7503992896527052e-05,test_field
cupy,32,16,16,1024,gpu,0,0.24213004112243652,2.9556889785453677e-05,test_field
cupy,32,16,16,1024,gpu,1,0.2660808563232422,3.2480573281645775e-05,test_field
cupy,32,16,16,1024,gpu,2,0.2144482135772705,2.6177760446444154e-05,test_field
cupy,32,16,16,1024,gpu,3,0.260481595993042,3.1797069823369384e-05,test_field
cupy,32,16,16,1024,gpu,4,0.24588489532470703,3.0015246011316776e-05,test_field
numpy,32,16,16,1024,cpu,0,0.07423257827758789,9.061594028025866e-06,test_field
numpy,32,16,16,1024,cpu,1,0.07576441764831543,9.24858613871038e-06,test_field
numpy,32,16,16,1024,cpu,2,0.07380127906799316,9.008945198729634e-06,test_field
numpy,32,16,16,1024,cpu,3,0.07358169555664062,8.982140570878983e-06,test_field
numpy,32,16,16,1024,cpu,4,0.07367062568664551,8.992996299639344e-06,test_field
fortran,32,16,16,1024,cpu,0,0.007170535,8.753094482421874e-07,test_field
fortran,32,16,16,1024,cpu,1,0.00715844,8.738330078125e-07,test_field
fortran,32,16,16,1024,cpu,2,0.007172487,8.755477294921875e-07,test_field
fortran,32,16,16,1024,cpu,3,0.007168519,8.750633544921875e-07,test_field
fortran,32,16,16,1024,cpu,4,0.007174535,8.757977294921875e-07,test_field
numba,32,16,32,1024,cpu,0,0.11599326133728027,7.0796668296679854e-06,test_field
numba,32,16,32,1024,cpu,1,0.11232924461364746,6.856032996438444e-06,test_field
numba,32,16,32,1024,cpu,2,0.11274933815002441,6.881673471070826e-06,test_field
numba,32,16,32,1024,cpu,3,0.11249876022338867,6.8663794081658125e-06,test_field
numba,32,16,32,1024,cpu,4,0.11260199546813965,6.872680387459695e-06,test_field
jax,32,16,32,1024,cpu,0,0.14558982849121094,8.886097930371761e-06,test_field
jax,32,16,32,1024,cpu,1,0.14487147331237793,8.842253009788692e-06,test_field
jax,32,16,32,1024,cpu,2,0.14577078819274902,8.897142834030092e-06,test_field
jax,32,16,32,1024,cpu,3,0.14668846130371094,8.953153155744076e-06,test_field
jax,32,16,32,1024,cpu,4,0.1463320255279541,8.931398042477667e-06,test_field
jax,32,16,32,1024,gpu,0,0.1171417236328125,7.1497634053230286e-06,test_field
jax,32,16,32,1024,gpu,1,0.1162872314453125,7.097609341144562e-06,test_field
jax,32,16,32,1024,gpu,2,0.12171697616577148,7.4290146585553885e-06,test_field
jax,32,16,32,1024,gpu,3,0.1154029369354248,7.043636287562549e-06,test_field
jax,32,16,32,1024,gpu,4,0.11989665031433105,7.3179107857868075e-06,test_field
torch,32,16,32,1024,cpu,0,0.257828950881958,1.5736630302853882e-05,test_field
torch,32,16,32,1024,cpu,1,0.22932696342468262,1.3997007044963539e-05,test_field
torch,32,16,32,1024,cpu,2,0.2594270706176758,1.5834171790629625e-05,test_field
torch,32,16,32,1024,cpu,3,0.2554960250854492,1.5594239812344313e-05,test_field
torch,32,16,32,1024,cpu,4,0.2432410717010498,1.4846256817691028e-05,test_field
torch,32,16,32,1024,gpu,0,0.36150360107421875,2.206442877650261e-05,test_field
torch,32,16,32,1024,gpu,1,0.29287028312683105,1.7875383491627872e-05,test_field
torch,32,16,32,1024,gpu,2,0.3348228931427002,2.043596759904176e-05,test_field
torch,32,16,32,1024,gpu,3,0.30898046493530273,1.885867095552385e-05,test_field
torch,32,16,32,1024,gpu,4,0.3675966262817383,2.2436317522078753e-05,test_field
gt4py,32,16,32,1024,cpu,0,0.27179646492004395,1.6589139704592526e-05,test_field
gt4py,32,16,32,1024,cpu,1,0.2724721431732178,1.6630379832349718e-05,test_field
gt4py,32,16,32,1024,cpu,2,0.27379584312438965,1.671117206569761e-05,test_field
gt4py,32,16,32,1024,cpu,3,0.2712438106536865,1.655540836509317e-05,test_field
gt4py,32,16,32,1024,cpu,4,0.27749061584472656,1.693668309599161e-05,test_field
cupy,32,16,32,1024,gpu,0,0.27181243896484375,1.6590114682912827e-05,test_field
cupy,32,16,32,1024,gpu,1,0.24477148056030273,1.4939665561541915e-05,test_field
cupy,32,16,32,1024,gpu,2,0.24194097518920898,1.4766905223950744e-05,test_field
cupy,32,16,32,1024,gpu,3,0.2508678436279297,1.5311758033931255e-05,test_field
cupy,32,16,32,1024,gpu,4,0.26148271560668945,1.5959638403728604e-05,test_field
numpy,32,16,32,1024,cpu,0,0.15307879447937012,9.343188139609993e-06,test_field
numpy,32,16,32,1024,cpu,1,0.15239620208740234,9.301526006311178e-06,test_field
numpy,32,16,32,1024,cpu,2,0.15660786628723145,9.558585588820279e-06,test_field
numpy,32,16,32,1024,cpu,3,0.15938639640808105,9.728173608891666e-06,test_field
numpy,32,16,32,1024,cpu,4,0.14806342124938965,9.037074050866067e-06,test_field
fortran,32,16,32,1024,cpu,0,0.014484202,8.840455322265625e-07,test_field
fortran,32,16,32,1024,cpu,1,0.014467787,8.830436401367187e-07,test_field
fortran,32,16,32,1024,cpu,2,0.014195347,8.664152221679688e-07,test_field
fortran,32,16,32,1024,cpu,3,0.014219858,8.679112548828125e-07,test_field
fortran,32,16,32,1024,cpu,4,0.014208626,8.672257080078125e-07,test_field
numba,32,16,64,1024,cpu,0,0.11661052703857422,3.5586708690971136e-06,test_field
numba,32,16,64,1024,cpu,1,0.11277389526367188,3.441586159169674e-06,test_field
numba,32,16,64,1024,cpu,2,0.11563777923583984,3.5289849620312452e-06,test_field
numba,32,16,64,1024,cpu,3,0.11521410942077637,3.5160555853508413e-06,test_field
numba,32,16,64,1024,cpu,4,0.11455249786376953,3.4958648029714823e-06,test_field
jax,32,16,64,1024,cpu,0,0.1757972240447998,5.3649055189453065e-06,test_field
jax,32,16,64,1024,cpu,1,0.17074275016784668,5.210655217524618e-06,test_field
jax,32,16,64,1024,cpu,2,0.17352008819580078,5.295412847772241e-06,test_field
jax,32,16,64,1024,cpu,3,0.17376708984375,5.302950739860535e-06,test_field
jax,32,16,64,1024,cpu,4,0.17231273651123047,5.258567398414016e-06,test_field
jax,32,16,64,1024,gpu,0,0.12131071090698242,3.7021090975031257e-06,test_field
jax,32,16,64,1024,gpu,1,0.12173080444335938,3.714929334819317e-06,test_field
jax,32,16,64,1024,gpu,2,0.12132024765014648,3.702400135807693e-06,test_field
jax,32,16,64,1024,gpu,3,0.12264299392700195,3.7427671486511827e-06,test_field
jax,32,16,64,1024,gpu,4,0.12169051170349121,3.71369969798252e-06,test_field
torch,32,16,64,1024,cpu,0,0.43079423904418945,1.3146796845830977e-05,test_field
torch,32,16,64,1024,cpu,1,0.41069936752319336,1.2533550034277141e-05,test_field
torch,32,16,64,1024,cpu,2,0.42299723625183105,1.2908851203974336e-05,test_field
torch,32,16,64,1024,cpu,3,0.40389585494995117,1.2325923307798803e-05,test_field
torch,32,16,64,1024,cpu,4,0.41286802291870117,1.2599732144735754e-05,test_field
torch,32,16,64,1024,gpu,0,0.2673530578613281,8.158967830240726e-06,test_field
torch,32,16,64,1024,gpu,1,0.31730222702026367,9.683295502327383e-06,test_field
torch,32,16,64,1024,gpu,2,0.299912691116333,9.152608981821686e-06,test_field
torch,32,16,64,1024,gpu,3,0.368725061416626,1.1252595868427306e-05,test_field
torch,32,16,64,1024,gpu,4,0.3385460376739502,1.0331605153623968e-05,test_field
gt4py,32,16,64,1024,cpu,0,0.361682653427124,1.1037678632419556e-05,test_field
gt4py,32,16,64,1024,cpu,1,0.3631258010864258,1.1081720003858209e-05,test_field
gt4py,32,16,64,1024,cpu,2,0.3635063171386719,1.1093332432210445e-05,test_field
gt4py,32,16,64,1024,cpu,3,0.36132001876831055,1.1026611900888383e-05,test_field
gt4py,32,16,64,1024,cpu,4,0.3607981204986572,1.1010684829670936e-05,test_field
cupy,32,16,64,1024,gpu,0,0.2696819305419922,8.23003938421607e-06,test_field
cupy,32,16,64,1024,gpu,1,0.24629640579223633,7.516369805671275e-06,test_field
cupy,32,16,64,1024,gpu,2,0.2458505630493164,7.502763764932752e-06,test_field
cupy,32,16,64,1024,gpu,3,0.2588019371032715,7.898008334450424e-06,test_field
cupy,32,16,64,1024,gpu,4,0.2545647621154785,7.768700015731156e-06,test_field
numpy,32,16,64,1024,cpu,0,0.33451104164123535,1.0208466846961528e-05,test_field
numpy,32,16,64,1024,cpu,1,0.3380153179168701,1.0315408871974796e-05,test_field
numpy,32,16,64,1024,cpu,2,0.33489370346069336,1.0220144758932292e-05,test_field
numpy,32,16,64,1024,cpu,3,0.3291168212890625,1.0043848305940628e-05,test_field
numpy,32,16,64,1024,cpu,4,0.33115100860595703,1.0105926776304841e-05,test_field
fortran,32,16,64,1024,cpu,0,0.028242119,8.618810729980469e-07,test_field
fortran,32,16,64,1024,cpu,1,0.028273606,8.628419799804687e-07,test_field
fortran,32,16,64,1024,cpu,2,0.028300709,8.636690979003906e-07,test_field
fortran,32,16,64,1024,cpu,3,0.028260614,8.624454956054687e-07,test_field
fortran,32,16,64,1024,cpu,4,0.028315301,8.641144104003907e-07,test_field
numba,32,32,16,1024,cpu,0,0.11541295051574707,7.0442474680021405e-06,test_field
numba,32,32,16,1024,cpu,1,0.11212539672851562,6.84359110891819e-06,test_field
numba,32,32,16,1024,cpu,2,0.11578154563903809,7.066744728945196e-06,test_field
numba,32,32,16,1024,cpu,3,0.1137998104095459,6.94578920956701e-06,test_field
numba,32,32,16,1024,cpu,4,0.11807489395141602,7.206719601526856e-06,test_field
jax,32,32,16,1024,cpu,0,0.1461315155029297,8.91915988177061e-06,test_field
jax,32,32,16,1024,cpu,1,0.14524412155151367,8.86499765329063e-06,test_field
jax,32,32,16,1024,cpu,2,0.14574813842773438,8.895760402083397e-06,test_field
jax,32,32,16,1024,cpu,3,0.14490127563476562,8.844071999192238e-06,test_field
jax,32,32,16,1024,cpu,4,0.1477949619293213,9.020688594318926e-06,test_field
jax,32,32,16,1024,gpu,0,0.11606192588806152,7.083857781253755e-06,test_field
jax,32,32,16,1024,gpu,1,0.12141132354736328,7.410359103232622e-06,test_field
jax,32,32,16,1024,gpu,2,0.1164698600769043,7.108756108209491e-06,test_field
jax,32,32,16,1024,gpu,3,0.11984038352966309,7.314476533792913e-06,test_field
jax,32,32,16,1024,gpu,4,0.1148989200592041,7.012873538769782e-06,test_field
torch,32,32,16,1024,cpu,0,0.22826385498046875,1.3932120054960251e-05,test_field
torch,32,32,16,1024,cpu,1,0.24160313606262207,1.4746285160072148e-05,test_field
torch,32,32,16,1024,cpu,2,0.250568151473999,1.5293466276489198e-05,test_field
torch,32,32,16,1024,cpu,3,0.25153088569641113,1.5352226910181344e-05,test_field
torch,32,32,16,1024,cpu,4,0.23462748527526855,1.432052522432059e-05,test_field
torch,32,32,16,1024,gpu,0,0.3190734386444092,1.9474697182886302e-05,test_field
torch,32,32,16,1024,gpu,1,0.32920336723327637,2.0092978957109153e-05,test_field
torch,32,32,16,1024,gpu,2,0.3724691867828369,2.2733715013600886e-05,test_field
torch,32,32,16,1024,gpu,3,0.38067078590393066,2.3234300897456706e-05,test_field
torch,32,32,16,1024,gpu,4,0.3066220283508301,1.8714723410084844e-05,test_field
gt4py,32,32,16,1024,cpu,0,0.2673022747039795,1.631483610253781e-05,test_field
gt4py,32,32,16,1024,cpu,1,0.26809072494506836,1.636295928619802e-05,test_field
gt4py,32,32,16,1024,cpu,2,0.26230597496032715,1.6009886167012155e-05,test_field
gt4py,32,32,16,1024,cpu,3,0.2718360424041748,1.6591555322520435e-05,test_field
gt4py,32,32,16,1024,cpu,4,0.2708616256713867,1.65320816449821e-05,test_field
cupy,32,32,16,1024,gpu,0,0.24950075149536133,1.52283173520118e-05,test_field
cupy,32,32,16,1024,gpu,1,0.2423696517944336,1.4793069567531347e-05,test_field
cupy,32,32,16,1024,gpu,2,0.24231338500976562,1.4789635315537453e-05,test_field
cupy,32,32,16,1024,gpu,3,0.24729037284851074,1.509340654592961e-05,test_field
cupy,32,32,16,1024,gpu,4,0.23466157913208008,1.4322606148198247e-05,test_field
numpy,32,32,16,1024,cpu,0,0.13279509544372559,8.105169399641454e-06,test_field
numpy,32,32,16,1024,cpu,1,0.14349937438964844,8.75850673764944e-06,test_field
numpy,32,32,16,1024,cpu,2,0.1302497386932373,7.94981315266341e-06,test_field
numpy,32,32,16,1024,cpu,3,0.14203286170959473,8.668997907079756e-06,test_field
numpy,32,32,16,1024,cpu,4,0.14647960662841797,8.940405678004026e-06,test_field
fortran,32,32,16,1024,cpu,0,0.013264515,8.096017456054687e-07,test_field
fortran,32,32,16,1024,cpu,1,0.013269283,8.098927612304687e-07,test_field
fortran,32,32,16,1024,cpu,2,0.013265827,8.096818237304687e-07,test_field
fortran,32,32,16,1024,cpu,3,0.013275747,8.102872924804687e-07,test_field
fortran,32,32,16,1024,cpu,4,0.013258052,8.09207275390625e-07,test_field
numba,32,32,32,1024,cpu,0,0.11682558059692383,3.565233782865107e-06,test_field
numba,32,32,32,1024,cpu,1,0.11606359481811523,3.541979822330177e-06,test_field
numba,32,32,32,1024,cpu,2,0.11479783058166504,3.503351763356477e-06,test_field
numba,32,32,32,1024,cpu,3,0.11435174942016602,3.48973844666034e-06,test_field
numba,32,32,32,1024,cpu,4,0.11446309089660645,3.4931363188661635e-06,test_field
jax,32,32,32,1024,cpu,0,0.1698474884033203,5.183333996683359e-06,test_field
jax,32,32,32,1024,cpu,1,0.16844868659973145,5.140645953360945e-06,test_field
jax,32,32,32,1024,cpu,2,0.17025232315063477,5.195688572712243e-06,test_field
jax,32,32,32,1024,cpu,3,0.16930079460144043,5.1666502258740366e-06,test_field
jax,32,32,32,1024,cpu,4,0.16980314254760742,5.181980668567121e-06,test_field
jax,32,32,32,1024,gpu,0,0.12316155433654785,3.7585923564620316e-06,test_field
jax,32,32,32,1024,gpu,1,0.1162729263305664,3.54836811311543e-06,test_field
jax,32,32,32,1024,gpu,2,0.12102293968200684,3.6933270166628063e-06,test_field
jax,32,32,32,1024,gpu,3,0.12213587760925293,3.7272911868058145e-06,test_field
jax,32,32,32,1024,gpu,4,0.12003421783447266,3.6631536204367876e-06,test_field
torch,32,32,32,1024,cpu,0,0.3836081027984619,1.1706790246535093e-05,test_field
torch,32,32,32,1024,cpu,1,0.39522266387939453,1.2061238521710038e-05,test_field
torch,32,32,32,1024,cpu,2,0.3695855140686035,1.1278854799456894e-05,test_field
torch,32,32,32,1024,cpu,3,0.3751983642578125,1.145014539361e-05,test_field
torch,32,32,32,1024,cpu,4,0.381328821182251,1.1637232091743499e-05,test_field
torch,32,32,32,1024,gpu,0,0.3020191192626953,9.216892067342997e-06,test_field
torch,32,32,32,1024,gpu,1,0.31076669692993164,9.483846952207386e-06,test_field
torch,32,32,32,1024,gpu,2,0.30198121070861816,9.215735190082341e-06,test_field
torch,32,32,32,1024,gpu,3,0.3672616481781006,1.1207936040591449e-05,test_field
torch,32,32,32,1024,gpu,4,0.3890514373779297,1.1872907634824514e-05,test_field
gt4py,32,32,32,1024,cpu,0,0.35010385513305664,1.0684321750886738e-05,test_field
gt4py,32,32,32,1024,cpu,1,0.3578939437866211,1.0922056389972568e-05,test_field
gt4py,32,32,32,1024,cpu,2,0.3538198471069336,1.0797724826261401e-05,test_field
gt4py,32,32,32,1024,cpu,3,0.34526515007019043,1.0536656191106886e-05,test_field
gt4py,32,32,32,1024,cpu,4,0.34589457511901855,1.055586471920833e-05,test_field
cupy,32,32,32,1024,gpu,0,0.24661731719970703,7.5261632446199656e-06,test_field
cupy,32,32,32,1024,gpu,1,0.24353289604187012,7.4320341809652746e-06,test_field
cupy,32,32,32,1024,gpu,2,0.25479674339294434,7.775779522489756e-06,test_field
cupy,32,32,32,1024,gpu,3,0.23679876327514648,7.226524758152664e-06,test_field
cupy,32,32,32,1024,gpu,4,0.2654111385345459,8.099705155473202e-06,test_field
numpy,32,32,32,1024,cpu,0,0.31694674491882324,9.672447049524635e-06,test_field
numpy,32,32,32,1024,cpu,1,0.31433677673339844,9.592797141522169e-06,test_field
numpy,32,32,32,1024,cpu,2,0.30865478515625,9.41939651966095e-06,test_field
numpy,32,32,32,1024,cpu,3,0.3141446113586426,9.586932719685137e-06,test_field
numpy,32,32,32,1024,cpu,4,0.30956029891967773,9.447030606679618e-06,test_field
fortran,32,32,32,1024,cpu,0,0.026826257,8.186723937988281e-07,test_field
fortran,32,32,32,1024,cpu,1,0.026929902,8.218353881835937e-07,test_field
fortran,32,32,32,1024,cpu,2,0.026388542,8.053143920898438e-07,test_field
fortran,32,32,32,1024,cpu,3,0.026395805,8.055360412597657e-07,test_field
fortran,32,32,32,1024,cpu,4,0.026379486,8.050380249023438e-07,test_field
numba,32,32,64,1024,cpu,0,0.12054848670959473,1.8394239305052906e-06,test_field
numba,32,32,64,1024,cpu,1,0.12099170684814453,1.8461869331076741e-06,test_field
numba,32,32,64,1024,cpu,2,0.12072467803955078,1.8421123968437314e-06,test_field
numba,32,32,64,1024,cpu,3,0.11992692947387695,1.8299397197552025e-06,test_field
numba,32,32,64,1024,cpu,4,0.12347078323364258,1.8840146367438138e-06,test_field
jax,32,32,64,1024,cpu,0,0.21964144706726074,3.351462510181591e-06,test_field
jax,32,32,64,1024,cpu,1,0.22033476829528809,3.3620417525526136e-06,test_field
jax,32,32,64,1024,cpu,2,0.21657490730285645,3.3046708267647773e-06,test_field
jax,32,32,64,1024,cpu,3,0.2189795970916748,3.3413634810131043e-06,test_field
jax,32,32,64,1024,cpu,4,0.21858930587768555,3.335408109705895e-06,test_field
jax,32,32,64,1024,gpu,0,0.12161374092102051,1.8556784198153764e-06,test_field
jax,32,32,64,1024,gpu,1,0.12187457084655762,1.8596583686303347e-06,test_field
jax,32,32,64,1024,gpu,2,0.11707043647766113,1.7863530956674367e-06,test_field
jax,32,32,64,1024,gpu,3,0.11565232276916504,1.7647143977228552e-06,test_field
jax,32,32,64,1024,gpu,4,0.12160110473632812,1.8554856069386005e-06,test_field
torch,32,32,64,1024,cpu,0,0.6176564693450928,9.424689778825268e-06,test_field
torch,32,32,64,1024,cpu,1,0.6536540985107422,9.97397000901401e-06,test_field
torch,32,32,64,1024,cpu,2,0.6452538967132568,9.845793101703748e-06,test_field
torch,32,32,64,1024,cpu,3,0.6522939205169678,9.953215339919552e-06,test_field
torch,32,32,64,1024,cpu,4,0.6573569774627686,1.0030471457866952e-05,test_field
torch,32,32,64,1024,gpu,0,0.3676950931549072,5.610581865767017e-06,test_field
torch,32,32,64,1024,gpu,1,0.29828739166259766,4.551504389382899e-06,test_field
torch,32,32,64,1024,gpu,2,0.2966177463531494,4.5260276237968355e-06,test_field
torch,32,32,64,1024,gpu,3,0.31757187843322754,4.845762305194512e-06,test_field
torch,32,32,64,1024,gpu,4,0.269899845123291,4.118344804737717e-06,test_field
gt4py,32,32,64,1024,cpu,0,0.5144948959350586,7.850569090805948e-06,test_field
gt4py,32,32,64,1024,cpu,1,0.5099987983703613,7.781964086461812e-06,test_field
gt4py,32,32,64,1024,cpu,2,0.5073702335357666,7.741855370113626e-06,test_field
gt4py,32,32,64,1024,cpu,3,0.5103790760040283,7.787766662659124e-06,test_field
gt4py,32,32,64,1024,cpu,4,0.5172615051269531,7.89278419688344e-06,test_field
cupy,32,32,64,1024,gpu,0,0.25454020500183105,3.8839752960484475e-06,test_field
cupy,32,32,64,1024,gpu,1,0.24266552925109863,3.7027821235824376e-06,test_field
cupy,32,32,64,1024,gpu,2,0.23845720291137695,3.638568159658462e-06,test_field
cupy,32,32,64,1024,gpu,3,0.25300145149230957,3.8604957808274776e-06,test_field
cupy,32,32,64,1024,gpu,4,0.2254042625427246,3.4393960959278047e-06,test_field
numpy,32,32,64,1024,cpu,0,0.6056287288665771,9.241161023965105e-06,test_field
numpy,32,32,64,1024,cpu,1,0.5900804996490479,9.003913874039426e-06,test_field
numpy,32,32,64,1024,cpu,2,0.6015582084655762,9.179049811791629e-06,test_field
numpy,32,32,64,1024,cpu,3,0.6019935607910156,9.185692761093378e-06,test_field
numpy,32,32,64,1024,cpu,4,0.5942742824554443,9.06790592125617e-06,test_field
fortran,32,32,64,1024,cpu,0,0.052709248,8.04279296875e-07,test_field
fortran,32,32,64,1024,cpu,1,0.053541127,8.169727630615235e-07,test_field
fortran,32,32,64,1024,cpu,2,0.053338572,8.138820190429688e-07,test_field
fortran,32,32,64,1024,cpu,3,0.052730463,8.046030120849609e-07,test_field
fortran,32,32,64,1024,cpu,4,0.052745023,8.04825180053711e-07,test_field
numba,32,64,16,1024,cpu,0,0.11616253852844238,3.544999344740063e-06,test_field
numba,32,64,16,1024,cpu,1,0.11364912986755371,3.4682961995713413e-06,test_field
numba,32,64,16,1024,cpu,2,0.11491966247558594,3.5070697776973248e-06,test_field
numba,32,64,16,1024,cpu,3,0.11748170852661133,3.58525721821934e-06,test_field
numba,32,64,16,1024,cpu,4,0.1148078441619873,3.5036573535762727e-06,test_field
jax,32,64,16,1024,cpu,0,0.17024946212768555,5.195601261220872e-06,test_field
jax,32,64,16,1024,cpu,1,0.1700451374053955,5.189365765545517e-06,test_field
jax,32,64,16,1024,cpu,2,0.1678779125213623,5.12322731083259e-06,test_field
jax,32,64,16,1024,cpu,3,0.1696481704711914,5.177251296117902e-06,test_field
jax,32,64,16,1024,cpu,4,0.1684248447418213,5.139918357599527e-06,test_field
jax,32,64,16,1024,gpu,0,0.1219644546508789,3.7220597732812166e-06,test_field
jax,32,64,16,1024,gpu,1,0.12199616432189941,3.723027475643903e-06,test_field
jax,32,64,16,1024,gpu,2,0.12082695960998535,3.6873461795039475e-06,test_field
jax,32,64,16,1024,gpu,3,0.11602163314819336,3.5406992537900805e-06,test_field
jax,32,64,16,1024,gpu,4,0.11877560615539551,3.6247438401915133e-06,test_field
torch,32,64,16,1024,cpu,0,0.3593928813934326,1.0967800335492939e-05,test_field
torch,32,64,16,1024,cpu,1,0.3716921806335449,1.1343145160935819e-05,test_field
torch,32,64,16,1024,cpu,2,0.3578658103942871,1.0921197826974094e-05,test_field
torch,32,64,16,1024,cpu,3,0.361541748046875,1.1033378541469574e-05,test_field
torch,32,64,16,1024,cpu,4,0.3622119426727295,1.1053831258323044e-05,test_field
torch,32,64,16,1024,gpu,0,0.31464052200317383,9.602066711522639e-06,test_field
torch,32,64,16,1024,gpu,1,0.2962980270385742,9.042298188433051e-06,test_field
torch,32,64,16,1024,gpu,2,0.30581068992614746,9.332601621281356e-06,test_field
torch,32,64,16,1024,gpu,3,0.36733388900756836,1.1210140655748546e-05,test_field
torch,32,64,16,1024,gpu,4,0.29105186462402344,8.882198017090559e-06,test_field
gt4py,32,64,16,1024,cpu,0,0.34853672981262207,1.063649688148871e-05,test_field
gt4py,32,64,16,1024,cpu,1,0.3467397689819336,1.058165798895061e-05,test_field
gt4py,32,64,16,1024,cpu,2,0.3466055393218994,1.0577561624813825e-05,test_field
gt4py,32,64,16,1024,cpu,3,0.3468747138977051,1.0585776180960238e-05,test_field
gt4py,32,64,16,1024,cpu,4,0.35478901863098145,1.0827301593963057e-05,test_field
cupy,32,64,16,1024,gpu,0,0.24794983863830566,7.566828571725637e-06,test_field
cupy,32,64,16,1024,gpu,1,0.24816060066223145,7.573260518256575e-06,test_field
cupy,32,64,16,1024,gpu,2,0.24914097785949707,7.603179255966097e-06,test_field
cupy,32,64,16,1024,gpu,3,0.2567460536956787,7.83526775194332e-06,test_field
cupy,32,64,16,1024,gpu,4,0.23955607414245605,7.310671207960695e-06,test_field
numpy,32,64,16,1024,cpu,0,0.30788087844848633,9.39577876124531e-06,test_field
numpy,32,64,16,1024,cpu,1,0.30649709701538086,9.35354910325259e-06,test_field
numpy,32,64,16,1024,cpu,2,0.2977333068847656,9.086099453270435e-06,test_field
numpy,32,64,16,1024,cpu,3,0.29616737365722656,9.038310963660479e-06,test_field
numpy,32,64,16,1024,cpu,4,0.29933595657348633,9.135008440352976e-06,test_field
fortran,32,64,16,1024,cpu,0,0.025791441,7.870923156738281e-07,test_field
fortran,32,64,16,1024,cpu,1,0.025733075,7.853111267089844e-07,test_field
fortran,32,64,16,1024,cpu,2,0.025743059,7.856158142089843e-07,test_field
fortran,32,64,16,1024,cpu,3,0.025942829,7.917123107910156e-07,test_field
fortran,32,64,16,1024,cpu,4,0.025885391,7.899594421386719e-07,test_field
numba,32,64,32,1024,cpu,0,0.11809039115905762,1.801916369004175e-06,test_field
numba,32,64,32,1024,cpu,1,0.11802101135253906,1.8008577171713114e-06,test_field
numba,32,64,32,1024,cpu,2,0.1191093921661377,1.817465090425685e-06,test_field
numba,32,64,32,1024,cpu,3,0.11820316314697266,1.8036371329799294e-06,test_field
numba,32,64,32,1024,cpu,4,0.11587142944335938,1.7680577002465725e-06,test_field
jax,32,64,32,1024,cpu,0,0.21698474884033203,3.310924512334168e-06,test_field
jax,32,64,32,1024,cpu,1,0.22020697593688965,3.3600917959120125e-06,test_field
jax,32,64,32,1024,cpu,2,0.2190570831298828,3.342545824125409e-06,test_field
jax,32,64,32,1024,cpu,3,0.21490144729614258,3.2791358535178006e-06,test_field
jax,32,64,32,1024,cpu,4,0.21599841117858887,3.2958741940092295e-06,test_field
jax,32,64,32,1024,gpu,0,0.12423563003540039,1.895685272756964e-06,test_field
jax,32,64,32,1024,gpu,1,0.11620068550109863,1.7730817489791662e-06,test_field
jax,32,64,32,1024,gpu,2,0.11920523643493652,1.818927557906136e-06,test_field
jax,32,64,32,1024,gpu,3,0.12157869338989258,1.855143636930734e-06,test_field
jax,32,64,32,1024,gpu,4,0.12079668045043945,1.843211066443473e-06,test_field
torch,32,64,32,1024,cpu,0,0.6308584213256836,9.626135579310358e-06,test_field
torch,32,64,32,1024,cpu,1,0.600888729095459,9.168834367301315e-06,test_field
torch,32,64,32,1024,cpu,2,0.6218252182006836,9.488299838267267e-06,test_field
torch,32,64,32,1024,cpu,3,0.597722053527832,9.120514732785523e-06,test_field
torch,32,64,32,1024,cpu,4,0.6075615882873535,9.270654118154198e-06,test_field
torch,32,64,32,1024,gpu,0,0.38231325149536133,5.833637260366231e-06,test_field
torch,32,64,32,1024,gpu,1,0.29708194732666016,4.533110768534243e-06,test_field
torch,32,64,32,1024,gpu,2,0.3856654167175293,5.884787242393941e-06,test_field
torch,32,64,32,1024,gpu,3,0.29509902000427246,4.502853698795661e-06,test_field
torch,32,64,32,1024,gpu,4,0.30913233757019043,4.7169851313810796e-06,test_field
gt4py,32,64,32,1024,cpu,0,0.5009703636169434,7.644201104994863e-06,test_field
gt4py,32,64,32,1024,cpu,1,0.5007565021514893,7.640937838004902e-06,test_field
gt4py,32,64,32,1024,cpu,2,0.5053787231445312,7.711467333137989e-06,test_field
gt4py,32,64,32,1024,cpu,3,0.5084586143493652,7.758462743368e-06,test_field
gt4py,32,64,32,1024,cpu,4,0.5040631294250488,7.691392966080457e-06,test_field
cupy,32,64,32,1024,gpu,0,0.23936748504638672,3.652457962743938e-06,test_field
cupy,32,64,32,1024,gpu,1,0.24497532844543457,3.738026862265542e-06,test_field
cupy,32,64,32,1024,gpu,2,0.24303841590881348,3.708471922436729e-06,test_field
cupy,32,64,32,1024,gpu,3,0.24139857292175293,3.6834499042015523e-06,test_field
cupy,32,64,32,1024,gpu,4,0.24585270881652832,3.7514146242756397e-06,test_field
numpy,32,64,32,1024,cpu,0,0.5568761825561523,8.49725620355457e-06,test_field
numpy,32,64,32,1024,cpu,1,0.5592517852783203,8.533505024388433e-06,test_field
numpy,32,64,32,1024,cpu,2,0.5564672946929932,8.491017069900408e-06,test_field
numpy,32,64,32,1024,cpu,3,0.5592076778411865,8.53283199830912e-06,test_field
numpy,32,64,32,1024,cpu,4,0.5601038932800293,8.546507160644978e-06,test_field
fortran,32,64,32,1024,cpu,0,0.051320684,7.830914916992187e-07,test_field
fortran,32,64,32,1024,cpu,1,0.051402473,7.843394927978515e-07,test_field
fortran,32,64,32,1024,cpu,2,0.051393993,7.842100982666015e-07,test_field
fortran,32,64,32,1024,cpu,3,0.051349579,7.835323944091797e-07,test_field
fortran,32,64,32,1024,cpu,4,0.051396841,7.842535552978515e-07,test_field
numba,32,64,64,1024,cpu,0,0.12511396408081055,9.54543793341145e-07,test_field
numba,32,64,64,1024,cpu,1,0.12537217140197754,9.56513758865185e-07,test_field
numba,32,64,64,1024,cpu,2,0.12224125862121582,9.326267900178209e-07,test_field
numba,32,64,64,1024,cpu,3,0.13280487060546875,1.0132207535207272e-06,test_field
numba,32,64,64,1024,cpu,4,0.12664318084716797,9.66210791375488e-07,test_field
jax,32,64,64,1024,cpu,0,0.31827759742736816,2.4282653612317517e-06,test_field
jax,32,64,64,1024,cpu,1,0.32129693031311035,2.4513010430382565e-06,test_field
jax,32,64,64,1024,cpu,2,0.31842637062072754,2.4294004106195644e-06,test_field
jax,32,64,64,1024,cpu,3,0.31768083572387695,2.4237124307546765e-06,test_field
jax,32,64,64,1024,cpu,4,0.3174905776977539,2.422260877210647e-06,test_field
jax,32,64,64,1024,gpu,0,0.11683773994445801,8.914012141758576e-07,test_field
jax,32,64,64,1024,gpu,1,0.11317706108093262,8.634724508738145e-07,test_field
jax,32,64,64,1024,gpu,2,0.11578226089477539,8.833485480863601e-07,test_field
jax,32,64,64,1024,gpu,3,0.11919569969177246,9.093910193769261e-07,test_field
jax,32,64,64,1024,gpu,4,0.11529040336608887,8.79595972946845e-07,test_field
torch,32,64,64,1024,cpu,0,1.1384367942810059,8.685583452461287e-06,test_field
torch,32,64,64,1024,cpu,1,1.110459566116333,8.472134140902199e-06,test_field
torch,32,64,64,1024,cpu,2,1.117553949356079,8.52625998959411e-06,test_field
torch,32,64,64,1024,cpu,3,1.1067969799041748,8.444190825684927e-06,test_field
torch,32,64,64,1024,cpu,4,1.057379961013794,8.067168892011978e-06,test_field
torch,32,64,64,1024,gpu,0,0.2980673313140869,2.2740732674719766e-06,test_field
torch,32,64,64,1024,gpu,1,0.3767843246459961,2.874636265914887e-06,test_field
torch,32,64,64,1024,gpu,2,0.29456448554992676,2.247348675155081e-06,test_field
torch,32,64,64,1024,gpu,3,0.3694581985473633,2.81874235952273e-06,test_field
torch,32,64,64,1024,gpu,4,0.3926277160644531,2.9955117497593164e-06,test_field
gt4py,32,64,64,1024,cpu,0,0.8113369941711426,6.190010026330128e-06,test_field
gt4py,32,64,64,1024,cpu,1,0.8222923278808594,6.27359258942306e-06,test_field
gt4py,32,64,64,1024,cpu,2,0.8097457885742188,6.177870091050863e-06,test_field
gt4py,32,64,64,1024,cpu,3,0.8227705955505371,6.277241482166573e-06,test_field
gt4py,32,64,64,1024,cpu,4,0.8183443546295166,6.243471943889745e-06,test_field
cupy,32,64,64,1024,gpu,0,0.2472083568572998,1.8860500858863816e-06,test_field
cupy,32,64,64,1024,gpu,1,0.2464275360107422,1.8800928955897689e-06,test_field
cupy,32,64,64,1024,gpu,2,0.24012279510498047,1.8319915398024023e-06,test_field
cupy,32,64,64,1024,gpu,3,0.2613403797149658,1.9938688637921587e-06,test_field
cupy,32,64,64,1024,gpu,4,0.25902867317199707,1.976231942535378e-06,test_field
numpy,32,64,64,1024,cpu,0,1.0863561630249023,8.288239769171923e-06,test_field
numpy,32,64,64,1024,cpu,1,1.0630218982696533,8.110213457257487e-06,test_field
numpy,32,64,64,1024,cpu,2,1.0603811740875244,8.090066330623813e-06,test_field
numpy,32,64,64,1024,cpu,3,1.0607926845550537,8.093205906334333e-06,test_field
numpy,32,64,64,1024,cpu,4,1.0683162212371826,8.150605935952626e-06,test_field
fortran,32,64,64,1024,cpu,0,0.104879967,8.001706466674805e-07,test_field
fortran,32,64,64,1024,cpu,1,0.104276785,7.95568733215332e-07,test_field
fortran,32,64,64,1024,cpu,2,0.104307376,7.958021240234374e-07,test_field
fortran,32,64,64,1024,cpu,3,0.104554569,7.976880569458008e-07,test_field
fortran,32,64,64,1024,cpu,4,0.104326576,7.959486083984375e-07,test_field
numba,32,128,16,1024,cpu,0,0.12101268768310547,1.8465070752426982e-06,test_field
numba,32,128,16,1024,cpu,1,0.12296724319458008,1.876331225503236e-06,test_field
numba,32,128,16,1024,cpu,2,0.1232757568359375,1.8810387700796127e-06,test_field
numba,32,128,16,1024,cpu,3,0.12234854698181152,1.866890670498833e-06,test_field
numba,32,128,16,1024,cpu,4,0.12200379371643066,1.8616301531437784e-06,test_field
jax,32,128,16,1024,cpu,0,0.21352028846740723,3.2580610422883183e-06,test_field
jax,32,128,16,1024,cpu,1,0.2163999080657959,3.302000550320372e-06,test_field
jax,32,128,16,1024,cpu,2,0.21494388580322266,3.279783413745463e-06,test_field
jax,32,128,16,1024,cpu,3,0.21488165855407715,3.278833901276812e-06,test_field
jax,32,128,16,1024,cpu,4,0.2154850959777832,3.288041625637561e-06,test_field
jax,32,128,16,1024,gpu,0,0.12158370018005371,1.8552200344856828e-06,test_field
jax,32,128,16,1024,gpu,1,0.12232136726379395,1.8664759409148246e-06,test_field
jax,32,128,16,1024,gpu,2,0.12180542945861816,1.8586033547762781e-06,test_field
jax,32,128,16,1024,gpu,3,0.12161064147949219,1.8556311260908842e-06,test_field
jax,32,128,16,1024,gpu,4,0.11644244194030762,1.7767706594895571e-06,test_field
torch,32,128,16,1024,cpu,0,0.5993256568908691,9.144983778242022e-06,test_field
torch,32,128,16,1024,cpu,1,0.5769565105438232,8.803657692624256e-06,test_field
torch,32,128,16,1024,cpu,2,0.581906795501709,8.879193046595901e-06,test_field
torch,32,128,16,1024,cpu,3,0.589468240737915,8.994571544462815e-06,test_field
torch,32,128,16,1024,cpu,4,0.5759890079498291,8.788894774625078e-06,test_field
torch,32,128,16,1024,gpu,0,0.31267786026000977,4.77108551422134e-06,test_field
torch,32,128,16,1024,gpu,1,0.3398401737213135,5.185549525776878e-06,test_field
torch,32,128,16,1024,gpu,2,0.3772852420806885,5.756915925303474e-06,test_field
torch,32,128,16,1024,gpu,3,0.31153416633605957,4.7536341298837215e-06,test_field
torch,32,128,16,1024,gpu,4,0.3589766025543213,5.477548256749287e-06,test_field
gt4py,32,128,16,1024,cpu,0,0.5054326057434082,7.712289516348392e-06,test_field
gt4py,32,128,16,1024,cpu,1,0.49523329734802246,7.556660420959815e-06,test_field
gt4py,32,128,16,1024,cpu,2,0.5119256973266602,7.811366231180727e-06,test_field
gt4py,32,128,16,1024,cpu,3,0.4937019348144531,7.533293683081865e-06,test_field
gt4py,32,128,16,1024,cpu,4,0.5013136863708496,7.649439794477075e-06,test_field
cupy,32,128,16,1024,gpu,0,0.2407674789428711,3.6738201742991805e-06,test_field
cupy,32,128,16,1024,gpu,1,0.2604687213897705,3.97443727706559e-06,test_field
cupy,32,128,16,1024,gpu,2,0.2529630661010742,3.859910066239536e-06,test_field
cupy,32,128,16,1024,gpu,3,0.24272584915161133,3.703702532220632e-06,test_field
cupy,32,128,16,1024,gpu,4,0.2382822036743164,3.6358978832140565e-06,test_field
numpy,32,128,16,1024,cpu,0,0.5555014610290527,8.47627961775288e-06,test_field
numpy,32,128,16,1024,cpu,1,0.5325157642364502,8.125545718939975e-06,test_field
numpy,32,128,16,1024,cpu,2,0.5308723449707031,8.100469131022692e-06,test_field
numpy,32,128,16,1024,cpu,3,0.5361661911010742,8.181246812455356e-06,test_field
numpy,32,128,16,1024,cpu,4,0.5379066467285156,8.207804057747126e-06,test_field
fortran,32,128,16,1024,cpu,0,0.050339244,7.681159057617187e-07,test_field
fortran,32,128,16,1024,cpu,1,0.050381707,7.687638397216797e-07,test_field
fortran,32,128,16,1024,cpu,2,0.050407018,7.691500549316406e-07,test_field
fortran,32,128,16,1024,cpu,3,0.050440106,7.696549377441406e-07,test_field
fortran,32,128,16,1024,cpu,4,0.05075584,7.7447265625e-07,test_field
numba,32,128,32,1024,cpu,0,0.13005542755126953,9.922441677190363e-07,test_field
numba,32,128,32,1024,cpu,1,0.12752032279968262,9.729028533911332e-07,test_field
numba,32,128,32,1024,cpu,2,0.1240227222442627,9.462182788411155e-07,test_field
numba,32,128,32,1024,cpu,3,0.1278400421142578,9.753421181812882e-07,test_field
numba,32,128,32,1024,cpu,4,0.13217663764953613,1.0084277164423838e-06,test_field
jax,32,128,32,1024,cpu,0,0.3068082332611084,2.3407610569847748e-06,test_field
jax,32,128,32,1024,cpu,1,0.30950403213500977,2.3613283701706678e-06,test_field
jax,32,128,32,1024,cpu,2,0.3104109764099121,2.368247805861756e-06,test_field
jax,32,128,32,1024,cpu,3,0.3096764087677002,2.3626434995094314e-06,test_field
jax,32,128,32,1024,cpu,4,0.30930542945861816,2.359813151997514e-06,test_field
jax,32,128,32,1024,gpu,0,0.11722040176391602,8.943206921685487e-07,test_field
jax,32,128,32,1024,gpu,1,0.11624550819396973,8.868828444974497e-07,test_field
jax,32,128,32,1024,gpu,2,0.11813831329345703,9.013238013722003e-07,test_field
jax,32,128,32,1024,gpu,3,0.11833596229553223,9.028317435877398e-07,test_field
jax,32,128,32,1024,gpu,4,0.11688685417175293,8.91775925992988e-07,test_field
torch,32,128,32,1024,cpu,0,1.0543558597564697,8.044096830417402e-06,test_field
torch,32,128,32,1024,cpu,1,1.0847561359405518,8.276032531284727e-06,test_field
torch,32,128,32,1024,cpu,2,1.080052375793457,8.240145689342171e-06,test_field
torch,32,128,32,1024,cpu,3,1.0753200054168701,8.20404056867119e-06,test_field
torch,32,128,32,1024,cpu,4,1.0678434371948242,8.146998879965395e-06,test_field
torch,32,128,32,1024,gpu,0,0.37033629417419434,2.8254416974959895e-06,test_field
torch,32,128,32,1024,gpu,1,0.29848742485046387,2.2772783268010244e-06,test_field
torch,32,128,32,1024,gpu,2,0.37249207496643066,2.841888999682851e-06,test_field
torch,32,128,32,1024,gpu,3,0.33632636070251465,2.56596649705898e-06,test_field
torch,32,128,32,1024,gpu,4,0.2919485569000244,2.2273907234193757e-06,test_field
gt4py,32,128,32,1024,cpu,0,0.8157501220703125,6.223679520189762e-06,test_field
gt4py,32,128,32,1024,cpu,1,0.8119330406188965,6.194557499838993e-06,test_field
gt4py,32,128,32,1024,cpu,2,0.8021562099456787,6.119966201367788e-06,test_field
gt4py,32,128,32,1024,cpu,3,0.8021824359893799,6.120166290202178e-06,test_field
gt4py,32,128,32,1024,cpu,4,0.8022785186767578,6.120899342931807e-06,test_field
cupy,32,128,32,1024,gpu,0,0.25108981132507324,1.915663233376108e-06,test_field
cupy,32,128,32,1024,gpu,1,0.2683427333831787,2.0472925825743005e-06,test_field
cupy,32,128,32,1024,gpu,2,0.23941564559936523,1.8265964172314852e-06,test_field
cupy,32,128,32,1024,gpu,3,0.26073718070983887,1.9892668206011876e-06,test_field
cupy,32,128,32,1024,gpu,4,0.2167344093322754,1.6535523172933608e-06,test_field
numpy,32,128,32,1024,cpu,0,1.0213630199432373,7.79238143877592e-06,test_field
numpy,32,128,32,1024,cpu,1,1.0492408275604248,8.00507223175373e-06,test_field
numpy,32,128,32,1024,cpu,2,1.0423102378845215,7.952196028782055e-06,test_field
numpy,32,128,32,1024,cpu,3,1.0442554950714111,7.967037163325585e-06,test_field
numpy,32,128,32,1024,cpu,4,1.045807123184204,7.978875146363862e-06,test_field
fortran,32,128,32,1024,cpu,0,0.100201667,7.644780502319336e-07,test_field
fortran,32,128,32,1024,cpu,1,0.101864177,7.77161994934082e-07,test_field
fortran,32,128,32,1024,cpu,2,0.102053004,7.786026306152344e-07,test_field
fortran,32,128,32,1024,cpu,3,0.101738069,7.761998672485352e-07,test_field
fortran,32,128,32,1024,cpu,4,0.102235079,7.799917526245118e-07,test_field
numba,32,128,64,1024,cpu,0,0.14618802070617676,5.576630428549834e-07,test_field
numba,32,128,64,1024,cpu,1,0.14020657539367676,5.348456397769041e-07,test_field
numba,32,128,64,1024,cpu,2,0.14346098899841309,5.472602424561046e-07,test_field
numba,32,128,64,1024,cpu,3,0.1478571891784668,5.640304152620956e-07,test_field
numba,32,128,64,1024,cpu,4,0.15577983856201172,5.9425292420201e-07,test_field
jax,32,128,64,1024,cpu,0,0.5404529571533203,2.0616644178517163e-06,test_field
jax,32,128,64,1024,cpu,1,0.5359761714935303,2.044586835836526e-06,test_field
jax,32,128,64,1024,cpu,2,0.541252851486206,2.0647157725761645e-06,test_field
jax,32,128,64,1024,cpu,3,0.5385212898254395,2.054295691777952e-06,test_field
jax,32,128,64,1024,cpu,4,0.5399491786956787,2.05974265554687e-06,test_field
jax,32,128,64,1024,gpu,0,0.12404608726501465,4.731982699013315e-07,test_field
jax,32,128,64,1024,gpu,1,0.12313365936279297,4.697176336776465e-07,test_field
jax,32,128,64,1024,gpu,2,0.12451505661010742,4.7498724597971886e-07,test_field
jax,32,128,64,1024,gpu,3,0.12860536575317383,4.905905370833352e-07,test_field
jax,32,128,64,1024,gpu,4,0.13120293617248535,5.004994818591513e-07,test_field
torch,32,128,64,1024,cpu,0,1.889695405960083,7.208615897980053e-06,test_field
torch,32,128,64,1024,cpu,1,1.8738431930541992,7.148144504753873e-06,test_field
torch,32,128,64,1024,cpu,2,1.8552682399749756,7.077286682033446e-06,test_field
torch,32,128,64,1024,cpu,3,1.907886028289795,7.278007615241222e-06,test_field
torch,32,128,64,1024,cpu,4,1.8823227882385254,7.180491593317129e-06,test_field
torch,32,128,64,1024,gpu,0,0.3678278923034668,1.4031520549906418e-06,test_field
torch,32,128,64,1024,gpu,1,0.3904144763946533,1.4893130355631001e-06,test_field
torch,32,128,64,1024,gpu,2,0.2884845733642578,1.100481313187629e-06,test_field
torch,32,128,64,1024,gpu,3,0.3627145290374756,1.3836461221217178e-06,test_field
torch,32,128,64,1024,gpu,4,0.37934231758117676,1.4470761016127653e-06,test_field
gt4py,32,128,64,1024,cpu,0,1.4241406917572021,5.432665602711495e-06,test_field
gt4py,32,128,64,1024,cpu,1,1.426177740097046,5.440436325443443e-06,test_field
gt4py,32,128,64,1024,cpu,2,1.4121277332305908,5.386839802667964e-06,test_field
gt4py,32,128,64,1024,cpu,3,1.4135167598724365,5.392138518800493e-06,test_field
gt4py,32,128,64,1024,cpu,4,1.4129328727722168,5.3899111662758514e-06,test_field
cupy,32,128,64,1024,gpu,0,0.24754667282104492,9.443156159250066e-07,test_field
cupy,32,128,64,1024,gpu,1,0.2485048770904541,9.47970875131432e-07,test_field
cupy,32,128,64,1024,gpu,2,0.24593329429626465,9.381610652781092e-07,test_field
cupy,32,128,64,1024,gpu,3,0.250180721282959,9.543637133901939e-07,test_field
cupy,32,128,64,1024,gpu,4,0.23543858528137207,8.981269274954684e-07,test_field
numpy,32,128,64,1024,cpu,0,1.9884722232818604,7.585419552924577e-06,test_field
numpy,32,128,64,1024,cpu,1,2.0457980632781982,7.804100278008264e-06,test_field
numpy,32,128,64,1024,cpu,2,2.0448174476623535,7.800359526299872e-06,test_field
numpy,32,128,64,1024,cpu,3,2.013068675994873,7.679247573832981e-06,test_field
numpy,32,128,64,1024,cpu,4,2.021730899810791,7.712291335337795e-06,test_field
fortran,32,128,64,1024,cpu,0,0.217264164,8.287970123291016e-07,test_field
fortran,32,128,64,1024,cpu,1,0.216135974,8.244933090209961e-07,test_field
fortran,32,128,64,1024,cpu,2,0.216330688,8.25236083984375e-07,test_field
fortran,32,128,64,1024,cpu,3,0.219107692,8.358295135498047e-07,test_field
fortran,32,128,64,1024,cpu,4,0.219314758,8.366194076538086e-07,test_field
numba,32,256,16,1024,cpu,0,0.137772798538208,1.0511230357224122e-06,test_field
numba,32,256,16,1024,cpu,1,0.13776111602783203,1.0510339052416384e-06,test_field
numba,32,256,16,1024,cpu,2,0.1374349594116211,1.0485455277375877e-06,test_field
numba,32,256,16,1024,cpu,3,0.13701629638671875,1.0453513823449612e-06,test_field
numba,32,256,16,1024,cpu,4,0.13813114166259766,1.0538569767959416e-06,test_field
jax,32,256,16,1024,cpu,0,0.3080604076385498,2.3503143893321976e-06,test_field
jax,32,256,16,1024,cpu,1,0.3060872554779053,2.335260433028452e-06,test_field
jax,32,256,16,1024,cpu,2,0.30555129051208496,2.331171344849281e-06,test_field
jax,32,256,16,1024,cpu,3,0.30679988861083984,2.3406973923556507e-06,test_field
jax,32,256,16,1024,cpu,4,0.30733633041381836,2.344790118513629e-06,test_field
jax,32,256,16,1024,gpu,0,0.11219358444213867,8.559691195841879e-07,test_field
jax,32,256,16,1024,gpu,1,0.1118321418762207,8.532115316484123e-07,test_field
jax,32,256,16,1024,gpu,2,0.11467695236206055,8.749157132115215e-07,test_field
jax,32,256,16,1024,gpu,3,0.11158466339111328,8.513234206475317e-07,test_field
jax,32,256,16,1024,gpu,4,0.11698770523071289,8.92545358510688e-07,test_field
torch,32,256,16,1024,cpu,0,1.0281221866607666,7.843949788366444e-06,test_field
torch,32,256,16,1024,cpu,1,1.0255377292633057,7.824231943232007e-06,test_field
torch,32,256,16,1024,cpu,2,1.043086051940918,7.958115020301193e-06,test_field
torch,32,256,16,1024,cpu,3,1.0577285289764404,8.069828254519962e-06,test_field
torch,32,256,16,1024,cpu,4,1.0442447662353516,7.966955308802426e-06,test_field
torch,32,256,16,1024,gpu,0,0.32337379455566406,2.4671462597325444e-06,test_field
torch,32,256,16,1024,gpu,1,0.34554457664489746,2.636295903357677e-06,test_field
torch,32,256,16,1024,gpu,2,0.3700430393218994,2.823204340529628e-06,test_field
torch,32,256,16,1024,gpu,3,0.3838827610015869,2.928793037426658e-06,test_field
torch,32,256,16,1024,gpu,4,0.2577497959136963,1.966474883374758e-06,test_field
gt4py,32,256,16,1024,cpu,0,0.805523157119751,6.145653969724663e-06,test_field
gt4py,32,256,16,1024,cpu,1,0.8049526214599609,6.141301128081977e-06,test_field
gt4py,32,256,16,1024,cpu,2,0.8062248229980469,6.151007255539298e-06,test_field
gt4py,32,256,16,1024,cpu,3,0.805185079574585,6.143074642750435e-06,test_field
gt4py,32,256,16,1024,cpu,4,0.8040761947631836,6.134614523034543e-06,test_field
cupy,32,256,16,1024,gpu,0,0.2570476531982422,1.9611179595813155e-06,test_field
cupy,32,256,16,1024,gpu,1,0.24541902542114258,1.87239857041277e-06,test_field
cupy,32,256,16,1024,gpu,2,0.24921607971191406,1.9013677956536412e-06,test_field
cupy,32,256,16,1024,gpu,3,0.24348235130310059,1.857622919487767e-06,test_field
cupy,32,256,16,1024,gpu,4,0.21636009216308594,1.6506965039297938e-06,test_field
numpy,32,256,16,1024,cpu,0,1.0544264316558838,8.044635251280852e-06,test_field
numpy,32,256,16,1024,cpu,1,1.0155949592590332,7.748374628135934e-06,test_field
numpy,32,256,16,1024,cpu,2,1.0189671516418457,7.774102414259687e-06,test_field
numpy,32,256,16,1024,cpu,3,1.008984088897705,7.697937689954415e-06,test_field
numpy,32,256,16,1024,cpu,4,1.0216147899627686,7.794302291586064e-06,test_field
fortran,32,256,16,1024,cpu,0,0.108706432,8.293642578125e-07,test_field
fortran,32,256,16,1024,cpu,1,0.10382354,7.921107482910157e-07,test_field
fortran,32,256,16,1024,cpu,2,0.104079052,7.940601501464844e-07,test_field
fortran,32,256,16,1024,cpu,3,0.104744504,7.991371459960938e-07,test_field
fortran,32,256,16,1024,cpu,4,0.104852502,7.999611053466797e-07,test_field
numba,32,256,32,1024,cpu,0,0.15114283561706543,5.765641617472284e-07,test_field
numba,32,256,32,1024,cpu,1,0.14570307731628418,5.558131306315772e-07,test_field
numba,32,256,32,1024,cpu,2,0.14844822883605957,5.662850526277907e-07,test_field
numba,32,256,32,1024,cpu,3,0.14487075805664062,5.526380846276879e-07,test_field
numba,32,256,32,1024,cpu,4,0.14946460723876953,5.701622285414487e-07,test_field
jax,32,256,32,1024,cpu,0,0.5294041633605957,2.0195166143821552e-06,test_field
jax,32,256,32,1024,cpu,1,0.5316183567047119,2.0279630916775204e-06,test_field
jax,32,256,32,1024,cpu,2,0.5297408103942871,2.0208008209010586e-06,test_field
jax,32,256,32,1024,cpu,3,0.5240049362182617,1.9989201973658055e-06,test_field
jax,32,256,32,1024,cpu,4,0.528162956237793,2.0147817849647254e-06,test_field
jax,32,256,32,1024,gpu,0,0.13308024406433105,5.076608431409113e-07,test_field
jax,32,256,32,1024,gpu,1,0.1292896270751953,4.932007868774235e-07,test_field
jax,32,256,32,1024,gpu,2,0.12481856346130371,4.761450327350758e-07,test_field
jax,32,256,32,1024,gpu,3,0.12984561920166016,4.95321728521958e-07,test_field
jax,32,256,32,1024,gpu,4,0.12656307220458984,4.827998054679483e-07,test_field
torch,32,256,32,1024,cpu,0,1.9061684608459473,7.27145561540965e-06,test_field
torch,32,256,32,1024,cpu,1,1.8686957359313965,7.128508514142595e-06,test_field
torch,32,256,32,1024,cpu,2,1.8893554210662842,7.207318958535325e-06,test_field
torch,32,256,32,1024,cpu,3,1.878343105316162,7.165310307755135e-06,test_field
torch,32,256,32,1024,cpu,4,1.8641669750213623,7.1112326622824185e-06,test_field
torch,32,256,32,1024,gpu,0,0.3789193630218506,1.4454626580118202e-06,test_field
torch,32,256,32,1024,gpu,1,0.3705863952636719,1.4136749086901546e-06,test_field
torch,32,256,32,1024,gpu,2,0.37404417991638184,1.4268653103499673e-06,test_field
torch,32,256,32,1024,gpu,3,0.3601105213165283,1.3737126209889539e-06,test_field
torch,32,256,32,1024,gpu,4,0.30147314071655273,1.1500287655508146e-06,test_field
gt4py,32,256,32,1024,cpu,0,1.4036588668823242,5.354533641366288e-06,test_field
gt4py,32,256,32,1024,cpu,1,1.4169487953186035,5.405230695032515e-06,test_field
gt4py,32,256,32,1024,cpu,2,1.4044532775878906,5.3575640777125955e-06,test_field
gt4py,32,256,32,1024,cpu,3,1.401909589767456,5.34786067873938e-06,test_field
gt4py,32,256,32,1024,cpu,4,1.4072742462158203,5.368325219023973e-06,test_field
cupy,32,256,32,1024,gpu,0,0.2503519058227539,9.550167305860668e-07,test_field
cupy,32,256,32,1024,gpu,1,0.2375164031982422,9.060531738214195e-07,test_field
cupy,32,256,32,1024,gpu,2,0.2369368076324463,9.038421922014095e-07,test_field
cupy,32,256,32,1024,gpu,3,0.23002910614013672,8.774914022069424e-07,test_field
cupy,32,256,32,1024,gpu,4,0.25098514556884766,9.574323485139757e-07,test_field
numpy,32,256,32,1024,cpu,0,1.970125436782837,7.515432116633747e-06,test_field
numpy,32,256,32,1024,cpu,1,2.022672414779663,7.715882929915097e-06,test_field
numpy,32,256,32,1024,cpu,2,2.0152320861816406,7.687500328756869e-06,test_field
numpy,32,256,32,1024,cpu,3,2.009427785873413,7.665358680242207e-06,test_field
numpy,32,256,32,1024,cpu,4,2.0057029724121094,7.651149644516408e-06,test_field
fortran,32,256,32,1024,cpu,0,0.218415079,8.331874046325684e-07,test_field
fortran,32,256,32,1024,cpu,1,0.221432556,8.446981658935547e-07,test_field
fortran,32,256,32,1024,cpu,2,0.219381578,8.368743057250976e-07,test_field
fortran,32,256,32,1024,cpu,3,0.220490856,8.411058654785157e-07,test_field
fortran,32,256,32,1024,cpu,4,0.21667974,8.26567611694336e-07,test_field
numba,32,256,64,1024,cpu,0,0.1668245792388916,3.1819263313082047e-07,test_field
numba,32,256,64,1024,cpu,1,0.16975855827331543,3.237887540308293e-07,test_field
numba,32,256,64,1024,cpu,2,0.16846442222595215,3.2132038541021757e-07,test_field
numba,32,256,64,1024,cpu,3,0.16849374771118164,3.213763193343766e-07,test_field
numba,32,256,64,1024,cpu,4,0.1707298755645752,3.2564139473834075e-07,test_field
jax,32,256,64,1024,cpu,0,0.9690520763397217,1.8483201529306825e-06,test_field
jax,32,256,64,1024,cpu,1,0.9649496078491211,1.8404953152639791e-06,test_field
jax,32,256,64,1024,cpu,2,0.9650964736938477,1.8407754396321252e-06,test_field
jax,32,256,64,1024,cpu,3,0.9665567874908447,1.8435607671563048e-06,test_field
jax,32,256,64,1024,cpu,4,0.9678800106048584,1.8460846149537247e-06,test_field
jax,32,256,64,1024,gpu,0,0.1304185390472412,2.4875362214515917e-07,test_field
jax,32,256,64,1024,gpu,1,0.13071513175964355,2.4931932784966193e-07,test_field
jax,32,256,64,1024,gpu,2,0.12762904167175293,2.4343307813978754e-07,test_field
jax,32,256,64,1024,gpu,3,0.12975025177001953,2.474789653206244e-07,test_field
jax,32,256,64,1024,gpu,4,0.13310742378234863,2.538822627684567e-07,test_field
torch,32,256,64,1024,cpu,0,3.591496706008911,6.850236331956694e-06,test_field
torch,32,256,64,1024,cpu,1,3.7660880088806152,7.183242814789992e-06,test_field
torch,32,256,64,1024,cpu,2,3.775536298751831,7.2012639975582715e-06,test_field
torch,32,256,64,1024,cpu,3,3.7372193336486816,7.128180186555255e-06,test_field
torch,32,256,64,1024,cpu,4,3.786069393157959,7.221354280773085e-06,test_field
torch,32,256,64,1024,gpu,0,0.370347261428833,7.063813427521382e-07,test_field
torch,32,256,64,1024,gpu,1,0.31554269790649414,6.018499334459193e-07,test_field
torch,32,256,64,1024,gpu,2,0.3801400661468506,7.250596354424488e-07,test_field
torch,32,256,64,1024,gpu,3,0.26706480979919434,5.093856998428237e-07,test_field
torch,32,256,64,1024,gpu,4,0.3854343891143799,7.351577551162336e-07,test_field
gt4py,32,256,64,1024,cpu,0,2.620896339416504,4.998963049729355e-06,test_field
gt4py,32,256,64,1024,cpu,1,2.665731191635132,5.084478743810905e-06,test_field
gt4py,32,256,64,1024,cpu,2,2.6288788318634033,5.014188445784384e-06,test_field
gt4py,32,256,64,1024,cpu,3,2.608339786529541,4.975013325747568e-06,test_field
gt4py,32,256,64,1024,cpu,4,2.654146432876587,5.062382570031332e-06,test_field
cupy,32,256,64,1024,gpu,0,0.25133681297302246,4.793869265995454e-07,test_field
cupy,32,256,64,1024,gpu,1,0.23685336112976074,4.517619345278945e-07,test_field
cupy,32,256,64,1024,gpu,2,0.2545764446258545,4.855660336033907e-07,test_field
cupy,32,256,64,1024,gpu,3,0.2388145923614502,4.5550268623628654e-07,test_field
cupy,32,256,64,1024,gpu,4,0.2387549877166748,4.553889993985649e-07,test_field
numpy,32,256,64,1024,cpu,0,4.035296201705933,7.696716693317285e-06,test_field
numpy,32,256,64,1024,cpu,1,3.941377639770508,7.517581252614036e-06,test_field
numpy,32,256,64,1024,cpu,2,3.9964795112609863,7.6226797318668105e-06,test_field
numpy,32,256,64,1024,cpu,3,3.9531118869781494,7.539962552982615e-06,test_field
numpy,32,256,64,1024,cpu,4,3.990631341934204,7.611525234096916e-06,test_field
fortran,32,256,64,1024,cpu,0,0.432751747,8.254084529876709e-07,test_field
fortran,32,256,64,1024,cpu,1,0.432401869,8.247411136627197e-07,test_field
fortran,32,256,64,1024,cpu,2,0.432539305,8.250032520294189e-07,test_field
fortran,32,256,64,1024,cpu,3,0.431603781,8.232188816070557e-07,test_field
fortran,32,256,64,1024,cpu,4,0.433186229,8.262371616363525e-07,test_field
numba,32,512,16,1024,cpu,0,0.17719697952270508,6.759528332622722e-07,test_field
numba,32,512,16,1024,cpu,1,0.186448335647583,7.112439561751671e-07,test_field
numba,32,512,16,1024,cpu,2,0.17915630340576172,6.834270607214421e-07,test_field
numba,32,512,16,1024,cpu,3,0.1865851879119873,7.117660061339848e-07,test_field
numba,32,512,16,1024,cpu,4,0.20005321502685547,7.631424523424357e-07,test_field
jax,32,512,16,1024,cpu,0,0.5237548351287842,1.9979661374236457e-06,test_field
jax,32,512,16,1024,cpu,1,0.5279974937438965,2.014150595641695e-06,test_field
jax,32,512,16,1024,cpu,2,0.5257620811462402,2.005623173317872e-06,test_field
jax,32,512,16,1024,cpu,3,0.524425745010376,2.0005254555144347e-06,test_field
jax,32,512,16,1024,cpu,4,0.5268912315368652,2.0099305402254686e-06,test_field
jax,32,512,16,1024,gpu,0,0.12536382675170898,4.782250471180305e-07,test_field
jax,32,512,16,1024,gpu,1,0.12888646125793457,4.916628313367255e-07,test_field
jax,32,512,16,1024,gpu,2,0.12381911277770996,4.723324309452437e-07,test_field
jax,32,512,16,1024,gpu,3,0.12396574020385742,4.7289177018683404e-07,test_field
jax,32,512,16,1024,gpu,4,0.12875652313232422,4.911671567242593e-07,test_field
torch,32,512,16,1024,cpu,0,1.8641993999481201,7.11135635356186e-06,test_field
torch,32,512,16,1024,cpu,1,1.8535284996032715,7.070650099194609e-06,test_field
torch,32,512,16,1024,cpu,2,1.8494927883148193,7.055255082377698e-06,test_field
torch,32,512,16,1024,cpu,3,1.8592777252197266,7.092581654433161e-06,test_field
torch,32,512,16,1024,cpu,4,1.8714635372161865,7.139066838135477e-06,test_field
torch,32,512,16,1024,gpu,0,0.26337504386901855,1.0046960596810095e-06,test_field
torch,32,512,16,1024,gpu,1,0.31325721740722656,1.1949814506806433e-06,test_field
torch,32,512,16,1024,gpu,2,0.36483097076416016,1.391719706589356e-06,test_field
torch,32,512,16,1024,gpu,3,0.36408448219299316,1.388872078678105e-06,test_field
torch,32,512,16,1024,gpu,4,0.38052916526794434,1.451603566238191e-06,test_field
gt4py,32,512,16,1024,cpu,0,1.399979829788208,5.34049922862323e-06,test_field
gt4py,32,512,16,1024,cpu,1,1.4098262786865234,5.37806045031175e-06,test_field
gt4py,32,512,16,1024,cpu,2,1.4138178825378418,5.3932872106088325e-06,test_field
gt4py,32,512,16,1024,cpu,3,1.3962163925170898,5.326142854755744e-06,test_field
gt4py,32,512,16,1024,cpu,4,1.3969216346740723,5.328833140083589e-06,test_field
cupy,32,512,16,1024,gpu,0,0.2523040771484375,9.624636732041836e-07,test_field
cupy,32,512,16,1024,gpu,1,0.24905800819396973,9.500809028395452e-07,test_field
cupy,32,512,16,1024,gpu,2,0.2553565502166748,9.741079338709824e-07,test_field
cupy,32,512,16,1024,gpu,3,0.23813724517822266,9.084214980248362e-07,test_field
cupy,32,512,16,1024,gpu,4,0.24660110473632812,9.407085599377751e-07,test_field
numpy,32,512,16,1024,cpu,0,1.9660422801971436,7.499856110371184e-06,test_field
numpy,32,512,16,1024,cpu,1,1.991729497909546,7.597845069540199e-06,test_field
numpy,32,512,16,1024,cpu,2,1.958134651184082,7.469690899597481e-06,test_field
numpy,32,512,16,1024,cpu,3,1.9906067848205566,7.59356225898955e-06,test_field
numpy,32,512,16,1024,cpu,4,1.9945223331451416,7.608498890476767e-06,test_field
fortran,32,512,16,1024,cpu,0,0.219221226,8.362626113891601e-07,test_field
fortran,32,512,16,1024,cpu,1,0.21891698,8.351020050048829e-07,test_field
fortran,32,512,16,1024,cpu,2,0.219515201,8.373840370178222e-07,test_field
fortran,32,512,16,1024,cpu,3,0.219775897,8.383785133361816e-07,test_field
fortran,32,512,16,1024,cpu,4,0.219362374,8.368010482788086e-07,test_field
numba,32,512,32,1024,cpu,0,0.18964409828186035,3.617174115788657e-07,test_field
numba,32,512,32,1024,cpu,1,0.19409847259521484,3.7021345633547753e-07,test_field
numba,32,512,32,1024,cpu,2,0.19288134574890137,3.6789197110920213e-07,test_field
numba,32,512,32,1024,cpu,3,0.19594812393188477,3.737413862836547e-07,test_field
numba,32,512,32,1024,cpu,4,0.19202113151550293,3.6625124266720377e-07,test_field
jax,32,512,32,1024,cpu,0,0.95924973487854,1.8296236703463364e-06,test_field
jax,32,512,32,1024,cpu,1,0.9561183452606201,1.8236510186397936e-06,test_field
jax,32,512,32,1024,cpu,2,0.9584434032440186,1.8280857148056384e-06,test_field
jax,32,512,32,1024,cpu,3,0.9556338787078857,1.8227269720227923e-06,test_field
jax,32,512,32,1024,cpu,4,0.9547655582427979,1.8210707821708638e-06,test_field
jax,32,512,32,1024,gpu,0,0.12939047813415527,2.4679275156813674e-07,test_field
jax,32,512,32,1024,gpu,1,0.12691092491149902,2.420633791189175e-07,test_field
jax,32,512,32,1024,gpu,2,0.12746357917785645,2.4311748347827233e-07,test_field
jax,32,512,32,1024,gpu,3,0.12978672981262207,2.4754854166531004e-07,test_field
jax,32,512,32,1024,gpu,4,0.12723636627197266,2.4268410925287753e-07,test_field
torch,32,512,32,1024,cpu,0,3.625561237335205,6.915209269209299e-06,test_field
torch,32,512,32,1024,cpu,1,3.5900826454162598,6.847539225418586e-06,test_field
torch,32,512,32,1024,cpu,2,3.566498041152954,6.802555162721546e-06,test_field
torch,32,512,32,1024,cpu,3,3.7212958335876465,7.09780852048425e-06,test_field
torch,32,512,32,1024,cpu,4,3.599750280380249,6.8659787757496815e-06,test_field
torch,32,512,32,1024,gpu,0,0.3604621887207031,6.875270628370345e-07,test_field
torch,32,512,32,1024,gpu,1,0.3075096607208252,5.865281309525017e-07,test_field
torch,32,512,32,1024,gpu,2,0.31627392768859863,6.032446435710881e-07,test_field
torch,32,512,32,1024,gpu,3,0.3917579650878906,7.472190191037953e-07,test_field
torch,32,512,32,1024,gpu,4,0.3121771812438965,5.95430719840806e-07,test_field
gt4py,32,512,32,1024,cpu,0,2.6209516525268555,4.99906855111476e-06,test_field
gt4py,32,512,32,1024,cpu,1,2.620201826095581,4.997638370696222e-06,test_field
gt4py,32,512,32,1024,cpu,2,2.608414888381958,4.975156571163097e-06,test_field
gt4py,32,512,32,1024,cpu,3,2.6201858520507812,4.997607902623713e-06,test_field
gt4py,32,512,32,1024,cpu,4,2.6193525791168213,4.996018560632365e-06,test_field
cupy,32,512,32,1024,gpu,0,0.2375187873840332,4.530311343842186e-07,test_field
cupy,32,512,32,1024,gpu,1,0.24174928665161133,4.61100171378348e-07,test_field
cupy,32,512,32,1024,gpu,2,0.2422184944152832,4.619951141648926e-07,test_field
cupy,32,512,32,1024,gpu,3,0.21933650970458984,4.183511919109151e-07,test_field
cupy,32,512,32,1024,gpu,4,0.24779987335205078,4.726407496491447e-07,test_field
numpy,32,512,32,1024,cpu,0,3.9831769466400146,7.5973071034241e-06,test_field
numpy,32,512,32,1024,cpu,1,4.021657943725586,7.670703780604526e-06,test_field
numpy,32,512,32,1024,cpu,2,3.934896469116211,7.5052194006275386e-06,test_field
numpy,32,512,32,1024,cpu,3,3.9017906188964844,7.442075002472848e-06,test_field
numpy,32,512,32,1024,cpu,4,3.8589940071105957,7.360446943494026e-06,test_field
fortran,32,512,32,1024,cpu,0,0.437877468,8.351849899291992e-07,test_field
fortran,32,512,32,1024,cpu,1,0.436550373,8.326537570953369e-07,test_field
fortran,32,512,32,1024,cpu,2,0.435719742,8.310694541931153e-07,test_field
fortran,32,512,32,1024,cpu,3,0.436732255,8.330006694793701e-07,test_field
fortran,32,512,32,1024,cpu,4,0.435591937,8.308256855010986e-07,test_field
numba,32,512,64,1024,cpu,0,0.21772456169128418,2.0763832253578585e-07,test_field
numba,32,512,64,1024,cpu,1,0.22077536582946777,2.1054779608675744e-07,test_field
numba,32,512,64,1024,cpu,2,0.22602391242980957,2.1555320017796475e-07,test_field
numba,32,512,64,1024,cpu,3,0.22129321098327637,2.1104165170982014e-07,test_field
numba,32,512,64,1024,cpu,4,0.21969079971313477,2.0951347323716618e-07,test_field
jax,32,512,64,1024,cpu,0,1.7483422756195068,1.6673491245455807e-06,test_field
jax,32,512,64,1024,cpu,1,1.7509245872497559,1.6698118088243064e-06,test_field
jax,32,512,64,1024,cpu,2,1.7586767673492432,1.677204863881343e-06,test_field
jax,32,512,64,1024,cpu,3,1.7680976390838623,1.686189307292807e-06,test_field
jax,32,512,64,1024,cpu,4,1.770500659942627,1.6884810065675993e-06,test_field
jax,32,512,64,1024,gpu,0,0.13328790664672852,1.2711325325653888e-07,test_field
jax,32,512,64,1024,gpu,1,0.13677597045898438,1.3043973012827337e-07,test_field
jax,32,512,64,1024,gpu,2,0.13798928260803223,1.3159683476260398e-07,test_field
jax,32,512,64,1024,gpu,3,0.13345932960510254,1.2727673492918257e-07,test_field
jax,32,512,64,1024,gpu,4,0.14049410820007324,1.3398562259681057e-07,test_field
torch,32,512,64,1024,cpu,0,7.158926010131836,6.827283868915401e-06,test_field
torch,32,512,64,1024,cpu,1,7.1591713428497314,6.8275178364274325e-06,test_field
torch,32,512,64,1024,cpu,2,7.080548524856567,6.752537274223869e-06,test_field
torch,32,512,64,1024,cpu,3,7.126643657684326,6.796497018513037e-06,test_field
torch,32,512,64,1024,cpu,4,7.034085273742676,6.708226464979816e-06,test_field
torch,32,512,64,1024,gpu,0,0.30515265464782715,2.9101624932081904e-07,test_field
torch,32,512,64,1024,gpu,1,0.3727076053619385,3.554416707629571e-07,test_field
torch,32,512,64,1024,gpu,2,0.3126335144042969,2.9815055313520133e-07,test_field
torch,32,512,64,1024,gpu,3,0.36103296279907227,3.4430786399752833e-07,test_field
torch,32,512,64,1024,gpu,4,0.38401174545288086,3.6622213883674704e-07,test_field
gt4py,32,512,64,1024,cpu,0,5.063040494918823,4.8284916829288704e-06,test_field
gt4py,32,512,64,1024,cpu,1,5.061722040176392,4.827234306503669e-06,test_field
gt4py,32,512,64,1024,cpu,2,5.043766975402832,4.810111022379715e-06,test_field
gt4py,32,512,64,1024,cpu,3,5.067692756652832,4.832928425457794e-06,test_field
gt4py,32,512,64,1024,cpu,4,5.150588274002075,4.911983751298976e-06,test_field
cupy,32,512,64,1024,gpu,0,0.24213862419128418,2.309213869011728e-07,test_field
cupy,32,512,64,1024,gpu,1,0.2420792579650879,2.3086477085598744e-07,test_field
cupy,32,512,64,1024,gpu,2,0.25153636932373047,2.398837750661187e-07,test_field
cupy,32,512,64,1024,gpu,3,0.25503087043762207,2.4321639102709014e-07,test_field
cupy,32,512,64,1024,gpu,4,0.2527272701263428,2.4101950657495763e-07,test_field
numpy,32,512,64,1024,cpu,0,8.234085321426392,7.852635690142051e-06,test_field
numpy,32,512,64,1024,cpu,1,7.929939031600952,7.562579185105278e-06,test_field
numpy,32,512,64,1024,cpu,2,7.937966823577881,7.570235084131127e-06,test_field
numpy,32,512,64,1024,cpu,3,8.395885944366455,8.006940788618522e-06,test_field
numpy,32,512,64,1024,cpu,4,8.075917482376099,7.70179508435831e-06,test_field
fortran,32,512,64,1024,cpu,0,0.88492834,8.439334297180176e-07,test_field
fortran,32,512,64,1024,cpu,1,0.884478467,8.435043973922729e-07,test_field
fortran,32,512,64,1024,cpu,2,0.880133957,8.393611497879028e-07,test_field
fortran,32,512,64,1024,cpu,3,0.880445629,8.396583833694458e-07,test_field
fortran,32,512,64,1024,cpu,4,0.881109128,8.40291145324707e-07,test_field
numba,64,16,16,1024,cpu,0,0.11882901191711426,7.252747309394181e-06,test_field
numba,64,16,16,1024,cpu,1,0.133528470993042,8.14993109088391e-06,test_field
numba,64,16,16,1024,cpu,2,0.11563348770141602,7.05770798958838e-06,test_field
numba,64,16,16,1024,cpu,3,0.1191260814666748,7.270878995768726e-06,test_field
numba,64,16,16,1024,cpu,4,0.11733222007751465,7.161390385590494e-06,test_field
jax,64,16,16,1024,cpu,0,0.15951132774353027,9.73579881247133e-06,test_field
jax,64,16,16,1024,cpu,1,0.16087079048156738,9.818773833103478e-06,test_field
jax,64,16,16,1024,cpu,2,0.1609184741973877,9.821684216149151e-06,test_field
jax,64,16,16,1024,cpu,3,0.15919208526611328,9.716313797980547e-06,test_field
jax,64,16,16,1024,cpu,4,0.1609935760498047,9.826268069446087e-06,test_field
jax,64,16,16,1024,gpu,0,0.11652016639709473,7.111826562322676e-06,test_field
jax,64,16,16,1024,gpu,1,0.11835551261901855,7.223847205750644e-06,test_field
jax,64,16,16,1024,gpu,2,0.11589407920837402,7.073613232932985e-06,test_field
jax,64,16,16,1024,gpu,3,0.11573505401611328,7.063907105475664e-06,test_field
jax,64,16,16,1024,gpu,4,0.1186223030090332,7.240130798891187e-06,test_field
torch,64,16,16,1024,cpu,0,0.23740410804748535,1.4489996829070151e-05,test_field
torch,64,16,16,1024,cpu,1,0.2313683032989502,1.4121600543148816e-05,test_field
torch,64,16,16,1024,cpu,2,0.23836731910705566,1.4548786566592753e-05,test_field
torch,64,16,16,1024,cpu,3,0.23876380920410156,1.4572986401617527e-05,test_field
torch,64,16,16,1024,cpu,4,0.23953723907470703,1.4620192814618349e-05,test_field
torch,64,16,16,1024,gpu,0,0.37779855728149414,2.305899397470057e-05,test_field
torch,64,16,16,1024,gpu,1,0.26644420623779297,1.626246375963092e-05,test_field
torch,64,16,16,1024,gpu,2,0.3944239616394043,2.4073728127405047e-05,test_field
torch,64,16,16,1024,gpu,3,0.3119993209838867,1.904292730614543e-05,test_field
torch,64,16,16,1024,gpu,4,0.3728926181793213,2.2759559215046465e-05,test_field
gt4py,64,16,16,1024,cpu,0,0.2581486701965332,1.5756144421175122e-05,test_field
gt4py,64,16,16,1024,cpu,1,0.2688417434692383,1.6408797819167376e-05,test_field
gt4py,64,16,16,1024,cpu,2,0.27850770950317383,1.6998761566355824e-05,test_field
gt4py,64,16,16,1024,cpu,3,0.2674221992492676,1.632215571589768e-05,test_field
gt4py,64,16,16,1024,cpu,4,0.26955747604370117,1.6452482668682933e-05,test_field
cupy,64,16,16,1024,gpu,0,0.23741674423217773,1.4490768080577254e-05,test_field
cupy,64,16,16,1024,gpu,1,0.2331836223602295,1.42323988256976e-05,test_field
cupy,64,16,16,1024,gpu,2,0.24093341827392578,1.4705408830195665e-05,test_field
cupy,64,16,16,1024,gpu,3,0.24271297454833984,1.4814024325460196e-05,test_field
cupy,64,16,16,1024,gpu,4,0.23838019371032715,1.4549572370015085e-05,test_field
numpy,64,16,16,1024,cpu,0,0.13457012176513672,8.213508408516645e-06,test_field
numpy,64,16,16,1024,cpu,1,0.1498241424560547,9.144539944827557e-06,test_field
numpy,64,16,16,1024,cpu,2,0.12637972831726074,7.713606464676559e-06,test_field
numpy,64,16,16,1024,cpu,3,0.13721585273742676,8.374991011805832e-06,test_field
numpy,64,16,16,1024,cpu,4,0.13974428176879883,8.529314072802663e-06,test_field
fortran,64,16,16,1024,cpu,0,0.011270504,6.8789697265625e-07,test_field
fortran,64,16,16,1024,cpu,1,0.011370437,6.939963989257813e-07,test_field
fortran,64,16,16,1024,cpu,2,0.011265,6.8756103515625e-07,test_field
fortran,64,16,16,1024,cpu,3,0.011276231,6.882465209960937e-07,test_field
fortran,64,16,16,1024,cpu,4,0.011367109,6.937932739257813e-07,test_field
numba,64,16,32,1024,cpu,0,0.11872553825378418,3.6232158890925348e-06,test_field
numba,64,16,32,1024,cpu,1,0.11538839340209961,3.5213743103668094e-06,test_field
numba,64,16,32,1024,cpu,2,0.1180572509765625,3.6028213798999786e-06,test_field
numba,64,16,32,1024,cpu,3,0.12132906913757324,3.702669346239418e-06,test_field
numba,64,16,32,1024,cpu,4,0.11757111549377441,3.5879857023246586e-06,test_field
jax,64,16,32,1024,cpu,0,0.18310809135437012,5.588015483226627e-06,test_field
jax,64,16,32,1024,cpu,1,0.18500137329101562,5.645793862640858e-06,test_field
jax,64,16,32,1024,cpu,2,0.1834883689880371,5.59962063562125e-06,test_field
jax,64,16,32,1024,cpu,3,0.18108820915222168,5.526373570319265e-06,test_field
jax,64,16,32,1024,cpu,4,0.18341946601867676,5.597517883870751e-06,test_field
jax,64,16,32,1024,gpu,0,0.12362003326416016,3.7725840229541063e-06,test_field
jax,64,16,32,1024,gpu,1,0.12022066116333008,3.668843419291079e-06,test_field
jax,64,16,32,1024,gpu,2,0.12151765823364258,3.708424628712237e-06,test_field
jax,64,16,32,1024,gpu,3,0.1170346736907959,3.571614797692746e-06,test_field
jax,64,16,32,1024,gpu,4,0.1230323314666748,3.754648787435144e-06,test_field
torch,64,16,32,1024,cpu,0,0.414135217666626,1.2638403859455138e-05,test_field
torch,64,16,32,1024,cpu,1,0.37469029426574707,1.1434640327934176e-05,test_field
torch,64,16,32,1024,cpu,2,0.37984561920166016,1.1591968359425664e-05,test_field
torch,64,16,32,1024,cpu,3,0.3777492046356201,1.1527990864124149e-05,test_field
torch,64,16,32,1024,cpu,4,0.3713970184326172,1.133413752540946e-05,test_field
torch,64,16,32,1024,gpu,0,0.2615635395050049,7.98228575149551e-06,test_field
torch,64,16,32,1024,gpu,1,0.2628037929534912,8.020135283004493e-06,test_field
torch,64,16,32,1024,gpu,2,0.2678685188293457,8.174698450602591e-06,test_field
torch,64,16,32,1024,gpu,3,0.378340482711792,1.1546035239007324e-05,test_field
torch,64,16,32,1024,gpu,4,0.30095624923706055,9.184455848298967e-06,test_field
gt4py,64,16,32,1024,cpu,0,0.3524055480957031,1.0754563845694065e-05,test_field
gt4py,64,16,32,1024,cpu,1,0.352341890335083,1.0752621165011078e-05,test_field
gt4py,64,16,32,1024,cpu,2,0.3486158847808838,1.063891249941662e-05,test_field
gt4py,64,16,32,1024,cpu,3,0.34826111793518066,1.0628085874486715e-05,test_field
gt4py,64,16,32,1024,cpu,4,0.3500640392303467,1.068310666596517e-05,test_field
cupy,64,16,32,1024,gpu,0,0.2518332004547119,7.685339369345456e-06,test_field
cupy,64,16,32,1024,gpu,1,0.2539207935333252,7.749047654215246e-06,test_field
cupy,64,16,32,1024,gpu,2,0.2503647804260254,7.6405267463997e-06,test_field
cupy,64,16,32,1024,gpu,3,0.24335098266601562,7.426482625305653e-06,test_field
cupy,64,16,32,1024,gpu,4,0.24825596809387207,7.576170901302248e-06,test_field
numpy,64,16,32,1024,cpu,0,0.30834221839904785,9.409857739228755e-06,test_field
numpy,64,16,32,1024,cpu,1,0.29510045051574707,9.005751053337008e-06,test_field
numpy,64,16,32,1024,cpu,2,0.2950553894042969,9.004375897347927e-06,test_field
numpy,64,16,32,1024,cpu,3,0.29438114166259766,8.983799489215016e-06,test_field
numpy,64,16,32,1024,cpu,4,0.2984650135040283,9.108429367188364e-06,test_field
fortran,64,16,32,1024,cpu,0,0.02237519,6.828366088867187e-07,test_field
fortran,64,16,32,1024,cpu,1,0.022396278,6.834801635742187e-07,test_field
fortran,64,16,32,1024,cpu,2,0.022433589,6.846188049316406e-07,test_field
fortran,64,16,32,1024,cpu,3,0.022368791,6.826413269042968e-07,test_field
fortran,64,16,32,1024,cpu,4,0.022366039,6.825573425292969e-07,test_field
numba,64,16,64,1024,cpu,0,0.12077140808105469,1.8428254406899214e-06,test_field
numba,64,16,64,1024,cpu,1,0.11675024032592773,1.7814672901295125e-06,test_field
numba,64,16,64,1024,cpu,2,0.11888432502746582,1.8140308384317905e-06,test_field
numba,64,16,64,1024,cpu,3,0.1215670108795166,1.8549653759691864e-06,test_field
numba,64,16,64,1024,cpu,4,0.11768603324890137,1.7957463569473475e-06,test_field
jax,64,16,64,1024,cpu,0,0.23467659950256348,3.5808807297144085e-06,test_field
jax,64,16,64,1024,cpu,1,0.2341327667236328,3.5725825000554323e-06,test_field
jax,64,16,64,1024,cpu,2,0.23151588439941406,3.5326520446687937e-06,test_field
jax,64,16,64,1024,cpu,3,0.23485088348388672,3.5835400922223926e-06,test_field
jax,64,16,64,1024,cpu,4,0.23111605644226074,3.526551154209301e-06,test_field
jax,64,16,64,1024,gpu,0,0.12584257125854492,1.920205249916762e-06,test_field
jax,64,16,64,1024,gpu,1,0.11791515350341797,1.7992424545809627e-06,test_field
jax,64,16,64,1024,gpu,2,0.12059354782104492,1.840111508499831e-06,test_field
jax,64,16,64,1024,gpu,3,0.11677837371826172,1.7818965716287494e-06,test_field
jax,64,16,64,1024,gpu,4,0.11784863471984863,1.798227458493784e-06,test_field
torch,64,16,64,1024,cpu,0,0.6371386051177979,9.72196357906796e-06,test_field
torch,64,16,64,1024,cpu,1,0.63863205909729,9.744751878315583e-06,test_field
torch,64,16,64,1024,cpu,2,0.6208779811859131,9.473846148466691e-06,test_field
torch,64,16,64,1024,cpu,3,0.6257913112640381,9.548817615723237e-06,test_field
torch,64,16,64,1024,cpu,4,0.6295375823974609,9.60598117671907e-06,test_field
torch,64,16,64,1024,gpu,0,0.26579713821411133,4.055742465425283e-06,test_field
torch,64,16,64,1024,gpu,1,0.3496739864349365,5.335601599654183e-06,test_field
torch,64,16,64,1024,gpu,2,0.4041454792022705,6.1667706177104264e-06,test_field
torch,64,16,64,1024,gpu,3,0.37682461738586426,5.749887350248173e-06,test_field
torch,64,16,64,1024,gpu,4,0.31879091262817383,4.864363290835172e-06,test_field
gt4py,64,16,64,1024,cpu,0,0.5166692733764648,7.883747457526624e-06,test_field
gt4py,64,16,64,1024,cpu,1,0.5089001655578613,7.765200280118734e-06,test_field
gt4py,64,16,64,1024,cpu,2,0.5078117847442627,7.74859290686436e-06,test_field
gt4py,64,16,64,1024,cpu,3,0.5015270709991455,7.652695785509422e-06,test_field
gt4py,64,16,64,1024,cpu,4,0.518343448638916,7.909293344710022e-06,test_field
cupy,64,16,64,1024,gpu,0,0.24962592124938965,3.808989276876673e-06,test_field
cupy,64,16,64,1024,gpu,1,0.24213600158691406,3.694702172651887e-06,test_field
cupy,64,16,64,1024,gpu,2,0.2649271488189697,4.042467480758205e-06,test_field
cupy,64,16,64,1024,gpu,3,0.2449934482574463,3.738303348654881e-06,test_field
cupy,64,16,64,1024,gpu,4,0.2559652328491211,3.905719495378435e-06,test_field
numpy,64,16,64,1024,cpu,0,0.565401554107666,8.627343049738556e-06,test_field
numpy,64,16,64,1024,cpu,1,0.5732841491699219,8.747621905058622e-06,test_field
numpy,64,16,64,1024,cpu,2,0.5698432922363281,8.695118594914675e-06,test_field
numpy,64,16,64,1024,cpu,3,0.573157548904419,8.745690138312057e-06,test_field
numpy,64,16,64,1024,cpu,4,0.5617122650146484,8.571048965677619e-06,test_field
fortran,64,16,64,1024,cpu,0,0.044880331,6.848195037841797e-07,test_field
fortran,64,16,64,1024,cpu,1,0.044892874,6.850108947753906e-07,test_field
fortran,64,16,64,1024,cpu,2,0.044829996,6.840514526367187e-07,test_field
fortran,64,16,64,1024,cpu,3,0.04489953,6.851124572753906e-07,test_field
fortran,64,16,64,1024,cpu,4,0.04484238,6.842404174804688e-07,test_field
numba,64,32,16,1024,cpu,0,0.11869525909423828,3.6222918424755335e-06,test_field
numba,64,32,16,1024,cpu,1,0.11967945098876953,3.6523269955068827e-06,test_field
numba,64,32,16,1024,cpu,2,0.11583590507507324,3.5350312828086317e-06,test_field
numba,64,32,16,1024,cpu,3,0.11829400062561035,3.6100464058108628e-06,test_field
numba,64,32,16,1024,cpu,4,0.11774659156799316,3.5933408071286976e-06,test_field
jax,64,32,16,1024,cpu,0,0.182539701461792,5.570669600274414e-06,test_field
jax,64,32,16,1024,cpu,1,0.18126177787780762,5.531670467462391e-06,test_field
jax,64,32,16,1024,cpu,2,0.17992401123046875,5.4908450692892075e-06,test_field
jax,64,32,16,1024,cpu,3,0.18039870262145996,5.505331500899047e-06,test_field
jax,64,32,16,1024,cpu,4,0.1823570728302002,5.565096216741949e-06,test_field
jax,64,32,16,1024,gpu,0,0.12055325508117676,3.678993380162865e-06,test_field
jax,64,32,16,1024,gpu,1,0.12033438682556152,3.6723140510730445e-06,test_field
jax,64,32,16,1024,gpu,2,0.12372827529907227,3.7758873077109456e-06,test_field
jax,64,32,16,1024,gpu,3,0.12603044509887695,3.846143954433501e-06,test_field
jax,64,32,16,1024,gpu,4,0.12008452415466309,3.6646888474933803e-06,test_field
torch,64,32,16,1024,cpu,0,0.3672330379486084,1.1207062925677747e-05,test_field
torch,64,32,16,1024,cpu,1,0.3495023250579834,1.0665964509826154e-05,test_field
torch,64,32,16,1024,cpu,2,0.33432483673095703,1.020278432406485e-05,test_field
torch,64,32,16,1024,cpu,3,0.3503992557525635,1.0693336662370712e-05,test_field
torch,64,32,16,1024,cpu,4,0.3671402931213379,1.120423257816583e-05,test_field
torch,64,32,16,1024,gpu,0,0.3884279727935791,1.1853881005663425e-05,test_field
torch,64,32,16,1024,gpu,1,0.268949031829834,8.20767309051007e-06,test_field
torch,64,32,16,1024,gpu,2,0.2589287757873535,7.90187914390117e-06,test_field
torch,64,32,16,1024,gpu,3,0.3935360908508301,1.2009768397547305e-05,test_field
torch,64,32,16,1024,gpu,4,0.3689696788787842,1.1260061000939459e-05,test_field
gt4py,64,32,16,1024,cpu,0,0.34362173080444336,1.048650301527232e-05,test_field
gt4py,64,32,16,1024,cpu,1,0.34532737731933594,1.0538555216044188e-05,test_field
gt4py,64,32,16,1024,cpu,2,0.34383487701416016,1.04930077213794e-05,test_field
gt4py,64,32,16,1024,cpu,3,0.340071439743042,1.0378156730439514e-05,test_field
gt4py,64,32,16,1024,cpu,4,0.34547972679138184,1.054320455295965e-05,test_field
cupy,64,32,16,1024,gpu,0,0.2471628189086914,7.542810635641217e-06,test_field
cupy,64,32,16,1024,gpu,1,0.23878145217895508,7.287031621672213e-06,test_field
cupy,64,32,16,1024,gpu,2,0.27521634101867676,8.39893618831411e-06,test_field
cupy,64,32,16,1024,gpu,3,0.25147318840026855,7.67435267334804e-06,test_field
cupy,64,32,16,1024,gpu,4,0.23573017120361328,7.193913916125894e-06,test_field
numpy,64,32,16,1024,cpu,0,0.2854626178741455,8.711627742741257e-06,test_field
numpy,64,32,16,1024,cpu,1,0.27899742126464844,8.514325600117445e-06,test_field
numpy,64,32,16,1024,cpu,2,0.26979494094848633,8.233488188125193e-06,test_field
numpy,64,32,16,1024,cpu,3,0.2820627689361572,8.607872587163001e-06,test_field
numpy,64,32,16,1024,cpu,4,0.2738008499145508,8.355738827958703e-06,test_field
fortran,64,32,16,1024,cpu,0,0.02105968,6.426904296875e-07,test_field
fortran,64,32,16,1024,cpu,1,0.021039104,6.420625e-07,test_field
fortran,64,32,16,1024,cpu,2,0.021026881,6.416894836425781e-07,test_field
fortran,64,32,16,1024,cpu,3,0.021032993,6.418760070800781e-07,test_field
fortran,64,32,16,1024,cpu,4,0.021139614,6.451298217773438e-07,test_field
numba,64,32,32,1024,cpu,0,0.12004780769348145,1.831784175010398e-06,test_field
numba,64,32,32,1024,cpu,1,0.12345457077026367,1.8837672541849315e-06,test_field
numba,64,32,32,1024,cpu,2,0.1223297119140625,1.8666032701730728e-06,test_field
numba,64,32,32,1024,cpu,3,0.12225008010864258,1.8653881852515042e-06,test_field
numba,64,32,32,1024,cpu,4,0.12353849411010742,1.8850478227250278e-06,test_field
jax,64,32,32,1024,cpu,0,0.23281502723693848,3.5524753911886364e-06,test_field
jax,64,32,32,1024,cpu,1,0.2297360897064209,3.505494532873854e-06,test_field
jax,64,32,32,1024,cpu,2,0.22835159301757812,3.4843687899410725e-06,test_field
jax,64,32,32,1024,cpu,3,0.23009729385375977,3.511006070766598e-06,test_field
jax,64,32,32,1024,cpu,4,0.2270975112915039,3.46523302141577e-06,test_field
jax,64,32,32,1024,gpu,0,0.12249326705932617,1.8690989236347377e-06,test_field
jax,64,32,32,1024,gpu,1,0.11988091468811035,1.8292375898454338e-06,test_field
jax,64,32,32,1024,gpu,2,0.11981415748596191,1.8282189557794482e-06,test_field
jax,64,32,32,1024,gpu,3,0.12387442588806152,1.89017373486422e-06,test_field
jax,64,32,32,1024,gpu,4,0.12108063697814941,1.8475438992027193e-06,test_field
torch,64,32,32,1024,cpu,0,0.5782809257507324,8.82386666489765e-06,test_field
torch,64,32,32,1024,cpu,1,0.5988826751708984,9.138224413618445e-06,test_field
torch,64,32,32,1024,cpu,2,0.5831048488616943,8.897473890101537e-06,test_field
torch,64,32,32,1024,cpu,3,0.5777547359466553,8.815837645670399e-06,test_field
torch,64,32,32,1024,cpu,4,0.5670948028564453,8.653179975226521e-06,test_field
torch,64,32,32,1024,gpu,0,0.38747358322143555,5.912377673666924e-06,test_field
torch,64,32,32,1024,gpu,1,0.41196513175964355,6.2860890466254205e-06,test_field
torch,64,32,32,1024,gpu,2,0.3446223735809326,5.258520104689524e-06,test_field
torch,64,32,32,1024,gpu,3,0.37734365463256836,5.7578072301112115e-06,test_field
torch,64,32,32,1024,gpu,4,0.3331618309020996,5.083646101411432e-06,test_field
gt4py,64,32,32,1024,cpu,0,0.49891209602355957,7.6127944339532405e-06,test_field
gt4py,64,32,32,1024,cpu,1,0.5064961910247803,7.728518539806828e-06,test_field
gt4py,64,32,32,1024,cpu,2,0.49247026443481445,7.5144998845644295e-06,test_field
gt4py,64,32,32,1024,cpu,3,0.5006914138793945,7.639944669790566e-06,test_field
gt4py,64,32,32,1024,cpu,4,0.4982292652130127,7.60237526264973e-06,test_field
cupy,64,32,32,1024,gpu,0,0.24152469635009766,3.6853743949905038e-06,test_field
cupy,64,32,32,1024,gpu,1,0.23041200637817383,3.515808202791959e-06,test_field
cupy,64,32,32,1024,gpu,2,0.23722457885742188,3.6197598092257977e-06,test_field
cupy,64,32,32,1024,gpu,3,0.2427215576171875,3.703637048602104e-06,test_field
cupy,64,32,32,1024,gpu,4,0.23841118812561035,3.637866029748693e-06,test_field
numpy,64,32,32,1024,cpu,0,0.5530555248260498,8.438957593170926e-06,test_field
numpy,64,32,32,1024,cpu,1,0.5232040882110596,7.983460818650201e-06,test_field
numpy,64,32,32,1024,cpu,2,0.5353522300720215,8.168826752807945e-06,test_field
numpy,64,32,32,1024,cpu,3,0.5313470363616943,8.107712346827611e-06,test_field
numpy,64,32,32,1024,cpu,4,0.5302636623382568,8.091181371128187e-06,test_field
fortran,64,32,32,1024,cpu,0,0.04191479,6.395689392089844e-07,test_field
fortran,64,32,32,1024,cpu,1,0.041964037,6.403203887939454e-07,test_field
fortran,64,32,32,1024,cpu,2,0.04193143,6.398228454589844e-07,test_field
fortran,64,32,32,1024,cpu,3,0.041891943,6.392203216552735e-07,test_field
fortran,64,32,32,1024,cpu,4,0.041912935,6.395406341552734e-07,test_field
numba,64,32,64,1024,cpu,0,0.1280198097229004,9.767136361915618e-07,test_field
numba,64,32,64,1024,cpu,1,0.12361693382263184,9.431223588762805e-07,test_field
numba,64,32,64,1024,cpu,2,0.12294697761535645,9.380109986523166e-07,test_field
numba,64,32,64,1024,cpu,3,0.12542176246643066,9.568921086611226e-07,test_field
numba,64,32,64,1024,cpu,4,0.13005590438842773,9.922478056978434e-07,test_field
jax,64,32,64,1024,cpu,0,0.33171677589416504,2.5307981559308246e-06,test_field
jax,64,32,64,1024,cpu,1,0.3285257816314697,2.506452801753767e-06,test_field
jax,64,32,64,1024,cpu,2,0.3331272602081299,2.541559297242202e-06,test_field
jax,64,32,64,1024,cpu,3,0.33285975456237793,2.5395183911314234e-06,test_field
jax,64,32,64,1024,cpu,4,0.32949185371398926,2.5138233468169346e-06,test_field
jax,64,32,64,1024,gpu,0,0.11915397644042969,9.090726962313056e-07,test_field
jax,64,32,64,1024,gpu,1,0.11207151412963867,8.550377970095724e-07,test_field
jax,64,32,64,1024,gpu,2,0.11627078056335449,8.870756573742256e-07,test_field
jax,64,32,64,1024,gpu,3,0.11273336410522461,8.600873115938157e-07,test_field
jax,64,32,64,1024,gpu,4,0.11780762672424316,8.988008630694821e-07,test_field
torch,64,32,64,1024,cpu,0,1.047579288482666,7.992395694600418e-06,test_field
torch,64,32,64,1024,cpu,1,1.0442750453948975,7.967186320456676e-06,test_field
torch,64,32,64,1024,cpu,2,1.0446209907531738,7.969825674081221e-06,test_field
torch,64,32,64,1024,cpu,3,1.120894193649292,8.551744031137787e-06,test_field
torch,64,32,64,1024,cpu,4,1.0347976684570312,7.894879672676325e-06,test_field
torch,64,32,64,1024,gpu,0,0.34029078483581543,2.5962126528611407e-06,test_field
torch,64,32,64,1024,gpu,1,0.3670613765716553,2.8004560590488836e-06,test_field
torch,64,32,64,1024,gpu,2,0.3186016082763672,2.4307373678311706e-06,test_field
torch,64,32,64,1024,gpu,3,0.3217010498046875,2.4543842300772667e-06,test_field
torch,64,32,64,1024,gpu,4,0.3063211441040039,2.3370448616333306e-06,test_field
gt4py,64,32,64,1024,cpu,0,0.7913341522216797,6.037400453351438e-06,test_field
gt4py,64,32,64,1024,cpu,1,0.7911636829376221,6.036099875927903e-06,test_field
gt4py,64,32,64,1024,cpu,2,0.7875289916992188,6.008369382470846e-06,test_field
gt4py,64,32,64,1024,cpu,3,0.7963299751281738,6.075515557313338e-06,test_field
gt4py,64,32,64,1024,cpu,4,0.7838284969329834,5.980136847938411e-06,test_field
cupy,64,32,64,1024,gpu,0,0.23901963233947754,1.8235750758321956e-06,test_field
cupy,64,32,64,1024,gpu,1,0.24709272384643555,1.8851678760256618e-06,test_field
cupy,64,32,64,1024,gpu,2,0.24426603317260742,1.8636019376572222e-06,test_field
cupy,64,32,64,1024,gpu,3,0.24704456329345703,1.8848004401661456e-06,test_field
cupy,64,32,64,1024,gpu,4,0.23955106735229492,1.8276296032126993e-06,test_field
numpy,64,32,64,1024,cpu,0,0.9822964668273926,7.494327292079106e-06,test_field
numpy,64,32,64,1024,cpu,1,1.0205910205841064,7.786491551087238e-06,test_field
numpy,64,32,64,1024,cpu,2,1.0212981700897217,7.791886673658155e-06,test_field
numpy,64,32,64,1024,cpu,3,1.0208532810211182,7.788492439431138e-06,test_field
numpy,64,32,64,1024,cpu,4,1.008894443511963,7.697253749938682e-06,test_field
fortran,64,32,64,1024,cpu,0,0.084533464,6.449391479492188e-07,test_field
fortran,64,32,64,1024,cpu,1,0.084404668,6.439565124511719e-07,test_field
fortran,64,32,64,1024,cpu,2,0.084460443,6.443820419311523e-07,test_field
fortran,64,32,64,1024,cpu,3,0.08413722,6.419160461425781e-07,test_field
fortran,64,32,64,1024,cpu,4,0.084024231,6.410540084838868e-07,test_field
numba,64,64,16,1024,cpu,0,0.12164068222045898,1.8560895114205778e-06,test_field
numba,64,64,16,1024,cpu,1,0.12340664863586426,1.883036020444706e-06,test_field
numba,64,64,16,1024,cpu,2,0.12283802032470703,1.8743594409897923e-06,test_field
numba,64,64,16,1024,cpu,3,0.12252449989318848,1.8695754988584667e-06,test_field
numba,64,64,16,1024,cpu,4,0.1219949722290039,1.861495547927916e-06,test_field
jax,64,64,16,1024,cpu,0,0.22521400451660156,3.4364929888397455e-06,test_field
jax,64,64,16,1024,cpu,1,0.22509503364562988,3.4346776374150068e-06,test_field
jax,64,64,16,1024,cpu,2,0.22757291793823242,3.472487151157111e-06,test_field
jax,64,64,16,1024,cpu,3,0.22464656829833984,3.4278345992788672e-06,test_field
jax,64,64,16,1024,cpu,4,0.22362303733825684,3.4122167562600225e-06,test_field
jax,64,64,16,1024,gpu,0,0.1211240291595459,1.84820601134561e-06,test_field
jax,64,64,16,1024,gpu,1,0.11715984344482422,1.7877173377200961e-06,test_field
jax,64,64,16,1024,gpu,2,0.12059235572814941,1.8400933186057955e-06,test_field
jax,64,64,16,1024,gpu,3,0.11649703979492188,1.7776037566363811e-06,test_field
jax,64,64,16,1024,gpu,4,0.1161041259765625,1.771608367562294e-06,test_field
torch,64,64,16,1024,cpu,0,0.5591764450073242,8.532355423085392e-06,test_field
torch,64,64,16,1024,cpu,1,0.5288398265838623,8.069455361692235e-06,test_field
torch,64,64,16,1024,cpu,2,0.5910468101501465,9.01865860214457e-06,test_field
torch,64,64,16,1024,cpu,3,0.547461748123169,8.35360333439894e-06,test_field
torch,64,64,16,1024,cpu,4,0.5737593173980713,8.754872396821156e-06,test_field
torch,64,64,16,1024,gpu,0,0.38114309310913086,5.815782060381025e-06,test_field
torch,64,64,16,1024,gpu,1,0.2623260021209717,4.0027771319728345e-06,test_field
torch,64,64,16,1024,gpu,2,0.39095306396484375,5.965470336377621e-06,test_field
torch,64,64,16,1024,gpu,3,0.3060615062713623,4.670127964345738e-06,test_field
torch,64,64,16,1024,gpu,4,0.26461362838745117,4.0376835386268795e-06,test_field
gt4py,64,64,16,1024,cpu,0,0.49268364906311035,7.517755875596777e-06,test_field
gt4py,64,64,16,1024,cpu,1,0.4926438331604004,7.517148333135992e-06,test_field
gt4py,64,64,16,1024,cpu,2,0.48793816566467285,7.445345545420423e-06,test_field
gt4py,64,64,16,1024,cpu,3,0.49265027046203613,7.517246558563784e-06,test_field
gt4py,64,64,16,1024,cpu,4,0.4976367950439453,7.593334885314107e-06,test_field
cupy,64,64,16,1024,gpu,0,0.24398517608642578,3.7229183362796903e-06,test_field
cupy,64,64,16,1024,gpu,1,0.23488259315490723,3.5840239434037358e-06,test_field
cupy,64,64,16,1024,gpu,2,0.2407996654510498,3.674311301438138e-06,test_field
cupy,64,64,16,1024,gpu,3,0.24001240730285645,3.662298695417121e-06,test_field
cupy,64,64,16,1024,gpu,4,0.2542440891265869,3.87945692637004e-06,test_field
numpy,64,64,16,1024,cpu,0,0.5264294147491455,8.032675395952538e-06,test_field
numpy,64,64,16,1024,cpu,1,0.5023465156555176,7.665199518669397e-06,test_field
numpy,64,64,16,1024,cpu,2,0.5085396766662598,7.759699656162411e-06,test_field
numpy,64,64,16,1024,cpu,3,0.5102746486663818,7.786173227941617e-06,test_field
numpy,64,64,16,1024,cpu,4,0.5093824863433838,7.77255991124548e-06,test_field
fortran,64,64,16,1024,cpu,0,0.041185757,6.284447784423829e-07,test_field
fortran,64,64,16,1024,cpu,1,0.041178462,6.283334655761719e-07,test_field
fortran,64,64,16,1024,cpu,2,0.041174397,6.282714385986328e-07,test_field
fortran,64,64,16,1024,cpu,3,0.041198749,6.286430206298828e-07,test_field
fortran,64,64,16,1024,cpu,4,0.04116723,6.281620788574219e-07,test_field
numba,64,64,32,1024,cpu,0,0.1229085922241211,9.377181413583457e-07,test_field
numba,64,64,32,1024,cpu,1,0.12563228607177734,9.584982763044536e-07,test_field
numba,64,64,32,1024,cpu,2,0.1254570484161377,9.571613190928474e-07,test_field
numba,64,64,32,1024,cpu,3,0.12903213500976562,9.844370651990175e-07,test_field
numba,64,64,32,1024,cpu,4,0.1262950897216797,9.63555066846311e-07,test_field
jax,64,64,32,1024,cpu,0,0.31905674934387207,2.4342098186025396e-06,test_field
jax,64,64,32,1024,cpu,1,0.3206181526184082,2.4461223802063614e-06,test_field
jax,64,64,32,1024,cpu,2,0.3184242248535156,2.4293840397149324e-06,test_field
jax,64,64,32,1024,cpu,3,0.3205227851867676,2.445394784444943e-06,test_field
jax,64,64,32,1024,cpu,4,0.31852078437805176,2.4301207304233685e-06,test_field
jax,64,64,32,1024,gpu,0,0.11206626892089844,8.549977792426944e-07,test_field
jax,64,64,32,1024,gpu,1,0.11283564567565918,8.608676580479369e-07,test_field
jax,64,64,32,1024,gpu,2,0.11716985702514648,8.93935066414997e-07,test_field
jax,64,64,32,1024,gpu,3,0.11660528182983398,8.896276995074004e-07,test_field
jax,64,64,32,1024,gpu,4,0.11114382743835449,8.479601092403755e-07,test_field
torch,64,64,32,1024,cpu,0,0.9681196212768555,7.386166544165462e-06,test_field
torch,64,64,32,1024,cpu,1,1.0036535263061523,7.657268724869937e-06,test_field
torch,64,64,32,1024,cpu,2,0.9914164543151855,7.563907274743542e-06,test_field
torch,64,64,32,1024,cpu,3,1.0184156894683838,7.769895091769286e-06,test_field
torch,64,64,32,1024,cpu,4,1.0121617317199707,7.722181180724874e-06,test_field
torch,64,64,32,1024,gpu,0,0.30278515815734863,2.310067429789342e-06,test_field
torch,64,64,32,1024,gpu,1,0.3700706958770752,2.8234153433004394e-06,test_field
torch,64,64,32,1024,gpu,2,0.33355069160461426,2.5447898224228993e-06,test_field
torch,64,64,32,1024,gpu,3,0.3061187267303467,2.33550053962972e-06,test_field
torch,64,64,32,1024,gpu,4,0.2658724784851074,2.028446033364162e-06,test_field
gt4py,64,64,32,1024,cpu,0,0.7728092670440674,5.8960667956853285e-06,test_field
gt4py,64,64,32,1024,cpu,1,0.785963773727417,5.996427717036568e-06,test_field
gt4py,64,64,32,1024,cpu,2,0.7736854553222656,5.9027515817433596e-06,test_field
gt4py,64,64,32,1024,cpu,3,0.7706575393676758,5.879650416318327e-06,test_field
gt4py,64,64,32,1024,cpu,4,0.7750701904296875,5.913316272199154e-06,test_field
cupy,64,64,32,1024,gpu,0,0.24761748313903809,1.8891714717028663e-06,test_field
cupy,64,64,32,1024,gpu,1,0.2438640594482422,1.8605351215228438e-06,test_field
cupy,64,64,32,1024,gpu,2,0.2574751377105713,1.9643794075818732e-06,test_field
cupy,64,64,32,1024,gpu,3,0.24235081672668457,1.8489899957785383e-06,test_field
cupy,64,64,32,1024,gpu,4,0.2453444004058838,1.87182922672946e-06,test_field
numpy,64,64,32,1024,cpu,0,0.9832563400268555,7.501650543417782e-06,test_field
numpy,64,64,32,1024,cpu,1,0.9386756420135498,7.16152680979576e-06,test_field
numpy,64,64,32,1024,cpu,2,0.9311873912811279,7.104395990609191e-06,test_field
numpy,64,64,32,1024,cpu,3,0.9326004981994629,7.115177140804008e-06,test_field
numpy,64,64,32,1024,cpu,4,0.938941240310669,7.16355316399131e-06,test_field
fortran,64,64,32,1024,cpu,0,0.083132132,6.342478332519531e-07,test_field
fortran,64,64,32,1024,cpu,1,0.081748174,6.236890716552735e-07,test_field
fortran,64,64,32,1024,cpu,2,0.08228963,6.27820053100586e-07,test_field
fortran,64,64,32,1024,cpu,3,0.081686543,6.23218864440918e-07,test_field
fortran,64,64,32,1024,cpu,4,0.08179886,6.240757751464844e-07,test_field
numba,64,64,64,1024,cpu,0,0.1331806182861328,5.080437404103577e-07,test_field
numba,64,64,64,1024,cpu,1,0.13171887397766113,5.024676283937879e-07,test_field
numba,64,64,64,1024,cpu,2,0.1311492919921875,5.002948455512524e-07,test_field
numba,64,64,64,1024,cpu,3,0.13078880310058594,4.989196895621717e-07,test_field
numba,64,64,64,1024,cpu,4,0.1323695182800293,5.049496394349262e-07,test_field
jax,64,64,64,1024,cpu,0,0.5237629413604736,1.997997060243506e-06,test_field
jax,64,64,64,1024,cpu,1,0.5245401859283447,2.0009620129712857e-06,test_field
jax,64,64,64,1024,cpu,2,0.5268950462341309,2.009945092140697e-06,test_field
jax,64,64,64,1024,cpu,3,0.5234322547912598,1.996735591092147e-06,test_field
jax,64,64,64,1024,cpu,4,0.5245270729064941,2.0009119907626882e-06,test_field
jax,64,64,64,1024,gpu,0,0.12484598159790039,4.762496246257797e-07,test_field
jax,64,64,64,1024,gpu,1,0.1313917636871338,5.012198016629554e-07,test_field
jax,64,64,64,1024,gpu,2,0.12916970252990723,4.927433110424317e-07,test_field
jax,64,64,64,1024,gpu,3,0.13131380081176758,5.009223968954757e-07,test_field
jax,64,64,64,1024,gpu,4,0.12984561920166016,4.95321728521958e-07,test_field
torch,64,64,64,1024,cpu,0,1.9018754959106445,7.2550792538095266e-06,test_field
torch,64,64,64,1024,cpu,1,1.9192538261413574,7.321372322621755e-06,test_field
torch,64,64,64,1024,cpu,2,1.904658317565918,7.26569487596862e-06,test_field
torch,64,64,64,1024,cpu,3,1.9312920570373535,7.367294529103674e-06,test_field
torch,64,64,64,1024,cpu,4,1.9484295845031738,7.432669008267112e-06,test_field
torch,64,64,64,1024,gpu,0,0.2574300765991211,9.820178092923015e-07,test_field
torch,64,64,64,1024,gpu,1,0.3829805850982666,1.4609549907618202e-06,test_field
torch,64,64,64,1024,gpu,2,0.30136942863464355,1.1496331353555433e-06,test_field
torch,64,64,64,1024,gpu,3,0.29726219177246094,1.1339652701281011e-06,test_field
torch,64,64,64,1024,gpu,4,0.3708662986755371,1.414742655470036e-06,test_field
gt4py,64,64,64,1024,cpu,0,1.3471579551696777,5.138999767950736e-06,test_field
gt4py,64,64,64,1024,cpu,1,1.3539435863494873,5.164884896657895e-06,test_field
gt4py,64,64,64,1024,cpu,2,1.349196434020996,5.1467759476508945e-06,test_field
gt4py,64,64,64,1024,cpu,3,1.344958782196045,5.1306105888215825e-06,test_field
gt4py,64,64,64,1024,cpu,4,1.352675437927246,5.160047294339165e-06,test_field
cupy,64,64,64,1024,gpu,0,0.2432725429534912,9.280111044063233e-07,test_field
cupy,64,64,64,1024,gpu,1,0.2594001293182373,9.895329640130512e-07,test_field
cupy,64,64,64,1024,gpu,2,0.21595525741577148,8.238039299612865e-07,test_field
cupy,64,64,64,1024,gpu,3,0.23700761795043945,9.04112312127836e-07,test_field
cupy,64,64,64,1024,gpu,4,0.23703455924987793,9.042150850291364e-07,test_field
numpy,64,64,64,1024,cpu,0,1.8509061336517334,7.060646566969808e-06,test_field
numpy,64,64,64,1024,cpu,1,1.8895564079284668,7.208085662568919e-06,test_field
numpy,64,64,64,1024,cpu,2,1.8789112567901611,7.16747763362946e-06,test_field
numpy,64,64,64,1024,cpu,3,1.877715826034546,7.1629174271947704e-06,test_field
numpy,64,64,64,1024,cpu,4,1.8810575008392334,7.17566490493482e-06,test_field
fortran,64,64,64,1024,cpu,0,0.170071485,6.487712287902832e-07,test_field
fortran,64,64,64,1024,cpu,1,0.169462383,6.464476890563965e-07,test_field
fortran,64,64,64,1024,cpu,2,0.16913404,6.451951599121094e-07,test_field
fortran,64,64,64,1024,cpu,3,0.168464492,6.426410369873047e-07,test_field
fortran,64,64,64,1024,cpu,4,0.169228277,6.455546455383301e-07,test_field
numba,64,128,16,1024,cpu,0,0.14166927337646484,1.080850779544562e-06,test_field
numba,64,128,16,1024,cpu,1,0.14305686950683594,1.091437297873199e-06,test_field
numba,64,128,16,1024,cpu,2,0.14237141609191895,1.0862077033380046e-06,test_field
numba,64,128,16,1024,cpu,3,0.14140081405639648,1.0788025974761695e-06,test_field
numba,64,128,16,1024,cpu,4,0.14331841468811035,1.0934327292488888e-06,test_field
jax,64,128,16,1024,cpu,0,0.3133985996246338,2.3910415620775893e-06,test_field
jax,64,128,16,1024,cpu,1,0.31232762336730957,2.3828706616768613e-06,test_field
jax,64,128,16,1024,cpu,2,0.31444859504699707,2.3990523914108053e-06,test_field
jax,64,128,16,1024,cpu,3,0.31453919410705566,2.3997436073841527e-06,test_field
jax,64,128,16,1024,cpu,4,0.3134124279022217,2.391147063462995e-06,test_field
jax,64,128,16,1024,gpu,0,0.11540341377258301,8.804581739241257e-07,test_field
jax,64,128,16,1024,gpu,1,0.11260056495666504,8.590741344960406e-07,test_field
jax,64,128,16,1024,gpu,2,0.11474943161010742,8.754686859901994e-07,test_field
jax,64,128,16,1024,gpu,3,0.11624884605407715,8.869083103490993e-07,test_field
jax,64,128,16,1024,gpu,4,0.11681675910949707,8.912411431083456e-07,test_field
torch,64,128,16,1024,cpu,0,0.9492957592010498,7.242551873787306e-06,test_field
torch,64,128,16,1024,cpu,1,0.9639604091644287,7.354434274020605e-06,test_field
torch,64,128,16,1024,cpu,2,0.9538509845733643,7.277305485331453e-06,test_field
torch,64,128,16,1024,cpu,3,0.962104320526123,7.340273441514e-06,test_field
torch,64,128,16,1024,cpu,4,0.9569277763366699,7.300779543584213e-06,test_field
torch,64,128,16,1024,gpu,0,0.3140857219696045,2.3962838895386085e-06,test_field
torch,64,128,16,1024,gpu,1,0.40204906463623047,3.0673909350298345e-06,test_field
torch,64,128,16,1024,gpu,2,0.27492380142211914,2.0975021470803767e-06,test_field
torch,64,128,16,1024,gpu,3,0.31911182403564453,2.4346300051547587e-06,test_field
torch,64,128,16,1024,gpu,4,0.3783714771270752,2.886745278374292e-06,test_field
gt4py,64,128,16,1024,cpu,0,0.7792658805847168,5.945326847722754e-06,test_field
gt4py,64,128,16,1024,cpu,1,0.7835395336151123,5.977932232781313e-06,test_field
gt4py,64,128,16,1024,cpu,2,0.7681586742401123,5.860585588379763e-06,test_field
gt4py,64,128,16,1024,cpu,3,0.7798635959625244,5.949887054157443e-06,test_field
gt4py,64,128,16,1024,cpu,4,0.7727756500244141,5.895810318179429e-06,test_field
cupy,64,128,16,1024,gpu,0,0.2573850154876709,1.963691829587333e-06,test_field
cupy,64,128,16,1024,gpu,1,0.25686001777648926,1.959686414920725e-06,test_field
cupy,64,128,16,1024,gpu,2,0.23691415786743164,1.8075115804094821e-06,test_field
cupy,64,128,16,1024,gpu,3,0.23351311683654785,1.7815636965679005e-06,test_field
cupy,64,128,16,1024,gpu,4,0.24244379997253418,1.8496994016459212e-06,test_field
numpy,64,128,16,1024,cpu,0,0.9197995662689209,7.017513780738227e-06,test_field
numpy,64,128,16,1024,cpu,1,0.9505016803741455,7.251752322190441e-06,test_field
numpy,64,128,16,1024,cpu,2,0.9438183307647705,7.200762411230244e-06,test_field
numpy,64,128,16,1024,cpu,3,0.9424717426300049,7.190488759079017e-06,test_field
numpy,64,128,16,1024,cpu,4,0.9497594833374023,7.246089808177203e-06,test_field
fortran,64,128,16,1024,cpu,0,0.083720007,6.387329635620117e-07,test_field
fortran,64,128,16,1024,cpu,1,0.083750502,6.389656219482422e-07,test_field
fortran,64,128,16,1024,cpu,2,0.083937696,6.40393798828125e-07,test_field
fortran,64,128,16,1024,cpu,3,0.084646187,6.457991561889648e-07,test_field
fortran,64,128,16,1024,cpu,4,0.083270643,6.353045883178711e-07,test_field
numba,64,128,32,1024,cpu,0,0.14429640769958496,5.504471118911169e-07,test_field
numba,64,128,32,1024,cpu,1,0.14378595352172852,5.484998837346211e-07,test_field
numba,64,128,32,1024,cpu,2,0.1423351764678955,5.429656084743328e-07,test_field
numba,64,128,32,1024,cpu,3,0.14573431015014648,5.559322744375095e-07,test_field
numba,64,128,32,1024,cpu,4,0.14466428756713867,5.518504622159526e-07,test_field
jax,64,128,32,1024,cpu,0,0.5139753818511963,1.9606604837463237e-06,test_field
jax,64,128,32,1024,cpu,1,0.5119895935058594,1.953085302375257e-06,test_field
jax,64,128,32,1024,cpu,2,0.5135593414306641,1.95907341549173e-06,test_field
jax,64,128,32,1024,cpu,3,0.5126245021820068,1.9555072867660783e-06,test_field
jax,64,128,32,1024,cpu,4,0.5118978023529053,1.9527351469150744e-06,test_field
jax,64,128,32,1024,gpu,0,0.1261610984802246,4.812663974007592e-07,test_field
jax,64,128,32,1024,gpu,1,0.1298201084136963,4.952244125888683e-07,test_field
jax,64,128,32,1024,gpu,2,0.1299576759338379,4.957491910317913e-07,test_field
jax,64,128,32,1024,gpu,3,0.1286146640777588,4.906260073767044e-07,test_field
jax,64,128,32,1024,gpu,4,0.12503647804260254,4.769763108924963e-07,test_field
torch,64,128,32,1024,cpu,0,1.7857637405395508,6.812148058088496e-06,test_field
torch,64,128,32,1024,cpu,1,1.7939999103546143,6.843566552561242e-06,test_field
torch,64,128,32,1024,cpu,2,1.766664981842041,6.739292075508274e-06,test_field
torch,64,128,32,1024,cpu,3,1.7855935096740723,6.8114986788714305e-06,test_field
torch,64,128,32,1024,cpu,4,1.77474045753479,6.770097570552025e-06,test_field
torch,64,128,32,1024,gpu,0,0.3801443576812744,1.4501356417895295e-06,test_field
torch,64,128,32,1024,gpu,1,0.31726527214050293,1.210270966112148e-06,test_field
torch,64,128,32,1024,gpu,2,0.3896644115447998,1.4864517652313225e-06,test_field
torch,64,128,32,1024,gpu,3,0.30368471145629883,1.1584652384044603e-06,test_field
torch,64,128,32,1024,gpu,4,0.3818938732147217,1.4568095139111392e-06,test_field
gt4py,64,128,32,1024,cpu,0,1.341993808746338,5.119300112710334e-06,test_field
gt4py,64,128,32,1024,cpu,1,1.374405860900879,5.242942279437557e-06,test_field
gt4py,64,128,32,1024,cpu,2,1.3634138107299805,5.201010935707018e-06,test_field
gt4py,64,128,32,1024,cpu,3,1.3668148517608643,5.213984877627809e-06,test_field
gt4py,64,128,32,1024,cpu,4,1.3616678714752197,5.194350706005935e-06,test_field
cupy,64,128,32,1024,gpu,0,0.23957109451293945,9.138911991612986e-07,test_field
cupy,64,128,32,1024,gpu,1,0.23775148391723633,9.069499355973676e-07,test_field
cupy,64,128,32,1024,gpu,2,0.23660874366760254,9.025907274917699e-07,test_field
cupy,64,128,32,1024,gpu,3,0.2523958683013916,9.628138286643662e-07,test_field
cupy,64,128,32,1024,gpu,4,0.23856019973754883,9.100349416257814e-07,test_field
numpy,64,128,32,1024,cpu,0,1.8381638526916504,7.012038622633554e-06,test_field
numpy,64,128,32,1024,cpu,1,1.7802917957305908,6.791274245188106e-06,test_field
numpy,64,128,32,1024,cpu,2,1.7792682647705078,6.787369784433395e-06,test_field
numpy,64,128,32,1024,cpu,3,1.773791790008545,6.7664786911336705e-06,test_field
numpy,64,128,32,1024,cpu,4,1.8139686584472656,6.919741281308234e-06,test_field
fortran,64,128,32,1024,cpu,0,0.176828872,6.745486145019531e-07,test_field
fortran,64,128,32,1024,cpu,1,0.177162653,6.758218879699707e-07,test_field
fortran,64,128,32,1024,cpu,2,0.17635967,6.727587509155273e-07,test_field
fortran,64,128,32,1024,cpu,3,0.177532307,6.77232006072998e-07,test_field
fortran,64,128,32,1024,cpu,4,0.17672254,6.741429901123047e-07,test_field
numba,64,128,64,1024,cpu,0,0.16501808166503906,3.1474701245315373e-07,test_field
numba,64,128,64,1024,cpu,1,0.16575336456298828,3.161494532832876e-07,test_field
numba,64,128,64,1024,cpu,2,0.17130136489868164,3.267314241384156e-07,test_field
numba,64,128,64,1024,cpu,3,0.16683006286621094,3.1820309231989086e-07,test_field
numba,64,128,64,1024,cpu,4,0.1651930809020996,3.150807970087044e-07,test_field
jax,64,128,64,1024,cpu,0,0.9093508720397949,1.7344491425319575e-06,test_field
jax,64,128,64,1024,cpu,1,0.9159975051879883,1.7471265891799703e-06,test_field
jax,64,128,64,1024,cpu,2,0.9137201309204102,1.7427828424843028e-06,test_field
jax,64,128,64,1024,cpu,3,0.9151594638824463,1.7455281522416044e-06,test_field
jax,64,128,64,1024,cpu,4,0.9100069999694824,1.735700607241597e-06,test_field
jax,64,128,64,1024,gpu,0,0.1267409324645996,2.4173914425773546e-07,test_field
jax,64,128,64,1024,gpu,1,0.12426996231079102,2.3702614271314815e-07,test_field
jax,64,128,64,1024,gpu,2,0.12633991241455078,2.4097425921354443e-07,test_field
jax,64,128,64,1024,gpu,3,0.1302626132965088,2.484562173776794e-07,test_field
jax,64,128,64,1024,gpu,4,0.1264476776123047,2.411798050161451e-07,test_field
torch,64,128,64,1024,cpu,0,3.412769317626953,6.509340892080218e-06,test_field
torch,64,128,64,1024,cpu,1,3.3879125118255615,6.4619302975188475e-06,test_field
torch,64,128,64,1024,cpu,2,3.385885238647461,6.45806358079426e-06,test_field
torch,64,128,64,1024,cpu,3,3.3810203075408936,6.448784461099422e-06,test_field
torch,64,128,64,1024,cpu,4,3.401491403579712,6.487829978141235e-06,test_field
torch,64,128,64,1024,gpu,0,0.30121707916259766,5.745259841205552e-07,test_field
torch,64,128,64,1024,gpu,1,0.31493043899536133,6.006821422488429e-07,test_field
torch,64,128,64,1024,gpu,2,0.34503817558288574,6.581080924661364e-07,test_field
torch,64,128,64,1024,gpu,3,0.38993120193481445,7.437347449013032e-07,test_field
torch,64,128,64,1024,gpu,4,0.36887264251708984,7.035687303869054e-07,test_field
gt4py,64,128,64,1024,cpu,0,2.500880718231201,4.770051418745425e-06,test_field
gt4py,64,128,64,1024,cpu,1,2.535856008529663,4.836761490878416e-06,test_field
gt4py,64,128,64,1024,cpu,2,2.5373189449310303,4.8395518206234556e-06,test_field
gt4py,64,128,64,1024,cpu,3,2.507014274597168,4.78175024909433e-06,test_field
gt4py,64,128,64,1024,cpu,4,2.544332265853882,4.852928668697132e-06,test_field
cupy,64,128,64,1024,gpu,0,0.2509617805480957,4.78671609016601e-07,test_field
cupy,64,128,64,1024,gpu,1,0.2509927749633789,4.787307261722162e-07,test_field
cupy,64,128,64,1024,gpu,2,0.24426603317260742,4.6590048441430554e-07,test_field
cupy,64,128,64,1024,gpu,3,0.23817777633666992,4.542880560620688e-07,test_field
cupy,64,128,64,1024,gpu,4,0.2374739646911621,4.5294564188225195e-07,test_field
numpy,64,128,64,1024,cpu,0,3.751715898513794,7.155830189731205e-06,test_field
numpy,64,128,64,1024,cpu,1,3.589851140975952,6.8470976657408755e-06,test_field
numpy,64,128,64,1024,cpu,2,3.609952926635742,6.885438779136166e-06,test_field
numpy,64,128,64,1024,cpu,3,3.550260305404663,6.771584139642073e-06,test_field
numpy,64,128,64,1024,cpu,4,3.511916399002075,6.698448942188406e-06,test_field
fortran,64,128,64,1024,cpu,0,0.367022788,7.00040412902832e-07,test_field
fortran,64,128,64,1024,cpu,1,0.369267841,7.043225116729736e-07,test_field
fortran,64,128,64,1024,cpu,2,0.36661768,6.992677307128906e-07,test_field
fortran,64,128,64,1024,cpu,3,0.369698323,7.05143590927124e-07,test_field
fortran,64,128,64,1024,cpu,4,0.366360057,6.987763538360596e-07,test_field
numba,64,256,16,1024,cpu,0,0.18312287330627441,6.985583240748383e-07,test_field
numba,64,256,16,1024,cpu,1,0.185988187789917,7.094886314007454e-07,test_field
numba,64,256,16,1024,cpu,2,0.186279296875,7.105991244316101e-07,test_field
numba,64,256,16,1024,cpu,3,0.1867680549621582,7.124635885702446e-07,test_field
numba,64,256,16,1024,cpu,4,0.1833198070526123,6.993095666985027e-07,test_field
jax,64,256,16,1024,cpu,0,0.5092637538909912,1.942687049449887e-06,test_field
jax,64,256,16,1024,cpu,1,0.5104629993438721,1.947261807799805e-06,test_field
jax,64,256,16,1024,cpu,2,0.5103318691253662,1.94676158571383e-06,test_field
jax,64,256,16,1024,cpu,3,0.5101375579833984,1.946020347531885e-06,test_field
jax,64,256,16,1024,cpu,4,0.510373592376709,1.94692074728664e-06,test_field
jax,64,256,16,1024,gpu,0,0.13004159927368164,4.960693331668153e-07,test_field
jax,64,256,16,1024,gpu,1,0.13030481338500977,4.970734153175727e-07,test_field
jax,64,256,16,1024,gpu,2,0.132951021194458,5.071678970125504e-07,test_field
jax,64,256,16,1024,gpu,3,0.12993693351745605,4.95670064992737e-07,test_field
jax,64,256,16,1024,gpu,4,0.12481904029846191,4.7614685172447935e-07,test_field
torch,64,256,16,1024,cpu,0,1.7473599910736084,6.665649380011018e-06,test_field
torch,64,256,16,1024,cpu,1,1.7756068706512451,6.773402674298268e-06,test_field
torch,64,256,16,1024,cpu,2,1.7620344161987305,6.72162786941044e-06,test_field
torch,64,256,16,1024,cpu,3,1.7986853122711182,6.861439942440484e-06,test_field
torch,64,256,16,1024,cpu,4,1.7936222553253174,6.842125912953634e-06,test_field
torch,64,256,16,1024,gpu,0,0.3828907012939453,1.4606121112592518e-06,test_field
torch,64,256,16,1024,gpu,1,0.39096784591674805,1.491423972765915e-06,test_field
torch,64,256,16,1024,gpu,2,0.34535861015319824,1.3174385458114557e-06,test_field
torch,64,256,16,1024,gpu,3,0.3383927345275879,1.290865839109756e-06,test_field
torch,64,256,16,1024,gpu,4,0.3147745132446289,1.2007694749627262e-06,test_field
gt4py,64,256,16,1024,cpu,0,1.336195468902588,5.097181201563217e-06,test_field
gt4py,64,256,16,1024,cpu,1,1.3417444229125977,5.11834878125228e-06,test_field
gt4py,64,256,16,1024,cpu,2,1.344925880432129,5.130485078552738e-06,test_field
gt4py,64,256,16,1024,cpu,3,1.336881160736084,5.099796908325516e-06,test_field
gt4py,64,256,16,1024,cpu,4,1.3362784385681152,5.097497705719434e-06,test_field
cupy,64,256,16,1024,gpu,0,0.23862290382385254,9.102741387323476e-07,test_field
cupy,64,256,16,1024,gpu,1,0.23532319068908691,8.976867320598103e-07,test_field
cupy,64,256,16,1024,gpu,2,0.229048490524292,8.737506504985504e-07,test_field
cupy,64,256,16,1024,gpu,3,0.24414396286010742,9.313353075413033e-07,test_field
cupy,64,256,16,1024,gpu,4,0.275958776473999,1.0526991900405847e-06,test_field
numpy,64,256,16,1024,cpu,0,1.8394582271575928,7.016976269369479e-06,test_field
numpy,64,256,16,1024,cpu,1,1.7640199661254883,6.729202141286805e-06,test_field
numpy,64,256,16,1024,cpu,2,1.8039355278015137,6.881467925268225e-06,test_field
numpy,64,256,16,1024,cpu,3,1.7710926532745361,6.756182301614899e-06,test_field
numpy,64,256,16,1024,cpu,4,1.788647174835205,6.823147487011738e-06,test_field
fortran,64,256,16,1024,cpu,0,0.177565917,6.773602180480957e-07,test_field
fortran,64,256,16,1024,cpu,1,0.178196873,6.797671241760254e-07,test_field
fortran,64,256,16,1024,cpu,2,0.178532958,6.810491867065429e-07,test_field
fortran,64,256,16,1024,cpu,3,0.177811701,6.7829780960083e-07,test_field
fortran,64,256,16,1024,cpu,4,0.179568896,6.850009765625e-07,test_field
numba,64,256,32,1024,cpu,0,0.18235087394714355,3.478066901152488e-07,test_field
numba,64,256,32,1024,cpu,1,0.2038264274597168,3.8876805774634704e-07,test_field
numba,64,256,32,1024,cpu,2,0.18508005142211914,3.5301218304084614e-07,test_field
numba,64,256,32,1024,cpu,3,0.18696165084838867,3.566010491340421e-07,test_field
numba,64,256,32,1024,cpu,4,0.18230438232421875,3.477180143818259e-07,test_field
jax,64,256,32,1024,cpu,0,0.9003911018371582,1.7173597370856442e-06,test_field
jax,64,256,32,1024,cpu,1,0.9043452739715576,1.7249017219000962e-06,test_field
jax,64,256,32,1024,cpu,2,0.9016897678375244,1.7198367459059227e-06,test_field
jax,64,256,32,1024,cpu,3,0.8990681171417236,1.7148363440355752e-06,test_field
jax,64,256,32,1024,cpu,4,0.8979940414428711,1.7127877072198316e-06,test_field
jax,64,256,32,1024,gpu,0,0.13097667694091797,2.498181856935844e-07,test_field
jax,64,256,32,1024,gpu,1,0.13353443145751953,2.5469671527389437e-07,test_field
jax,64,256,32,1024,gpu,2,0.1319422721862793,2.5165991246467456e-07,test_field
jax,64,256,32,1024,gpu,3,0.12700462341308594,2.422420948278159e-07,test_field
jax,64,256,32,1024,gpu,4,0.12772560119628906,2.4361725081689656e-07,test_field
torch,64,256,32,1024,cpu,0,3.3581202030181885,6.405105978046777e-06,test_field
torch,64,256,32,1024,cpu,1,3.3428592681884766,6.375998054863885e-06,test_field
torch,64,256,32,1024,cpu,2,3.334160089492798,6.359405688272091e-06,test_field
torch,64,256,32,1024,cpu,3,3.314685344696045,6.322260560409632e-06,test_field
torch,64,256,32,1024,cpu,4,3.3708951473236084,6.429472250601975e-06,test_field
torch,64,256,32,1024,gpu,0,0.37415647506713867,7.136468411772512e-07,test_field
torch,64,256,32,1024,gpu,1,0.3232998847961426,6.166455932543613e-07,test_field
torch,64,256,32,1024,gpu,2,0.36953067779541016,7.04823833075352e-07,test_field
torch,64,256,32,1024,gpu,3,0.40164923667907715,7.66085122450022e-07,test_field
torch,64,256,32,1024,gpu,4,0.33953404426574707,6.476097951235715e-07,test_field
gt4py,64,256,32,1024,cpu,0,2.4702987670898438,4.711720976047218e-06,test_field
gt4py,64,256,32,1024,cpu,1,2.4634063243865967,4.698574684880441e-06,test_field
gt4py,64,256,32,1024,cpu,2,2.5155563354492188,4.79804293718189e-06,test_field
gt4py,64,256,32,1024,cpu,3,2.5176100730895996,4.801960130862426e-06,test_field
gt4py,64,256,32,1024,cpu,4,2.4702985286712646,4.711720521299867e-06,test_field
cupy,64,256,32,1024,gpu,0,0.2583777904510498,4.928165253659245e-07,test_field
cupy,64,256,32,1024,gpu,1,0.21402788162231445,4.0822578739607707e-07,test_field
cupy,64,256,32,1024,gpu,2,0.23893022537231445,4.5572323870146647e-07,test_field
cupy,64,256,32,1024,gpu,3,0.2426772117614746,4.6287004806799814e-07,test_field
cupy,64,256,32,1024,gpu,4,0.2521963119506836,4.810262907994911e-07,test_field
numpy,64,256,32,1024,cpu,0,3.589780807495117,6.846963515272364e-06,test_field
numpy,64,256,32,1024,cpu,1,3.566419839859009,6.802406005590456e-06,test_field
numpy,64,256,32,1024,cpu,2,3.545687198638916,6.7628616307047196e-06,test_field
numpy,64,256,32,1024,cpu,3,3.545315980911255,6.762153589079389e-06,test_field
numpy,64,256,32,1024,cpu,4,3.512281894683838,6.699146069877315e-06,test_field
fortran,64,256,32,1024,cpu,0,0.369176481,7.041482563018799e-07,test_field
fortran,64,256,32,1024,cpu,1,0.370623573,7.069083652496338e-07,test_field
fortran,64,256,32,1024,cpu,2,0.370511609,7.066948108673096e-07,test_field
fortran,64,256,32,1024,cpu,3,0.371462108,7.085077438354492e-07,test_field
fortran,64,256,32,1024,cpu,4,0.369141251,7.040810604095459e-07,test_field
numba,64,256,64,1024,cpu,0,0.23745512962341309,2.2645485842076596e-07,test_field
numba,64,256,64,1024,cpu,1,0.2263655662536621,2.158790266548749e-07,test_field
numba,64,256,64,1024,cpu,2,0.23093962669372559,2.202411906182533e-07,test_field
numba,64,256,64,1024,cpu,3,0.22761893272399902,2.1707433006667998e-07,test_field
numba,64,256,64,1024,cpu,4,0.23567509651184082,2.247572865599068e-07,test_field
jax,64,256,64,1024,cpu,0,1.6866199970245361,1.608486172699486e-06,test_field
jax,64,256,64,1024,cpu,1,1.6851122379302979,1.607048261575983e-06,test_field
jax,64,256,64,1024,cpu,2,1.6823585033416748,1.6044220956246136e-06,test_field
jax,64,256,64,1024,cpu,3,1.6862702369689941,1.6081526155176107e-06,test_field
jax,64,256,64,1024,cpu,4,1.6876695156097412,1.609487071618787e-06,test_field
jax,64,256,64,1024,gpu,0,0.13251543045043945,1.263765625481028e-07,test_field
jax,64,256,64,1024,gpu,1,0.13184094429016113,1.257333224202739e-07,test_field
jax,64,256,64,1024,gpu,2,0.13802838325500488,1.3163412404537667e-07,test_field
jax,64,256,64,1024,gpu,3,0.13259601593017578,1.2645341485040262e-07,test_field
jax,64,256,64,1024,gpu,4,0.1343216896057129,1.2809914551326074e-07,test_field
torch,64,256,64,1024,cpu,0,6.556588172912598,6.252849743759725e-06,test_field
torch,64,256,64,1024,cpu,1,6.577443361282349,6.272738801271771e-06,test_field
torch,64,256,64,1024,cpu,2,6.505972862243652,6.204579221957829e-06,test_field
torch,64,256,64,1024,cpu,3,6.530228137969971,6.227710855455371e-06,test_field
torch,64,256,64,1024,cpu,4,6.525491952896118,6.223194077392691e-06,test_field
torch,64,256,64,1024,gpu,0,0.4010467529296875,3.8246798794716597e-07,test_field
torch,64,256,64,1024,gpu,1,0.37236714363098145,3.5511698115442414e-07,test_field
torch,64,256,64,1024,gpu,2,0.3098940849304199,2.955380296043586e-07,test_field
torch,64,256,64,1024,gpu,3,0.3758254051208496,3.584150363167282e-07,test_field
torch,64,256,64,1024,gpu,4,0.3097052574157715,2.9535794965340756e-07,test_field
gt4py,64,256,64,1024,cpu,0,4.875820875167847,4.64994514004502e-06,test_field
gt4py,64,256,64,1024,cpu,1,4.786603212356567,4.56486054645211e-06,test_field
gt4py,64,256,64,1024,cpu,2,4.757659196853638,4.537257382253301e-06,test_field
gt4py,64,256,64,1024,cpu,3,4.796730041503906,4.574518243316561e-06,test_field
gt4py,64,256,64,1024,cpu,4,4.866017580032349,4.640595989258145e-06,test_field
cupy,64,256,64,1024,gpu,0,0.23456144332885742,2.2369522412191145e-07,test_field
cupy,64,256,64,1024,gpu,1,0.2498645782470703,2.3828943085391074e-07,test_field
cupy,64,256,64,1024,gpu,2,0.2342851161956787,2.2343169803207275e-07,test_field
cupy,64,256,64,1024,gpu,3,0.2322676181793213,2.2150766199047212e-07,test_field
cupy,64,256,64,1024,gpu,4,0.24798893928527832,2.3650068214919884e-07,test_field
numpy,64,256,64,1024,cpu,0,7.406407117843628,7.063300245135906e-06,test_field
numpy,64,256,64,1024,cpu,1,7.5216100215911865,7.173166295615374e-06,test_field
numpy,64,256,64,1024,cpu,2,7.359055757522583,7.018142468950828e-06,test_field
numpy,64,256,64,1024,cpu,3,7.4831459522247314,7.1364841005561175e-06,test_field
numpy,64,256,64,1024,cpu,4,7.481432199478149,7.1348497385770315e-06,test_field
fortran,64,256,64,1024,cpu,0,0.752620617,7.177549524307251e-07,test_field
fortran,64,256,64,1024,cpu,1,0.748608933,7.139291124343872e-07,test_field
fortran,64,256,64,1024,cpu,2,0.748161651,7.135025510787964e-07,test_field
fortran,64,256,64,1024,cpu,3,0.750236722,7.154814929962158e-07,test_field
fortran,64,256,64,1024,cpu,4,0.748682979,7.139997282028198e-07,test_field
numba,64,512,16,1024,cpu,0,0.2535395622253418,4.835883373743854e-07,test_field
numba,64,512,16,1024,cpu,1,0.2507352828979492,4.782395990332589e-07,test_field
numba,64,512,16,1024,cpu,2,0.24532508850097656,4.679204721469432e-07,test_field
numba,64,512,16,1024,cpu,3,0.24883294105529785,4.7461116992053576e-07,test_field
numba,64,512,16,1024,cpu,4,0.25287938117980957,4.823291419597808e-07,test_field
jax,64,512,16,1024,cpu,0,0.9025783538818359,1.7215315892826766e-06,test_field
jax,64,512,16,1024,cpu,1,0.8940846920013428,1.7053312149073463e-06,test_field
jax,64,512,16,1024,cpu,2,0.8969829082489014,1.7108591237047222e-06,test_field
jax,64,512,16,1024,cpu,3,0.8990273475646973,1.7147585822385736e-06,test_field
jax,64,512,16,1024,cpu,4,0.8950355052947998,1.7071447473426815e-06,test_field
jax,64,512,16,1024,gpu,0,0.1285696029663086,2.4522705643903464e-07,test_field
jax,64,512,16,1024,gpu,1,0.13504767417907715,2.5758299670997076e-07,test_field
jax,64,512,16,1024,gpu,2,0.12643647193908691,2.4115843189065345e-07,test_field
jax,64,512,16,1024,gpu,3,0.12767314910888672,2.4351720639970154e-07,test_field
jax,64,512,16,1024,gpu,4,0.12821459770202637,2.445499376335647e-07,test_field
torch,64,512,16,1024,cpu,0,3.2731666564941406,6.243069947231561e-06,test_field
torch,64,512,16,1024,cpu,1,3.5199134349823,6.71370207783184e-06,test_field
torch,64,512,16,1024,cpu,2,3.497206211090088,6.670391485386062e-06,test_field
torch,64,512,16,1024,cpu,3,3.5054991245269775,6.686208962491946e-06,test_field
torch,64,512,16,1024,cpu,4,3.5081627368927,6.69128939989605e-06,test_field
torch,64,512,16,1024,gpu,0,0.3182220458984375,6.069603841751814e-07,test_field
torch,64,512,16,1024,gpu,1,0.4123241901397705,7.864459803386126e-07,test_field
torch,64,512,16,1024,gpu,2,0.346238374710083,6.603972906304989e-07,test_field
torch,64,512,16,1024,gpu,3,0.36714839935302734,7.002799975452945e-07,test_field
torch,64,512,16,1024,gpu,4,0.37030863761901855,7.063076736812945e-07,test_field
gt4py,64,512,16,1024,cpu,0,2.4540250301361084,4.6806812861177605e-06,test_field
gt4py,64,512,16,1024,cpu,1,2.4689316749572754,4.709113454737235e-06,test_field
gt4py,64,512,16,1024,cpu,2,2.468317747116089,4.707942480308702e-06,test_field
gt4py,64,512,16,1024,cpu,3,2.46905517578125,4.709349013864994e-06,test_field
gt4py,64,512,16,1024,cpu,4,2.45878005027771,4.68975076728384e-06,test_field
cupy,64,512,16,1024,gpu,0,0.2427966594696045,4.6309787649079226e-07,test_field
cupy,64,512,16,1024,gpu,1,0.2579777240753174,4.92053459311137e-07,test_field
cupy,64,512,16,1024,gpu,2,0.2519693374633789,4.805933713214472e-07,test_field
cupy,64,512,16,1024,gpu,3,0.25314903259277344,4.828434612136334e-07,test_field
cupy,64,512,16,1024,gpu,4,0.24729490280151367,4.716775947599672e-07,test_field
numpy,64,512,16,1024,cpu,0,3.606849193572998,6.879518878122326e-06,test_field
numpy,64,512,16,1024,cpu,1,3.6417465209960938,6.946080247871578e-06,test_field
numpy,64,512,16,1024,cpu,2,3.5646870136260986,6.799100901844213e-06,test_field
numpy,64,512,16,1024,cpu,3,3.6030240058898926,6.8722229116247036e-06,test_field
numpy,64,512,16,1024,cpu,4,3.5642223358154297,6.798214599257335e-06,test_field
fortran,64,512,16,1024,cpu,0,0.372478361,7.104460926055908e-07,test_field
fortran,64,512,16,1024,cpu,1,0.3726205,7.107172012329102e-07,test_field
fortran,64,512,16,1024,cpu,2,0.37096692,7.07563247680664e-07,test_field
fortran,64,512,16,1024,cpu,3,0.372789424,7.110393981933593e-07,test_field
fortran,64,512,16,1024,cpu,4,0.372408732,7.103132858276368e-07,test_field
numba,64,512,32,1024,cpu,0,0.2618734836578369,2.497420155123109e-07,test_field
numba,64,512,32,1024,cpu,1,0.2598891258239746,2.478495844115969e-07,test_field
numba,64,512,32,1024,cpu,2,0.2650277614593506,2.5275016923842486e-07,test_field
numba,64,512,32,1024,cpu,3,0.2593505382537842,2.473359472787706e-07,test_field
numba,64,512,32,1024,cpu,4,0.2634315490722656,2.512279024813324e-07,test_field
jax,64,512,32,1024,cpu,0,1.671027660369873,1.593616161699174e-06,test_field
jax,64,512,32,1024,cpu,1,1.666438341140747,1.5892394458205672e-06,test_field
jax,64,512,32,1024,cpu,2,1.6688039302825928,1.591495447428315e-06,test_field
jax,64,512,32,1024,cpu,3,1.6717886924743652,1.5943419384711888e-06,test_field
jax,64,512,32,1024,cpu,4,1.6708002090454102,1.5933992472128011e-06,test_field
jax,64,512,32,1024,gpu,0,0.13266849517822266,1.2652253644773737e-07,test_field
jax,64,512,32,1024,gpu,1,0.13275671005249023,1.2660666470765136e-07,test_field
jax,64,512,32,1024,gpu,2,0.13869500160217285,1.3226986084191594e-07,test_field
jax,64,512,32,1024,gpu,3,0.13727498054504395,1.3091562323097605e-07,test_field
jax,64,512,32,1024,gpu,4,0.13714194297790527,1.3078874872007873e-07,test_field
torch,64,512,32,1024,cpu,0,6.496560573577881,6.195602963998681e-06,test_field
torch,64,512,32,1024,cpu,1,6.378988265991211,6.083477273932658e-06,test_field
torch,64,512,32,1024,cpu,2,6.4441139698028564,6.145585984995705e-06,test_field
torch,64,512,32,1024,cpu,3,6.52912974357605,6.226663344932604e-06,test_field
torch,64,512,32,1024,cpu,4,6.466190576553345,6.166639877847047e-06,test_field
torch,64,512,32,1024,gpu,0,0.38867831230163574,3.706725237861974e-07,test_field
torch,64,512,32,1024,gpu,1,0.37721872329711914,3.5974380807601847e-07,test_field
torch,64,512,32,1024,gpu,2,0.3807237148284912,3.630864284787094e-07,test_field
torch,64,512,32,1024,gpu,3,0.2641630172729492,2.5192548491759226e-07,test_field
torch,64,512,32,1024,gpu,4,0.3934743404388428,3.7524637264141347e-07,test_field
gt4py,64,512,32,1024,cpu,0,4.780868291854858,4.559391300062998e-06,test_field
gt4py,64,512,32,1024,cpu,1,4.850246429443359,4.625555448001251e-06,test_field
gt4py,64,512,32,1024,cpu,2,4.759406805038452,4.5389240312943e-06,test_field
gt4py,64,512,32,1024,cpu,3,4.771970510482788,4.550905714495457e-06,test_field
gt4py,64,512,32,1024,cpu,4,4.741093635559082,4.52145923190983e-06,test_field
cupy,64,512,32,1024,gpu,0,0.21504878997802734,2.0508650777628645e-07,test_field
cupy,64,512,32,1024,gpu,1,0.2554624080657959,2.436279373796424e-07,test_field
cupy,64,512,32,1024,gpu,2,0.24609708786010742,2.346964720345568e-07,test_field
cupy,64,512,32,1024,gpu,3,0.23259735107421875,2.218221197836101e-07,test_field
cupy,64,512,32,1024,gpu,4,0.24375677108764648,2.3246457203640603e-07,test_field
numpy,64,512,32,1024,cpu,0,7.262187242507935,6.925761454112944e-06,test_field
numpy,64,512,32,1024,cpu,1,7.199524164199829,6.86600128574355e-06,test_field
numpy,64,512,32,1024,cpu,2,7.080303192138672,6.752303306711838e-06,test_field
numpy,64,512,32,1024,cpu,3,7.04964280128479,6.7230632794235134e-06,test_field
numpy,64,512,32,1024,cpu,4,7.193833589553833,6.860574330858071e-06,test_field
fortran,64,512,32,1024,cpu,0,0.760521596,7.252899131774903e-07,test_field
fortran,64,512,32,1024,cpu,1,0.757148834,7.220733966827393e-07,test_field
fortran,64,512,32,1024,cpu,2,0.760840211,7.25593768119812e-07,test_field
fortran,64,512,32,1024,cpu,3,0.758904046,7.237472972869874e-07,test_field
fortran,64,512,32,1024,cpu,4,0.753992898,7.190636615753174e-07,test_field
numba,64,512,64,1024,cpu,0,0.34248876571655273,1.6331136976077687e-07,test_field
numba,64,512,64,1024,cpu,1,0.32005786895751953,1.526154846942518e-07,test_field
numba,64,512,64,1024,cpu,2,0.31787991523742676,1.5157695543166483e-07,test_field
numba,64,512,64,1024,cpu,3,0.3258671760559082,1.553855781821767e-07,test_field
numba,64,512,64,1024,cpu,4,0.31765246391296387,1.514684981884784e-07,test_field
jax,64,512,64,1024,cpu,0,3.143183708190918,1.4987867871241178e-06,test_field
jax,64,512,64,1024,cpu,1,3.1519527435302734,1.5029681890155189e-06,test_field
jax,64,512,64,1024,cpu,2,3.1496922969818115,1.5018903241070802e-06,test_field
jax,64,512,64,1024,cpu,3,3.140310525894165,1.4974167470427346e-06,test_field
jax,64,512,64,1024,cpu,4,3.1414999961853027,1.4979839306761278e-06,test_field
jax,64,512,64,1024,gpu,0,0.14495635032653809,6.912057415320305e-08,test_field
jax,64,512,64,1024,gpu,1,0.14166975021362305,6.755340109521057e-08,test_field
jax,64,512,64,1024,gpu,2,0.14171814918518066,6.757647952326806e-08,test_field
jax,64,512,64,1024,gpu,3,0.14207148551940918,6.77449634167715e-08,test_field
jax,64,512,64,1024,gpu,4,0.14115071296691895,6.730590484949062e-08,test_field
torch,64,512,64,1024,cpu,0,13.866190910339355,6.611915068788221e-06,test_field
torch,64,512,64,1024,cpu,1,14.180901527404785,6.7619807850860525e-06,test_field
torch,64,512,64,1024,cpu,2,13.683033227920532,6.524578680000559e-06,test_field
torch,64,512,64,1024,cpu,3,13.979336977005005,6.665867317678931e-06,test_field
torch,64,512,64,1024,cpu,4,14.02652645111084,6.688369012408657e-06,test_field
torch,64,512,64,1024,gpu,0,0.3465282917022705,1.652375658522942e-07,test_field
torch,64,512,64,1024,gpu,1,0.4011085033416748,1.9126343886455288e-07,test_field
torch,64,512,64,1024,gpu,2,0.35472726821899414,1.6914714251470286e-07,test_field
torch,64,512,64,1024,gpu,3,0.34073662757873535,1.6247588519036071e-07,test_field
torch,64,512,64,1024,gpu,4,0.37278103828430176,1.777558509274968e-07,test_field
gt4py,64,512,64,1024,cpu,0,9.47849726676941,4.519699700722413e-06,test_field
gt4py,64,512,64,1024,cpu,1,9.318247318267822,4.443286570676719e-06,test_field
gt4py,64,512,64,1024,cpu,2,9.510923147201538,4.535161565399903e-06,test_field
gt4py,64,512,64,1024,cpu,3,9.312349796295166,4.440474413058837e-06,test_field
gt4py,64,512,64,1024,cpu,4,9.30029845237732,4.434727884472522e-06,test_field
cupy,64,512,64,1024,gpu,0,0.24501609802246094,1.1683277989504859e-07,test_field
cupy,64,512,64,1024,gpu,1,0.24781107902526855,1.1816553069365909e-07,test_field
cupy,64,512,64,1024,gpu,2,0.24625205993652344,1.1742213246179745e-07,test_field
cupy,64,512,64,1024,gpu,3,0.24928975105285645,1.1887061646120856e-07,test_field
cupy,64,512,64,1024,gpu,4,0.24365878105163574,1.1618556072789943e-07,test_field
numpy,64,512,64,1024,cpu,0,16.538838148117065,7.886332582529576e-06,test_field
numpy,64,512,64,1024,cpu,1,16.547126531600952,7.89028479175613e-06,test_field
numpy,64,512,64,1024,cpu,2,16.31690263748169,7.780505484333844e-06,test_field
numpy,64,512,64,1024,cpu,3,16.363173484802246,7.802569143677829e-06,test_field
numpy,64,512,64,1024,cpu,4,16.588918685913086,7.910212843853515e-06,test_field
fortran,64,512,64,1024,cpu,0,1.570285935,7.487706828117371e-07,test_field
fortran,64,512,64,1024,cpu,1,1.539555252,7.34117151260376e-07,test_field
fortran,64,512,64,1024,cpu,2,1.555734569,7.418320508003235e-07,test_field
fortran,64,512,64,1024,cpu,3,1.543446303,7.359725489616394e-07,test_field
fortran,64,512,64,1024,cpu,4,1.543500509,7.35998396396637e-07,test_field
numba,128,16,16,1024,cpu,0,0.11888670921325684,3.6281344364397228e-06,test_field
numba,128,16,16,1024,cpu,1,0.12031745910644531,3.6717974580824375e-06,test_field
numba,128,16,16,1024,cpu,2,0.11722445487976074,3.577406459953636e-06,test_field
numba,128,16,16,1024,cpu,3,0.11646032333374023,3.554087015800178e-06,test_field
numba,128,16,16,1024,cpu,4,0.11868858337402344,3.6220881156623363e-06,test_field
jax,128,16,16,1024,cpu,0,0.17222976684570312,5.25603536516428e-06,test_field
jax,128,16,16,1024,cpu,1,0.17001867294311523,5.188558134250343e-06,test_field
jax,128,16,16,1024,cpu,2,0.17065215110778809,5.207890353631228e-06,test_field
jax,128,16,16,1024,cpu,3,0.17119956016540527,5.224595952313393e-06,test_field
jax,128,16,16,1024,cpu,4,0.17067575454711914,5.208610673435032e-06,test_field
jax,128,16,16,1024,gpu,0,0.12005472183227539,3.6637793527916074e-06,test_field
jax,128,16,16,1024,gpu,1,0.11972665786743164,3.653767635114491e-06,test_field
jax,128,16,16,1024,gpu,2,0.11584663391113281,3.53535870090127e-06,test_field
jax,128,16,16,1024,gpu,3,0.11672520637512207,3.562170604709536e-06,test_field
jax,128,16,16,1024,gpu,4,0.11853408813476562,3.6173732951283455e-06,test_field
torch,128,16,16,1024,cpu,0,0.3589799404144287,1.0955198376905173e-05,test_field
torch,128,16,16,1024,cpu,1,0.3409693241119385,1.0405557986814529e-05,test_field
torch,128,16,16,1024,cpu,2,0.37053751945495605,1.1307907698210329e-05,test_field
torch,128,16,16,1024,cpu,3,0.357327938079834,1.0904783266596496e-05,test_field
torch,128,16,16,1024,cpu,4,0.35263824462890625,1.0761665180325508e-05,test_field
torch,128,16,16,1024,gpu,0,0.31218671798706055,9.527182555757463e-06,test_field
torch,128,16,16,1024,gpu,1,0.2617199420928955,7.987058779690415e-06,test_field
torch,128,16,16,1024,gpu,2,0.35917186737060547,1.096105552278459e-05,test_field
torch,128,16,16,1024,gpu,3,0.3077852725982666,9.392861102242023e-06,test_field
torch,128,16,16,1024,gpu,4,0.3696882724761963,1.1281990737188607e-05,test_field
gt4py,128,16,16,1024,cpu,0,0.33512210845947266,1.022711512632668e-05,test_field
gt4py,128,16,16,1024,cpu,1,0.3374519348144531,1.029821578413248e-05,test_field
gt4py,128,16,16,1024,cpu,2,0.33565616607666016,1.0243413271382451e-05,test_field
gt4py,128,16,16,1024,cpu,3,0.3359644412994385,1.025282108457759e-05,test_field
gt4py,128,16,16,1024,cpu,4,0.33624863624572754,1.0261494026053697e-05,test_field
cupy,128,16,16,1024,gpu,0,0.25048327445983887,7.64414289733395e-06,test_field
cupy,128,16,16,1024,gpu,1,0.24965953826904297,7.619004463776946e-06,test_field
cupy,128,16,16,1024,gpu,2,0.2539103031158447,7.748727512080222e-06,test_field
cupy,128,16,16,1024,gpu,3,0.251065731048584,7.6619180617854e-06,test_field
cupy,128,16,16,1024,gpu,4,0.2242283821105957,6.842907168902457e-06,test_field
numpy,128,16,16,1024,cpu,0,0.2594621181488037,7.918155461084098e-06,test_field
numpy,128,16,16,1024,cpu,1,0.26114439964294434,7.969494618009776e-06,test_field
numpy,128,16,16,1024,cpu,2,0.26253223419189453,8.011847967281938e-06,test_field
numpy,128,16,16,1024,cpu,3,0.25515246391296387,7.786635251250118e-06,test_field
numpy,128,16,16,1024,cpu,4,0.25585150718688965,7.807968358974904e-06,test_field
fortran,128,16,16,1024,cpu,0,0.019303829,5.891061096191407e-07,test_field
fortran,128,16,16,1024,cpu,1,0.019345139,5.903667907714844e-07,test_field
fortran,128,16,16,1024,cpu,2,0.019422706,5.927339477539063e-07,test_field
fortran,128,16,16,1024,cpu,3,0.019345556,5.903795166015625e-07,test_field
fortran,128,16,16,1024,cpu,4,0.019451857,5.936235656738281e-07,test_field
numba,128,16,32,1024,cpu,0,0.12207150459289551,1.8626633391249925e-06,test_field
numba,128,16,32,1024,cpu,1,0.12169957160949707,1.8569880921859294e-06,test_field
numba,128,16,32,1024,cpu,2,0.12345051765441895,1.883705408545211e-06,test_field
numba,128,16,32,1024,cpu,3,0.12142086029052734,1.8527352949604392e-06,test_field
numba,128,16,32,1024,cpu,4,0.12285566329956055,1.8746286514215171e-06,test_field
jax,128,16,32,1024,cpu,0,0.2164597511291504,3.302913683000952e-06,test_field
jax,128,16,32,1024,cpu,1,0.21681785583496094,3.3083779271692038e-06,test_field
jax,128,16,32,1024,cpu,2,0.21493172645568848,3.2795978768263012e-06,test_field
jax,128,16,32,1024,cpu,3,0.2155163288116455,3.28851820086129e-06,test_field
jax,128,16,32,1024,cpu,4,0.2158958911895752,3.29430986312218e-06,test_field
jax,128,16,32,1024,gpu,0,0.12125110626220703,1.85014505404979e-06,test_field
jax,128,16,32,1024,gpu,1,0.12317705154418945,1.8795326468534768e-06,test_field
jax,128,16,32,1024,gpu,2,0.12233757972717285,1.8667233234737068e-06,test_field
jax,128,16,32,1024,gpu,3,0.12267422676086426,1.8718601495493203e-06,test_field
jax,128,16,32,1024,gpu,4,0.1166219711303711,1.7795100575312972e-06,test_field
torch,128,16,32,1024,cpu,0,0.5524601936340332,8.429873560089618e-06,test_field
torch,128,16,32,1024,cpu,1,0.5913310050964355,9.022995072882622e-06,test_field
torch,128,16,32,1024,cpu,2,0.5697059631347656,8.69302311912179e-06,test_field
torch,128,16,32,1024,cpu,3,0.5885171890258789,8.980059647001326e-06,test_field
torch,128,16,32,1024,cpu,4,0.5522277355194092,8.426326530752704e-06,test_field
torch,128,16,32,1024,gpu,0,0.3228168487548828,4.925794200971723e-06,test_field
torch,128,16,32,1024,gpu,1,0.37853002548217773,5.7759098126553e-06,test_field
torch,128,16,32,1024,gpu,2,0.32370686531066895,4.939374775858596e-06,test_field
torch,128,16,32,1024,gpu,3,0.33025121688842773,5.039233656134456e-06,test_field
torch,128,16,32,1024,gpu,4,0.30515575408935547,4.656307282857597e-06,test_field
gt4py,128,16,32,1024,cpu,0,0.4873332977294922,7.4361159931868315e-06,test_field
gt4py,128,16,32,1024,cpu,1,0.49220943450927734,7.510519935749471e-06,test_field
gt4py,128,16,32,1024,cpu,2,0.49103856086730957,7.492653821827844e-06,test_field
gt4py,128,16,32,1024,cpu,3,0.499924898147583,7.628248567925766e-06,test_field
gt4py,128,16,32,1024,cpu,4,0.4930295944213867,7.523034582845867e-06,test_field
cupy,128,16,32,1024,gpu,0,0.24251985549926758,3.7005593185313046e-06,test_field
cupy,128,16,32,1024,gpu,1,0.2551538944244385,3.8933394534979016e-06,test_field
cupy,128,16,32,1024,gpu,2,0.23170113563537598,3.535478754201904e-06,test_field
cupy,128,16,32,1024,gpu,3,0.2337653636932373,3.566976374713704e-06,test_field
cupy,128,16,32,1024,gpu,4,0.22512054443359375,3.4350669011473656e-06,test_field
numpy,128,16,32,1024,cpu,0,0.5184845924377441,7.91144702816382e-06,test_field
numpy,128,16,32,1024,cpu,1,0.5075805187225342,7.745064067421481e-06,test_field
numpy,128,16,32,1024,cpu,2,0.5174219608306885,7.895232556620613e-06,test_field
numpy,128,16,32,1024,cpu,3,0.5164241790771484,7.880007615312934e-06,test_field
numpy,128,16,32,1024,cpu,4,0.5072317123413086,7.739741704426706e-06,test_field
fortran,128,16,32,1024,cpu,0,0.038767046,5.915381774902344e-07,test_field
fortran,128,16,32,1024,cpu,1,0.038616491,5.892408905029297e-07,test_field
fortran,128,16,32,1024,cpu,2,0.03858638,5.887814331054688e-07,test_field
fortran,128,16,32,1024,cpu,3,0.038628971,5.894313201904297e-07,test_field
fortran,128,16,32,1024,cpu,4,0.039198266,5.981180725097657e-07,test_field
numba,128,16,64,1024,cpu,0,0.13447141647338867,1.0259354894515127e-06,test_field
numba,128,16,64,1024,cpu,1,0.13562273979187012,1.0347193892812356e-06,test_field
numba,128,16,64,1024,cpu,2,0.13237237930297852,1.009921106742695e-06,test_field
numba,128,16,64,1024,cpu,3,0.13193845748901367,1.0066105460282415e-06,test_field
numba,128,16,64,1024,cpu,4,0.13173174858093262,1.0050334822153673e-06,test_field
jax,128,16,64,1024,cpu,0,0.31618809700012207,2.412323738099076e-06,test_field
jax,128,16,64,1024,cpu,1,0.31597900390625,2.410728484392166e-06,test_field
jax,128,16,64,1024,cpu,2,0.31594157218933105,2.4104429030558094e-06,test_field
jax,128,16,64,1024,cpu,3,0.31654953956604004,2.4150813260348514e-06,test_field
jax,128,16,64,1024,cpu,4,0.3156571388244629,2.4082728486973792e-06,test_field
jax,128,16,64,1024,gpu,0,0.11266064643859863,8.595325198257342e-07,test_field
jax,128,16,64,1024,gpu,1,0.11248540878295898,8.58195562614128e-07,test_field
jax,128,16,64,1024,gpu,2,0.11209726333618164,8.552342478651553e-07,test_field
jax,128,16,64,1024,gpu,3,0.11780762672424316,8.988008630694821e-07,test_field
jax,128,16,64,1024,gpu,4,0.11720681190490723,8.942170097725466e-07,test_field
torch,128,16,64,1024,cpu,0,1.021906852722168,7.796530553605407e-06,test_field
torch,128,16,64,1024,cpu,1,1.0263524055480957,7.830447430023924e-06,test_field
torch,128,16,64,1024,cpu,2,1.0178697109222412,7.765729606035165e-06,test_field
torch,128,16,64,1024,cpu,3,0.9996256828308105,7.626538717886433e-06,test_field
torch,128,16,64,1024,cpu,4,0.9972536563873291,7.608441592310555e-06,test_field
torch,128,16,64,1024,gpu,0,0.32482004165649414,2.4781802494544536e-06,test_field
torch,128,16,64,1024,gpu,1,0.3884885311126709,2.963932274724357e-06,test_field
torch,128,16,64,1024,gpu,2,0.3692612648010254,2.8172398742754012e-06,test_field
torch,128,16,64,1024,gpu,3,0.4067564010620117,3.103305061813444e-06,test_field
torch,128,16,64,1024,gpu,4,0.3453176021575928,2.6345642254455015e-06,test_field
gt4py,128,16,64,1024,cpu,0,0.7797210216522217,5.948799298494123e-06,test_field
gt4py,128,16,64,1024,cpu,1,0.7747907638549805,5.911184416618198e-06,test_field
gt4py,128,16,64,1024,cpu,2,0.7801976203918457,5.952435458311811e-06,test_field
gt4py,128,16,64,1024,cpu,3,0.7866711616516113,6.001824658596888e-06,test_field
gt4py,128,16,64,1024,cpu,4,0.7799654006958008,5.9506637626327574e-06,test_field
cupy,128,16,64,1024,gpu,0,0.2226414680480957,1.698619598755613e-06,test_field
cupy,128,16,64,1024,gpu,1,0.23809576034545898,1.8165264918934554e-06,test_field
cupy,128,16,64,1024,gpu,2,0.26148152351379395,1.994945705519058e-06,test_field
cupy,128,16,64,1024,gpu,3,0.2410271167755127,1.8388909666100517e-06,test_field
cupy,128,16,64,1024,gpu,4,0.2408277988433838,1.8373702914686874e-06,test_field
numpy,128,16,64,1024,cpu,0,0.930387020111084,7.098289643181488e-06,test_field
numpy,128,16,64,1024,cpu,1,0.9260513782501221,7.0652113208780065e-06,test_field
numpy,128,16,64,1024,cpu,2,0.9315371513366699,7.107064448064193e-06,test_field
numpy,128,16,64,1024,cpu,3,0.9272422790527344,7.074297172948718e-06,test_field
numpy,128,16,64,1024,cpu,4,0.9226484298706055,7.0392488851211965e-06,test_field
fortran,128,16,64,1024,cpu,0,0.081410107,6.211098251342773e-07,test_field
fortran,128,16,64,1024,cpu,1,0.078714188,6.005415954589844e-07,test_field
fortran,128,16,64,1024,cpu,2,0.078683182,6.003050384521485e-07,test_field
fortran,128,16,64,1024,cpu,3,0.078675119,6.00243522644043e-07,test_field
fortran,128,16,64,1024,cpu,4,0.078626959,5.998760910034179e-07,test_field
numba,128,32,16,1024,cpu,0,0.12643861770629883,1.9293001969344914e-06,test_field
numba,128,32,16,1024,cpu,1,0.12756919860839844,1.9465514924377203e-06,test_field
numba,128,32,16,1024,cpu,2,0.12705254554748535,1.9386679923627526e-06,test_field
numba,128,32,16,1024,cpu,3,0.12549734115600586,1.9149374566040933e-06,test_field
numba,128,32,16,1024,cpu,4,0.12599563598632812,1.922540832310915e-06,test_field
jax,128,32,16,1024,cpu,0,0.21094346046447754,3.218741767341271e-06,test_field
jax,128,32,16,1024,cpu,1,0.2128002643585205,3.2470743462909013e-06,test_field
jax,128,32,16,1024,cpu,2,0.21091175079345703,3.218257916159928e-06,test_field
jax,128,32,16,1024,cpu,3,0.21426630020141602,3.2694442779757082e-06,test_field
jax,128,32,16,1024,cpu,4,0.21435952186584473,3.270866727689281e-06,test_field
jax,128,32,16,1024,gpu,0,0.12047600746154785,1.8383179849479347e-06,test_field
jax,128,32,16,1024,gpu,1,0.12155389785766602,1.8547652871347964e-06,test_field
jax,128,32,16,1024,gpu,2,0.11698794364929199,1.785094355000183e-06,test_field
jax,128,32,16,1024,gpu,3,0.12134838104248047,1.8516293494030833e-06,test_field
jax,128,32,16,1024,gpu,4,0.11960625648498535,1.8250466382596642e-06,test_field
torch,128,32,16,1024,cpu,0,0.5424466133117676,8.277078450191766e-06,test_field
torch,128,32,16,1024,cpu,1,0.5182232856750488,7.907459803391248e-06,test_field
torch,128,32,16,1024,cpu,2,0.5474214553833008,8.352988515980542e-06,test_field
torch,128,32,16,1024,cpu,3,0.5421504974365234,8.272560080513358e-06,test_field
torch,128,32,16,1024,cpu,4,0.5430214405059814,8.285849617095664e-06,test_field
torch,128,32,16,1024,gpu,0,0.3814425468444824,5.820351361762732e-06,test_field
torch,128,32,16,1024,gpu,1,0.36279964447021484,5.535883246921003e-06,test_field
torch,128,32,16,1024,gpu,2,0.27263593673706055,4.160094249527901e-06,test_field
torch,128,32,16,1024,gpu,3,0.3123021125793457,4.765352059621364e-06,test_field
torch,128,32,16,1024,gpu,4,0.26280903816223145,4.010147677036002e-06,test_field
gt4py,128,32,16,1024,cpu,0,0.47356724739074707,7.226062734844163e-06,test_field
gt4py,128,32,16,1024,cpu,1,0.47733092308044434,7.283491868292913e-06,test_field
gt4py,128,32,16,1024,cpu,2,0.47478246688842773,7.2446055128239095e-06,test_field
gt4py,128,32,16,1024,cpu,3,0.48248887062072754,7.362195901805535e-06,test_field
gt4py,128,32,16,1024,cpu,4,0.4752178192138672,7.251248462125659e-06,test_field
cupy,128,32,16,1024,gpu,0,0.24599385261535645,3.753568307729438e-06,test_field
cupy,128,32,16,1024,gpu,1,0.21485137939453125,3.2783718779683113e-06,test_field
cupy,128,32,16,1024,gpu,2,0.23589253425598145,3.5994344216305763e-06,test_field
cupy,128,32,16,1024,gpu,3,0.2450714111328125,3.7394929677248e-06,test_field
cupy,128,32,16,1024,gpu,4,0.25084686279296875,3.82761936634779e-06,test_field
numpy,128,32,16,1024,cpu,0,0.4865429401397705,7.4240560934413224e-06,test_field
numpy,128,32,16,1024,cpu,1,0.4860043525695801,7.415837899316102e-06,test_field
numpy,128,32,16,1024,cpu,2,0.48865222930908203,7.456241291947663e-06,test_field
numpy,128,32,16,1024,cpu,3,0.4913170337677002,7.496902981074527e-06,test_field
numpy,128,32,16,1024,cpu,4,0.48737311363220215,7.436723535647616e-06,test_field
fortran,128,32,16,1024,cpu,0,0.037098397,5.660766143798828e-07,test_field
fortran,128,32,16,1024,cpu,1,0.037126043,5.664984588623046e-07,test_field
fortran,128,32,16,1024,cpu,2,0.037095421,5.660312042236329e-07,test_field
fortran,128,32,16,1024,cpu,3,0.03700704,5.646826171875e-07,test_field
fortran,128,32,16,1024,cpu,4,0.037029854,5.650307312011719e-07,test_field
numba,128,32,32,1024,cpu,0,0.13671040534973145,1.0430176189402118e-06,test_field
numba,128,32,32,1024,cpu,1,0.13550806045532227,1.03384445537813e-06,test_field
numba,128,32,32,1024,cpu,2,0.13495683670043945,1.029638951877132e-06,test_field
numba,128,32,32,1024,cpu,3,0.1448345184326172,1.1049996828660369e-06,test_field
numba,128,32,32,1024,cpu,4,0.13542389869689941,1.0332023521186784e-06,test_field
jax,128,32,32,1024,cpu,0,0.29970669746398926,2.286580638610758e-06,test_field
jax,128,32,32,1024,cpu,1,0.2989020347595215,2.2804415493737906e-06,test_field
jax,128,32,32,1024,cpu,2,0.2984583377838135,2.2770564100937918e-06,test_field
jax,128,32,32,1024,cpu,3,0.31026148796081543,2.367107299505733e-06,test_field
jax,128,32,32,1024,cpu,4,0.30000758171081543,2.2888762032380328e-06,test_field
jax,128,32,32,1024,gpu,0,0.11542034149169922,8.805873221717775e-07,test_field
jax,128,32,32,1024,gpu,1,0.11248469352722168,8.581901056459174e-07,test_field
jax,128,32,32,1024,gpu,2,0.1119840145111084,8.543702278984711e-07,test_field
jax,128,32,32,1024,gpu,3,0.11501717567443848,8.775114110903814e-07,test_field
jax,128,32,32,1024,gpu,4,0.11726927757263184,8.946935849962756e-07,test_field
torch,128,32,32,1024,cpu,0,0.9655489921569824,7.366554200416431e-06,test_field
torch,128,32,32,1024,cpu,1,0.948631763458252,7.237485988298431e-06,test_field
torch,128,32,32,1024,cpu,2,0.988060712814331,7.538304998888634e-06,test_field
torch,128,32,32,1024,cpu,3,0.9739937782287598,7.430982805090025e-06,test_field
torch,128,32,32,1024,cpu,4,0.9636547565460205,7.352102329605259e-06,test_field
torch,128,32,32,1024,gpu,0,0.26892733573913574,2.051752744591795e-06,test_field
torch,128,32,32,1024,gpu,1,0.3114132881164551,2.375894837314263e-06,test_field
torch,128,32,32,1024,gpu,2,0.30742502212524414,2.345466782571748e-06,test_field
torch,128,32,32,1024,gpu,3,0.3775451183319092,2.880440661101602e-06,test_field
torch,128,32,32,1024,gpu,4,0.26865386962890625,2.049666363745928e-06,test_field
gt4py,128,32,32,1024,cpu,0,0.7556102275848389,5.7648485380923375e-06,test_field
gt4py,128,32,32,1024,cpu,1,0.7894542217254639,6.023057721904479e-06,test_field
gt4py,128,32,32,1024,cpu,2,0.7663424015045166,5.846728527103551e-06,test_field
gt4py,128,32,32,1024,cpu,3,0.764754056930542,5.834610419697128e-06,test_field
gt4py,128,32,32,1024,cpu,4,0.77012038230896,5.875552233192138e-06,test_field
cupy,128,32,32,1024,gpu,0,0.24927687644958496,1.9018316379515454e-06,test_field
cupy,128,32,32,1024,gpu,1,0.22805333137512207,1.7399088392267004e-06,test_field
cupy,128,32,32,1024,gpu,2,0.2631838321685791,2.0079332898603752e-06,test_field
cupy,128,32,32,1024,gpu,3,0.26056718826293945,1.9879698811564595e-06,test_field
cupy,128,32,32,1024,gpu,4,0.2528996467590332,1.9294711819384247e-06,test_field
numpy,128,32,32,1024,cpu,0,0.8720395565032959,6.653133823419921e-06,test_field
numpy,128,32,32,1024,cpu,1,0.868243932723999,6.624175512115471e-06,test_field
numpy,128,32,32,1024,cpu,2,0.8673880100250244,6.6176453401567414e-06,test_field
numpy,128,32,32,1024,cpu,3,0.8620009422302246,6.576545274583623e-06,test_field
numpy,128,32,32,1024,cpu,4,0.8650383949279785,6.599719199584797e-06,test_field
fortran,128,32,32,1024,cpu,0,0.073613546,5.616267852783203e-07,test_field
fortran,128,32,32,1024,cpu,1,0.073640394,5.618316192626953e-07,test_field
fortran,128,32,32,1024,cpu,2,0.07420156,5.661129760742187e-07,test_field
fortran,128,32,32,1024,cpu,3,0.073983295,5.644477462768555e-07,test_field
fortran,128,32,32,1024,cpu,4,0.073937152,5.64095703125e-07,test_field
numba,128,32,64,1024,cpu,0,0.1498267650604248,5.715437509934418e-07,test_field
numba,128,32,64,1024,cpu,1,0.1559767723083496,5.950041668256745e-07,test_field
numba,128,32,64,1024,cpu,2,0.1488933563232422,5.679830792360008e-07,test_field
numba,128,32,64,1024,cpu,3,0.14805030822753906,5.647671059705317e-07,test_field
numba,128,32,64,1024,cpu,4,0.14977765083312988,5.713563950848766e-07,test_field
jax,128,32,64,1024,cpu,0,0.4980781078338623,1.9000171960215084e-06,test_field
jax,128,32,64,1024,cpu,1,0.49761080741882324,1.8982345864060335e-06,test_field
jax,128,32,64,1024,cpu,2,0.4988079071044922,1.9028011593036354e-06,test_field
jax,128,32,64,1024,cpu,3,0.5001850128173828,1.908054400701076e-06,test_field
jax,128,32,64,1024,cpu,4,0.49779510498046875,1.898937625810504e-06,test_field
jax,128,32,64,1024,gpu,0,0.12992644309997559,4.95630047225859e-07,test_field
jax,128,32,64,1024,gpu,1,0.1281890869140625,4.890025593340397e-07,test_field
jax,128,32,64,1024,gpu,2,0.13286685943603516,5.068468453828245e-07,test_field
jax,128,32,64,1024,gpu,3,0.12854456901550293,4.903586159343831e-07,test_field
jax,128,32,64,1024,gpu,4,0.12881684303283691,4.913972588838078e-07,test_field
torch,128,32,64,1024,cpu,0,1.8313429355621338,6.986018888710532e-06,test_field
torch,128,32,64,1024,cpu,1,1.7273695468902588,6.5893918872461654e-06,test_field
torch,128,32,64,1024,cpu,2,1.845494031906128,7.040001037239563e-06,test_field
torch,128,32,64,1024,cpu,3,1.7110402584075928,6.5271005951217376e-06,test_field
torch,128,32,64,1024,cpu,4,1.8016643524169922,6.8728040787391365e-06,test_field
torch,128,32,64,1024,gpu,0,0.3901937007904053,1.4884708434692584e-06,test_field
torch,128,32,64,1024,gpu,1,0.32195377349853516,1.2281561794225127e-06,test_field
torch,128,32,64,1024,gpu,2,0.31706857681274414,1.2095206329831854e-06,test_field
torch,128,32,64,1024,gpu,3,0.3881642818450928,1.4807292245677672e-06,test_field
torch,128,32,64,1024,gpu,4,0.2602810859680176,9.928935469361022e-07,test_field
gt4py,128,32,64,1024,cpu,0,1.3258605003356934,5.057756425230764e-06,test_field
gt4py,128,32,64,1024,cpu,1,1.3259191513061523,5.0579801609274e-06,test_field
gt4py,128,32,64,1024,cpu,2,1.3504323959350586,5.151490768184885e-06,test_field
gt4py,128,32,64,1024,cpu,3,1.3496818542480469,5.148627678863704e-06,test_field
gt4py,128,32,64,1024,cpu,4,1.322930097579956,5.046577825851273e-06,test_field
cupy,128,32,64,1024,gpu,0,0.24715018272399902,9.428031262359582e-07,test_field
cupy,128,32,64,1024,gpu,1,0.2515869140625,9.597279131412506e-07,test_field
cupy,128,32,64,1024,gpu,2,0.22970962524414062,8.762726793065667e-07,test_field
cupy,128,32,64,1024,gpu,3,0.23937129974365234,9.131290426012129e-07,test_field
cupy,128,32,64,1024,gpu,4,0.20955991744995117,7.994076440809295e-07,test_field
numpy,128,32,64,1024,cpu,0,1.7321577072143555,6.607657269341871e-06,test_field
numpy,128,32,64,1024,cpu,1,1.723212480545044,6.573533937626053e-06,test_field
numpy,128,32,64,1024,cpu,2,1.731694221496582,6.6058892116416246e-06,test_field
numpy,128,32,64,1024,cpu,3,1.760481595993042,6.715704330417793e-06,test_field
numpy,128,32,64,1024,cpu,4,1.7300736904144287,6.599707376153674e-06,test_field
fortran,128,32,64,1024,cpu,0,0.151478871,5.778460350036621e-07,test_field
fortran,128,32,64,1024,cpu,1,0.150762124,5.751118621826172e-07,test_field
fortran,128,32,64,1024,cpu,2,0.151023108,5.76107437133789e-07,test_field
fortran,128,32,64,1024,cpu,3,0.152188577,5.805533485412597e-07,test_field
fortran,128,32,64,1024,cpu,4,0.152003751,5.798482933044433e-07,test_field
numba,128,64,16,1024,cpu,0,0.14963054656982422,1.1415904737077653e-06,test_field
numba,128,64,16,1024,cpu,1,0.14870977401733398,1.1345655366312712e-06,test_field
numba,128,64,16,1024,cpu,2,0.1498563289642334,1.1433130566729233e-06,test_field
numba,128,64,16,1024,cpu,3,0.14562129974365234,1.1110023478977382e-06,test_field
numba,128,64,16,1024,cpu,4,0.15098023414611816,1.1518877727212384e-06,test_field
jax,128,64,16,1024,cpu,0,0.295551061630249,2.2548756533069536e-06,test_field
jax,128,64,16,1024,cpu,1,0.293748140335083,2.24112045543734e-06,test_field
jax,128,64,16,1024,cpu,2,0.29629993438720703,2.260589099023491e-06,test_field
jax,128,64,16,1024,cpu,3,0.296245813369751,2.2601761884288862e-06,test_field
jax,128,64,16,1024,cpu,4,0.2956209182739258,2.2554086172021925e-06,test_field
jax,128,64,16,1024,gpu,0,0.12108778953552246,9.23826519283466e-07,test_field
jax,128,64,16,1024,gpu,1,0.11200737953186035,8.545484888600186e-07,test_field
jax,128,64,16,1024,gpu,2,0.11264395713806152,8.59405190567486e-07,test_field
jax,128,64,16,1024,gpu,3,0.11543655395507812,8.807110134512186e-07,test_field
jax,128,64,16,1024,gpu,4,0.1131126880645752,8.629813237348571e-07,test_field
torch,128,64,16,1024,cpu,0,0.9127659797668457,6.963851774344221e-06,test_field
torch,128,64,16,1024,cpu,1,0.9152669906616211,6.982932973187417e-06,test_field
torch,128,64,16,1024,cpu,2,0.9507119655609131,7.253356670844369e-06,test_field
torch,128,64,16,1024,cpu,3,0.891624927520752,6.8025583459530026e-06,test_field
torch,128,64,16,1024,cpu,4,0.9696292877197266,7.397684385068715e-06,test_field
torch,128,64,16,1024,gpu,0,0.31638193130493164,2.4138025764841586e-06,test_field
torch,128,64,16,1024,gpu,1,0.3404364585876465,2.597324055386707e-06,test_field
torch,128,64,16,1024,gpu,2,0.3018910884857178,2.303246219526045e-06,test_field
torch,128,64,16,1024,gpu,3,0.33022093772888184,2.519385816412978e-06,test_field
torch,128,64,16,1024,gpu,4,0.39794325828552246,3.0360661185113713e-06,test_field
gt4py,128,64,16,1024,cpu,0,0.7555780410766602,5.764602974522859e-06,test_field
gt4py,128,64,16,1024,cpu,1,0.7620177268981934,5.8137338783126324e-06,test_field
gt4py,128,64,16,1024,cpu,2,0.7548611164093018,5.7591332733863965e-06,test_field
gt4py,128,64,16,1024,cpu,3,0.7629895210266113,5.821148079121485e-06,test_field
gt4py,128,64,16,1024,cpu,4,0.7502586841583252,5.724019501940347e-06,test_field
cupy,128,64,16,1024,gpu,0,0.23410272598266602,1.7860620573628694e-06,test_field
cupy,128,64,16,1024,gpu,1,0.2526383399963379,1.9274775695521384e-06,test_field
cupy,128,64,16,1024,gpu,2,0.24668121337890625,1.8820283003151417e-06,test_field
cupy,128,64,16,1024,gpu,3,0.24738407135009766,1.8873906810767949e-06,test_field
cupy,128,64,16,1024,gpu,4,0.2252335548400879,1.7183956515509635e-06,test_field
numpy,128,64,16,1024,cpu,0,0.8556075096130371,6.527767254738137e-06,test_field
numpy,128,64,16,1024,cpu,1,0.8479318618774414,6.469206709880382e-06,test_field
numpy,128,64,16,1024,cpu,2,0.8543767929077148,6.518377631437033e-06,test_field
numpy,128,64,16,1024,cpu,3,0.8579998016357422,6.546018994413316e-06,test_field
numpy,128,64,16,1024,cpu,4,0.8557717800140381,6.52902053843718e-06,test_field
fortran,128,64,16,1024,cpu,0,0.074493584,5.683409423828125e-07,test_field
fortran,128,64,16,1024,cpu,1,0.073975616,5.6438916015625e-07,test_field
fortran,128,64,16,1024,cpu,2,0.074424594,5.678145904541015e-07,test_field
fortran,128,64,16,1024,cpu,3,0.074192825,5.660463333129883e-07,test_field
fortran,128,64,16,1024,cpu,4,0.074459441,5.68080451965332e-07,test_field
numba,128,64,32,1024,cpu,0,0.15920233726501465,6.073087206459604e-07,test_field
numba,128,64,32,1024,cpu,1,0.15691137313842773,5.985693860566244e-07,test_field
numba,128,64,32,1024,cpu,2,0.1565539836883545,5.972060534986667e-07,test_field
numba,128,64,32,1024,cpu,3,0.1581418514251709,6.032632882124744e-07,test_field
numba,128,64,32,1024,cpu,4,0.15686869621276855,5.98406586505007e-07,test_field
jax,128,64,32,1024,cpu,0,0.4846065044403076,1.8486271073925309e-06,test_field
jax,128,64,32,1024,cpu,1,0.4833493232727051,1.8438313418300822e-06,test_field
jax,128,64,32,1024,cpu,2,0.4838392734527588,1.8457003534422256e-06,test_field
jax,128,64,32,1024,cpu,3,0.48613810539245605,1.8544697013567202e-06,test_field
jax,128,64,32,1024,cpu,4,0.4853706359863281,1.8515420379117131e-06,test_field
jax,128,64,32,1024,gpu,0,0.1293020248413086,4.932480806019157e-07,test_field
jax,128,64,32,1024,gpu,1,0.12381386756896973,4.723124220618047e-07,test_field
jax,128,64,32,1024,gpu,2,0.12912249565124512,4.925632310914807e-07,test_field
jax,128,64,32,1024,gpu,3,0.13256287574768066,5.056872396380641e-07,test_field
jax,128,64,32,1024,gpu,4,0.12790918350219727,4.879348125541583e-07,test_field
torch,128,64,32,1024,cpu,0,1.7718486785888672,6.759066309314221e-06,test_field
torch,128,64,32,1024,cpu,1,1.7770001888275146,6.778717761335429e-06,test_field
torch,128,64,32,1024,cpu,2,1.7775025367736816,6.780634066672064e-06,test_field
torch,128,64,32,1024,cpu,3,1.7632765769958496,6.726366336806677e-06,test_field
torch,128,64,32,1024,cpu,4,1.7430922985076904,6.649369424849283e-06,test_field
torch,128,64,32,1024,gpu,0,0.39684319496154785,1.5138366507017054e-06,test_field
torch,128,64,32,1024,gpu,1,0.34170031547546387,1.3034832591074519e-06,test_field
torch,128,64,32,1024,gpu,2,0.3584113121032715,1.3672306522494182e-06,test_field
torch,128,64,32,1024,gpu,3,0.27070188522338867,1.0326457413611934e-06,test_field
torch,128,64,32,1024,gpu,4,0.39871668815612793,1.520983460068237e-06,test_field
gt4py,128,64,32,1024,cpu,0,1.3174998760223389,5.025863174523693e-06,test_field
gt4py,128,64,32,1024,cpu,1,1.3056449890136719,4.980640369467437e-06,test_field
gt4py,128,64,32,1024,cpu,2,1.3036365509033203,4.972978786099702e-06,test_field
gt4py,128,64,32,1024,cpu,3,1.3070003986358643,4.985810846847016e-06,test_field
gt4py,128,64,32,1024,cpu,4,1.3088622093200684,4.992913090973161e-06,test_field
cupy,128,64,32,1024,gpu,0,0.21734261512756348,8.290962796309032e-07,test_field
cupy,128,64,32,1024,gpu,1,0.23069405555725098,8.800279829301871e-07,test_field
cupy,128,64,32,1024,gpu,2,0.24107956886291504,9.196455721394159e-07,test_field
cupy,128,64,32,1024,gpu,3,0.2705874443054199,1.0322091839043424e-06,test_field
cupy,128,64,32,1024,gpu,4,0.23662161827087402,9.026398402056657e-07,test_field
numpy,128,64,32,1024,cpu,0,1.6676671504974365,6.3616453189752065e-06,test_field
numpy,128,64,32,1024,cpu,1,1.6261065006256104,6.203104021551553e-06,test_field
numpy,128,64,32,1024,cpu,2,1.6259493827819824,6.202504664543085e-06,test_field
numpy,128,64,32,1024,cpu,3,1.6318891048431396,6.225162906048354e-06,test_field
numpy,128,64,32,1024,cpu,4,1.6393136978149414,6.2534854805562645e-06,test_field
fortran,128,64,32,1024,cpu,0,0.154165183,5.880935020446778e-07,test_field
fortran,128,64,32,1024,cpu,1,0.154156031,5.880585899353027e-07,test_field
fortran,128,64,32,1024,cpu,2,0.154421015,5.890694236755371e-07,test_field
fortran,128,64,32,1024,cpu,3,0.153769227,5.8658304977417e-07,test_field
fortran,128,64,32,1024,cpu,4,0.154012324,5.875103912353516e-07,test_field
numba,128,64,64,1024,cpu,0,0.18989920616149902,3.6220399124431424e-07,test_field
numba,128,64,64,1024,cpu,1,0.19145441055297852,3.6517030821414664e-07,test_field
numba,128,64,64,1024,cpu,2,0.18716120719909668,3.569816726667341e-07,test_field
numba,128,64,64,1024,cpu,3,0.18820834159851074,3.5897892303182743e-07,test_field
numba,128,64,64,1024,cpu,4,0.18616151809692383,3.5507491702446714e-07,test_field
jax,128,64,64,1024,cpu,0,0.8596222400665283,1.6395993043261115e-06,test_field
jax,128,64,64,1024,cpu,1,0.8638179302215576,1.6476019482070114e-06,test_field
jax,128,64,64,1024,cpu,2,0.864478588104248,1.6488620531163178e-06,test_field
jax,128,64,64,1024,cpu,3,0.8597209453582764,1.6397875697293784e-06,test_field
jax,128,64,64,1024,cpu,4,0.8604156970977783,1.6411127035098616e-06,test_field
jax,128,64,64,1024,gpu,0,0.1258554458618164,2.4005021259654313e-07,test_field
jax,128,64,64,1024,gpu,1,0.12692904472351074,2.420979399175849e-07,test_field
jax,128,64,64,1024,gpu,2,0.131117582321167,2.500869413779583e-07,test_field
jax,128,64,64,1024,gpu,3,0.13206171989440918,2.518877408874687e-07,test_field
jax,128,64,64,1024,gpu,4,0.12805509567260742,2.4424571165582165e-07,test_field
torch,128,64,64,1024,cpu,0,3.3286240100860596,6.348846454784507e-06,test_field
torch,128,64,64,1024,cpu,1,3.317565679550171,6.327754363155691e-06,test_field
torch,128,64,64,1024,cpu,2,3.270979404449463,6.2388980950345285e-06,test_field
torch,128,64,64,1024,cpu,3,3.3000643253326416,6.294373179116519e-06,test_field
torch,128,64,64,1024,cpu,4,3.3144140243530273,6.321743057924323e-06,test_field
torch,128,64,64,1024,gpu,0,0.27384018898010254,5.223087100603152e-07,test_field
torch,128,64,64,1024,gpu,1,0.36707448959350586,7.001390258665197e-07,test_field
torch,128,64,64,1024,gpu,2,0.30156755447387695,5.751944627263583e-07,test_field
torch,128,64,64,1024,gpu,3,0.32341909408569336,6.168729669298045e-07,test_field
torch,128,64,64,1024,gpu,4,0.3841996192932129,7.328026185859926e-07,test_field
gt4py,128,64,64,1024,cpu,0,2.4188923835754395,4.613671080733184e-06,test_field
gt4py,128,64,64,1024,cpu,1,2.4320456981658936,4.638759037334239e-06,test_field
gt4py,128,64,64,1024,cpu,2,2.4175429344177246,4.611097210727166e-06,test_field
gt4py,128,64,64,1024,cpu,3,2.4261748790740967,4.627561338566011e-06,test_field
gt4py,128,64,64,1024,cpu,4,2.420912027359009,4.617523245542543e-06,test_field
cupy,128,64,64,1024,gpu,0,0.24534201622009277,4.6795275920885615e-07,test_field
cupy,128,64,64,1024,gpu,1,0.2201986312866211,4.1999555833172053e-07,test_field
cupy,128,64,64,1024,gpu,2,0.23553180694580078,4.492412699619308e-07,test_field
cupy,128,64,64,1024,gpu,3,0.23277020454406738,4.439739313966129e-07,test_field
cupy,128,64,64,1024,gpu,4,0.23816967010498047,4.5427259465213865e-07,test_field
numpy,128,64,64,1024,cpu,0,3.3408684730529785,6.372200914483983e-06,test_field
numpy,128,64,64,1024,cpu,1,3.2456557750701904,6.190597105160123e-06,test_field
numpy,128,64,64,1024,cpu,2,3.2468271255493164,6.192831278895028e-06,test_field
numpy,128,64,64,1024,cpu,3,3.169188976287842,6.0447482610470615e-06,test_field
numpy,128,64,64,1024,cpu,4,3.1958110332489014,6.095525804994395e-06,test_field
fortran,128,64,64,1024,cpu,0,0.312370757,5.957999362945557e-07,test_field
fortran,128,64,64,1024,cpu,1,0.312207754,5.954890327453613e-07,test_field
fortran,128,64,64,1024,cpu,2,0.310984784,5.931564025878907e-07,test_field
fortran,128,64,64,1024,cpu,3,0.312862583,5.967380199432374e-07,test_field
fortran,128,64,64,1024,cpu,4,0.311248072,5.936585845947265e-07,test_field
numba,128,128,16,1024,cpu,0,0.1786644458770752,6.815507731516846e-07,test_field
numba,128,128,16,1024,cpu,1,0.18231916427612305,6.954924174351618e-07,test_field
numba,128,128,16,1024,cpu,2,0.18379735946655273,7.011312845861539e-07,test_field
numba,128,128,16,1024,cpu,3,0.1828467845916748,6.975051292101853e-07,test_field
numba,128,128,16,1024,cpu,4,0.1840217113494873,7.019871191005222e-07,test_field
jax,128,128,16,1024,cpu,0,0.4827311038970947,1.841473022068385e-06,test_field
jax,128,128,16,1024,cpu,1,0.4895319938659668,1.8674163584364578e-06,test_field
jax,128,128,16,1024,cpu,2,0.4815981388092041,1.83715110324556e-06,test_field
jax,128,128,16,1024,cpu,3,0.4822041988372803,1.8394630387774669e-06,test_field
jax,128,128,16,1024,cpu,4,0.48117947578430176,1.8355540305492468e-06,test_field
jax,128,128,16,1024,gpu,0,0.131730318069458,5.02511284139473e-07,test_field
jax,128,128,16,1024,gpu,1,0.12932038307189941,4.933181116939522e-07,test_field
jax,128,128,16,1024,gpu,2,0.12600159645080566,4.806579454452731e-07,test_field
jax,128,128,16,1024,gpu,3,0.12797093391418457,4.881703716819175e-07,test_field
jax,128,128,16,1024,gpu,4,0.12550735473632812,4.787725629284978e-07,test_field
torch,128,128,16,1024,cpu,0,1.6429307460784912,6.267283424676862e-06,test_field
torch,128,128,16,1024,cpu,1,1.6074192523956299,6.131817826826591e-06,test_field
torch,128,128,16,1024,cpu,2,1.6223289966583252,6.188693987496663e-06,test_field
torch,128,128,16,1024,cpu,3,1.618765115737915,6.175098860694561e-06,test_field
torch,128,128,16,1024,cpu,4,1.651869773864746,6.301383109530434e-06,test_field
torch,128,128,16,1024,gpu,0,0.30599522590637207,1.1672791515593417e-06,test_field
torch,128,128,16,1024,gpu,1,0.373624324798584,1.4252636901801452e-06,test_field
torch,128,128,16,1024,gpu,2,0.2954404354095459,1.1270158211118542e-06,test_field
torch,128,128,16,1024,gpu,3,0.26628613471984863,1.015800989989657e-06,test_field
torch,128,128,16,1024,gpu,4,0.32189154624938965,1.22791880130535e-06,test_field
gt4py,128,128,16,1024,cpu,0,1.3160386085510254,5.020288881496526e-06,test_field
gt4py,128,128,16,1024,cpu,1,1.296523094177246,4.945843102177605e-06,test_field
gt4py,128,128,16,1024,cpu,2,1.3010668754577637,4.9631762522039935e-06,test_field
gt4py,128,128,16,1024,cpu,3,1.300248146057129,4.960053047398105e-06,test_field
gt4py,128,128,16,1024,cpu,4,1.3011350631713867,4.9634363676887006e-06,test_field
cupy,128,128,16,1024,gpu,0,0.25037598609924316,9.55108589550946e-07,test_field
cupy,128,128,16,1024,gpu,1,0.23093414306640625,8.809438440948725e-07,test_field
cupy,128,128,16,1024,gpu,2,0.23552727699279785,8.984652595245279e-07,test_field
cupy,128,128,16,1024,gpu,3,0.25931406021118164,9.892046364257112e-07,test_field
cupy,128,128,16,1024,gpu,4,0.23578739166259766,8.994575182441622e-07,test_field
numpy,128,128,16,1024,cpu,0,1.686136245727539,6.432099326048046e-06,test_field
numpy,128,128,16,1024,cpu,1,1.6122758388519287,6.150344233901706e-06,test_field
numpy,128,128,16,1024,cpu,2,1.6232237815856934,6.192107321112417e-06,test_field
numpy,128,128,16,1024,cpu,3,1.6150791645050049,6.161038072605152e-06,test_field
numpy,128,128,16,1024,cpu,4,1.5934514999389648,6.078535079723224e-06,test_field
fortran,128,128,16,1024,cpu,0,0.150621519,5.74575496673584e-07,test_field
fortran,128,128,16,1024,cpu,1,0.150546705,5.742901039123535e-07,test_field
fortran,128,128,16,1024,cpu,2,0.152669713,5.823887367248536e-07,test_field
fortran,128,128,16,1024,cpu,3,0.150995172,5.760008697509766e-07,test_field
fortran,128,128,16,1024,cpu,4,0.152406777,5.813857154846191e-07,test_field
numba,128,128,32,1024,cpu,0,0.18572783470153809,3.5424773159320466e-07,test_field
numba,128,128,32,1024,cpu,1,0.18667197227478027,3.5604853110271506e-07,test_field
numba,128,128,32,1024,cpu,2,0.18510794639587402,3.5306538848089986e-07,test_field
numba,128,128,32,1024,cpu,3,0.18721437454223633,3.5708308132598177e-07,test_field
numba,128,128,32,1024,cpu,4,0.18764162063598633,3.578979885787703e-07,test_field
jax,128,128,32,1024,cpu,0,0.8444366455078125,1.6106350813060999e-06,test_field
jax,128,128,32,1024,cpu,1,0.8376026153564453,1.5976002032402903e-06,test_field
jax,128,128,32,1024,cpu,2,0.8412196636199951,1.6044991753005888e-06,test_field
jax,128,128,32,1024,cpu,3,0.8428845405578613,1.607674676051829e-06,test_field
jax,128,128,32,1024,cpu,4,0.8465597629547119,1.6146846064657439e-06,test_field
jax,128,128,32,1024,gpu,0,0.12728118896484375,2.427696017548442e-07,test_field
jax,128,128,32,1024,gpu,1,0.1276566982269287,2.4348582883249037e-07,test_field
jax,128,128,32,1024,gpu,2,0.13144254684448242,2.5070676201721653e-07,test_field
jax,128,128,32,1024,gpu,3,0.13083291053771973,2.4954397304099984e-07,test_field
jax,128,128,32,1024,gpu,4,0.12670350074768066,2.416677489236463e-07,test_field
torch,128,128,32,1024,cpu,0,3.0403077602386475,5.798926849820418e-06,test_field
torch,128,128,32,1024,cpu,1,3.0484771728515625,5.814508767798543e-06,test_field
torch,128,128,32,1024,cpu,2,3.0524368286132812,5.822061211802065e-06,test_field
torch,128,128,32,1024,cpu,3,3.048060655593872,5.813714324176544e-06,test_field
torch,128,128,32,1024,cpu,4,3.062946081161499,5.84210602028179e-06,test_field
torch,128,128,32,1024,gpu,0,0.31596875190734863,6.026625669619534e-07,test_field
torch,128,128,32,1024,gpu,1,0.3047604560852051,5.812844392494299e-07,test_field
torch,128,128,32,1024,gpu,2,0.3875429630279541,7.391795406874735e-07,test_field
torch,128,128,32,1024,gpu,3,0.3924384117126465,7.485168680432253e-07,test_field
torch,128,128,32,1024,gpu,4,0.3844432830810547,7.332673703785986e-07,test_field
gt4py,128,128,32,1024,cpu,0,2.4137957096099854,4.603949946613284e-06,test_field
gt4py,128,128,32,1024,cpu,1,2.4037132263183594,4.584719135891646e-06,test_field
gt4py,128,128,32,1024,cpu,2,2.4161767959594727,4.608491508406587e-06,test_field
gt4py,128,128,32,1024,cpu,3,2.4094462394714355,4.595653990691062e-06,test_field
gt4py,128,128,32,1024,cpu,4,2.4031429290771484,4.583631380228326e-06,test_field
cupy,128,128,32,1024,gpu,0,0.2453172206878662,4.6790546548436396e-07,test_field
cupy,128,128,32,1024,gpu,1,0.21439218521118164,4.089206413482316e-07,test_field
cupy,128,128,32,1024,gpu,2,0.2401108741760254,4.5797514758305624e-07,test_field
cupy,128,128,32,1024,gpu,3,0.23621582984924316,4.505459401116241e-07,test_field
cupy,128,128,32,1024,gpu,4,0.24851274490356445,4.7400044422829524e-07,test_field
numpy,128,128,32,1024,cpu,0,3.2692296504974365,6.235560704226373e-06,test_field
numpy,128,128,32,1024,cpu,1,3.1801459789276123,6.065647085051751e-06,test_field
numpy,128,128,32,1024,cpu,2,3.19520902633667,6.094377567933407e-06,test_field
numpy,128,128,32,1024,cpu,3,3.208329677581787,6.1194032241473906e-06,test_field
numpy,128,128,32,1024,cpu,4,3.244096279144287,6.187622602737974e-06,test_field
fortran,128,128,32,1024,cpu,0,0.309173485,5.89701623916626e-07,test_field
fortran,128,128,32,1024,cpu,1,0.30769273,5.868773078918458e-07,test_field
fortran,128,128,32,1024,cpu,2,0.306149577,5.839339771270752e-07,test_field
fortran,128,128,32,1024,cpu,3,0.310707743,5.926279888153076e-07,test_field
fortran,128,128,32,1024,cpu,4,0.305067722,5.818705024719238e-07,test_field
numba,128,128,64,1024,cpu,0,0.20854926109313965,1.988880740100285e-07,test_field
numba,128,128,64,1024,cpu,1,0.20928955078125,1.9959406927227974e-07,test_field
numba,128,128,64,1024,cpu,2,0.20966124534606934,1.9994854483229574e-07,test_field
numba,128,128,64,1024,cpu,3,0.2099626064300537,2.0023594515805598e-07,test_field
numba,128,128,64,1024,cpu,4,0.2073662281036377,1.9775984583247919e-07,test_field
jax,128,128,64,1024,cpu,0,1.5703620910644531,1.4976139937061816e-06,test_field
jax,128,128,64,1024,cpu,1,1.5686311721801758,1.4959632608224638e-06,test_field
jax,128,128,64,1024,cpu,2,1.5735588073730469,1.5006626199465245e-06,test_field
jax,128,128,64,1024,cpu,3,1.5698847770690918,1.4971587916079443e-06,test_field
jax,128,128,64,1024,cpu,4,1.575495958328247,1.5025100310595008e-06,test_field
jax,128,128,64,1024,gpu,0,0.13638973236083984,1.3007138477405533e-07,test_field
jax,128,128,64,1024,gpu,1,0.13595867156982422,1.2966029316885397e-07,test_field
jax,128,128,64,1024,gpu,2,0.13254380226135254,1.2640362001548056e-07,test_field
jax,128,128,64,1024,gpu,3,0.13881778717041016,1.323869582847692e-07,test_field
jax,128,128,64,1024,gpu,4,0.13431143760681152,1.2808936844521668e-07,test_field
torch,128,128,64,1024,cpu,0,5.9528725147247314,5.677101626133663e-06,test_field
torch,128,128,64,1024,cpu,1,5.900969743728638,5.627603286484373e-06,test_field
torch,128,128,64,1024,cpu,2,5.97506046295166,5.698261702491436e-06,test_field
torch,128,128,64,1024,cpu,3,5.987752914428711,5.710366167477332e-06,test_field
torch,128,128,64,1024,cpu,4,5.940162658691406,5.664980562869459e-06,test_field
torch,128,128,64,1024,gpu,0,0.39050841331481934,3.7241784411889967e-07,test_field
torch,128,128,64,1024,gpu,1,0.313312292098999,2.987978859891882e-07,test_field
torch,128,128,64,1024,gpu,2,0.2610433101654053,2.4895030037441757e-07,test_field
torch,128,128,64,1024,gpu,3,0.3246114253997803,3.0957357921579387e-07,test_field
torch,128,128,64,1024,gpu,4,0.2979917526245117,2.8418708097888157e-07,test_field
gt4py,128,128,64,1024,cpu,0,4.6153244972229,4.401516434882069e-06,test_field
gt4py,128,128,64,1024,cpu,1,4.628461837768555,4.414045179146342e-06,test_field
gt4py,128,128,64,1024,cpu,2,4.62384557723999,4.40964277004241e-06,test_field
gt4py,128,128,64,1024,cpu,3,4.643706321716309,4.428583451954182e-06,test_field
gt4py,128,128,64,1024,cpu,4,4.6376423835754395,4.422800429892959e-06,test_field
cupy,128,128,64,1024,gpu,0,0.23716068267822266,2.2617405193159357e-07,test_field
cupy,128,128,64,1024,gpu,1,0.23804306983947754,2.2701556190440897e-07,test_field
cupy,128,128,64,1024,gpu,2,0.2416858673095703,2.304896042915061e-07,test_field
cupy,128,128,64,1024,gpu,3,0.24302387237548828,2.3176562535809353e-07,test_field
cupy,128,128,64,1024,gpu,4,0.2210862636566162,2.1084429135953542e-07,test_field
numpy,128,128,64,1024,cpu,0,6.461029052734375,6.161717465147376e-06,test_field
numpy,128,128,64,1024,cpu,1,6.7144975662231445,6.403443876479287e-06,test_field
numpy,128,128,64,1024,cpu,2,6.6799256801605225,6.370473556671641e-06,test_field
numpy,128,128,64,1024,cpu,3,6.753472566604614,6.440613333325018e-06,test_field
numpy,128,128,64,1024,cpu,4,6.550439357757568,6.246985776670044e-06,test_field
fortran,128,128,64,1024,cpu,0,0.625346588,5.963769798278808e-07,test_field
fortran,128,128,64,1024,cpu,1,0.627073991,5.98024359703064e-07,test_field
fortran,128,128,64,1024,cpu,2,0.620316372,5.915797920227051e-07,test_field
fortran,128,128,64,1024,cpu,3,0.623559091,5.946722898483276e-07,test_field
fortran,128,128,64,1024,cpu,4,0.617668389,5.890544786453247e-07,test_field
numba,128,256,16,1024,cpu,0,0.2585928440093994,4.932267074764241e-07,test_field
numba,128,256,16,1024,cpu,1,0.26384425163269043,5.032429726270493e-07,test_field
numba,128,256,16,1024,cpu,2,0.26244044303894043,5.005654202250298e-07,test_field
numba,128,256,16,1024,cpu,3,0.2656557559967041,5.066981429990847e-07,test_field
numba,128,256,16,1024,cpu,4,0.26746439933776855,5.101478564029094e-07,test_field
jax,128,256,16,1024,cpu,0,0.8378257751464844,1.59802584676072e-06,test_field
jax,128,256,16,1024,cpu,1,0.8406717777252197,1.6034541658882517e-06,test_field
jax,128,256,16,1024,cpu,2,0.8353018760681152,1.593211891304236e-06,test_field
jax,128,256,16,1024,cpu,3,0.8359699249267578,1.5944860933814198e-06,test_field
jax,128,256,16,1024,cpu,4,0.8488662242889404,1.6190838323382195e-06,test_field
jax,128,256,16,1024,gpu,0,0.12763595581054688,2.4344626581296325e-07,test_field
jax,128,256,16,1024,gpu,1,0.12664294242858887,2.415522430965211e-07,test_field
jax,128,256,16,1024,gpu,2,0.13323664665222168,2.541287358326372e-07,test_field
jax,128,256,16,1024,gpu,3,0.12761473655700684,2.4340579329873435e-07,test_field
jax,128,256,16,1024,gpu,4,0.12720346450805664,2.426213541184552e-07,test_field
torch,128,256,16,1024,cpu,0,3.0167109966278076,5.753919595008483e-06,test_field
torch,128,256,16,1024,cpu,1,3.028033971786499,5.775516456196783e-06,test_field
torch,128,256,16,1024,cpu,2,3.0015056133270264,5.724917627958348e-06,test_field
torch,128,256,16,1024,cpu,3,2.9815938472747803,5.686938948201714e-06,test_field
torch,128,256,16,1024,cpu,4,3.009065866470337,5.739337666454958e-06,test_field
torch,128,256,16,1024,gpu,0,0.37883663177490234,7.225735316751525e-07,test_field
torch,128,256,16,1024,gpu,1,0.35945749282836914,6.856107575003989e-07,test_field
torch,128,256,16,1024,gpu,2,0.316852331161499,6.043478606443387e-07,test_field
torch,128,256,16,1024,gpu,3,0.33368659019470215,6.364566615957301e-07,test_field
torch,128,256,16,1024,gpu,4,0.3784754276275635,7.218845894385595e-07,test_field
gt4py,128,256,16,1024,cpu,0,2.3930716514587402,4.56442194263218e-06,test_field
gt4py,128,256,16,1024,cpu,1,2.387733221054077,4.554239694698481e-06,test_field
gt4py,128,256,16,1024,cpu,2,2.387998104095459,4.554744919005316e-06,test_field
gt4py,128,256,16,1024,cpu,3,2.3935647010803223,4.565362360153813e-06,test_field
gt4py,128,256,16,1024,cpu,4,2.3889262676239014,4.556515250442317e-06,test_field
cupy,128,256,16,1024,gpu,0,0.24407958984375,4.655448719859123e-07,test_field
cupy,128,256,16,1024,gpu,1,0.23650217056274414,4.510920916800387e-07,test_field
cupy,128,256,16,1024,gpu,2,0.24057960510253906,4.5886918087489903e-07,test_field
cupy,128,256,16,1024,gpu,3,0.24790477752685547,4.7284083848353475e-07,test_field
cupy,128,256,16,1024,gpu,4,0.23525214195251465,4.48707851319341e-07,test_field
numpy,128,256,16,1024,cpu,0,3.283358097076416,6.262508577492554e-06,test_field
numpy,128,256,16,1024,cpu,1,3.139653444290161,5.9884137044718955e-06,test_field
numpy,128,256,16,1024,cpu,2,3.1014175415039062,5.9154845075681806e-06,test_field
numpy,128,256,16,1024,cpu,3,3.0736286640167236,5.862481430085609e-06,test_field
numpy,128,256,16,1024,cpu,4,3.0766146183013916,5.868176685908111e-06,test_field
fortran,128,256,16,1024,cpu,0,0.307346016,5.862160034179687e-07,test_field
fortran,128,256,16,1024,cpu,1,0.309013357,5.89396203994751e-07,test_field
fortran,128,256,16,1024,cpu,2,0.31199477,5.950827980041503e-07,test_field
fortran,128,256,16,1024,cpu,3,0.309698584,5.907031707763672e-07,test_field
fortran,128,256,16,1024,cpu,4,0.311637726,5.944017906188965e-07,test_field
numba,128,256,32,1024,cpu,0,0.2955350875854492,2.818442226271145e-07,test_field
numba,128,256,32,1024,cpu,1,0.300767183303833,2.8683393793471623e-07,test_field
numba,128,256,32,1024,cpu,2,0.29636263847351074,2.8263343665457796e-07,test_field
numba,128,256,32,1024,cpu,3,0.29895710945129395,2.851077169907512e-07,test_field
numba,128,256,32,1024,cpu,4,0.29723381996154785,2.8346426006464753e-07,test_field
jax,128,256,32,1024,cpu,0,1.5504767894744873,1.4786498923058389e-06,test_field
jax,128,256,32,1024,cpu,1,1.5520689487457275,1.4801682937104488e-06,test_field
jax,128,256,32,1024,cpu,2,1.5489792823791504,1.47722175825038e-06,test_field
jax,128,256,32,1024,cpu,3,1.553591012954712,1.4816198472544784e-06,test_field
jax,128,256,32,1024,cpu,4,1.5500195026397705,1.4782137895963388e-06,test_field
jax,128,256,32,1024,gpu,0,0.13278770446777344,1.2663622328545898e-07,test_field
jax,128,256,32,1024,gpu,1,0.13424420356750488,1.2802524906874169e-07,test_field
jax,128,256,32,1024,gpu,2,0.13436174392700195,1.281373442907352e-07,test_field
jax,128,256,32,1024,gpu,3,0.1387186050415039,1.3229237083578482e-07,test_field
jax,128,256,32,1024,gpu,4,0.13291692733764648,1.2675945981754921e-07,test_field
torch,128,256,32,1024,cpu,0,5.8762030601501465,5.603983936453005e-06,test_field
torch,128,256,32,1024,cpu,1,5.857515096664429,5.5861617056507384e-06,test_field
torch,128,256,32,1024,cpu,2,5.957488775253296,5.6815040352375945e-06,test_field
torch,128,256,32,1024,cpu,3,5.880396127700806,5.607982757283025e-06,test_field
torch,128,256,32,1024,cpu,4,5.874013185501099,5.601895509244059e-06,test_field
torch,128,256,32,1024,gpu,0,0.3720831871032715,3.5484617910697125e-07,test_field
torch,128,256,32,1024,gpu,1,0.3746190071105957,3.5726452551898547e-07,test_field
torch,128,256,32,1024,gpu,2,0.36604857444763184,3.490911240078276e-07,test_field
torch,128,256,32,1024,gpu,3,0.31402039527893066,2.994731858052546e-07,test_field
torch,128,256,32,1024,gpu,4,0.3839590549468994,3.661718892544741e-07,test_field
gt4py,128,256,32,1024,cpu,0,4.698375940322876,4.480720463106991e-06,test_field
gt4py,128,256,32,1024,cpu,1,4.590284585952759,4.3776365146186436e-06,test_field
gt4py,128,256,32,1024,cpu,2,4.595037460327148,4.382169208838604e-06,test_field
gt4py,128,256,32,1024,cpu,3,4.5957818031311035,4.382879069453338e-06,test_field
gt4py,128,256,32,1024,cpu,4,4.6109747886657715,4.397368229547283e-06,test_field
cupy,128,256,32,1024,gpu,0,0.25097084045410156,2.3934444470796734e-07,test_field
cupy,128,256,32,1024,gpu,1,0.23411774635314941,2.232720817119116e-07,test_field
cupy,128,256,32,1024,gpu,2,0.2550992965698242,2.4328164727194235e-07,test_field
cupy,128,256,32,1024,gpu,3,0.23317170143127441,2.2236986296775285e-07,test_field
cupy,128,256,32,1024,gpu,4,0.24134159088134766,2.3016127670416608e-07,test_field
numpy,128,256,32,1024,cpu,0,6.268873453140259,5.978463605060824e-06,test_field
numpy,128,256,32,1024,cpu,1,6.474509000778198,6.174572945383261e-06,test_field
numpy,128,256,32,1024,cpu,2,6.514999866485596,6.2131880440574605e-06,test_field
numpy,128,256,32,1024,cpu,3,6.605065107345581,6.299080951066571e-06,test_field
numpy,128,256,32,1024,cpu,4,6.645343780517578,6.337493687169626e-06,test_field
fortran,128,256,32,1024,cpu,0,0.622729024,5.938806762695312e-07,test_field
fortran,128,256,32,1024,cpu,1,0.626786597,5.977502794265747e-07,test_field
fortran,128,256,32,1024,cpu,2,0.620495268,5.917504005432129e-07,test_field
fortran,128,256,32,1024,cpu,3,0.625018427,5.960640211105347e-07,test_field
fortran,128,256,32,1024,cpu,4,0.631999623,6.027218084335327e-07,test_field
numba,128,256,64,1024,cpu,0,0.2826716899871826,1.347883653579629e-07,test_field
numba,128,256,64,1024,cpu,1,0.2862415313720703,1.3649059837916866e-07,test_field
numba,128,256,64,1024,cpu,2,0.2834446430206299,1.3515693808585638e-07,test_field
numba,128,256,64,1024,cpu,3,0.2858705520629883,1.3631370165967382e-07,test_field
numba,128,256,64,1024,cpu,4,0.28676366806030273,1.36739572553779e-07,test_field
jax,128,256,64,1024,cpu,0,2.974745035171509,1.4184689689500374e-06,test_field
jax,128,256,64,1024,cpu,1,2.9971203804016113,1.4291383649833733e-06,test_field
jax,128,256,64,1024,cpu,2,2.986478328704834,1.4240638392948313e-06,test_field
jax,128,256,64,1024,cpu,3,2.9872467517852783,1.424430251972808e-06,test_field
jax,128,256,64,1024,cpu,4,2.9897444248199463,1.4256212352847797e-06,test_field
jax,128,256,64,1024,gpu,0,0.146470308303833,6.984248557273531e-08,test_field
jax,128,256,64,1024,gpu,1,0.1487884521484375,7.094786269590259e-08,test_field
jax,128,256,64,1024,gpu,2,0.14549040794372559,6.937523266969947e-08,test_field
jax,128,256,64,1024,gpu,3,0.14096903800964355,6.721927547914675e-08,test_field
jax,128,256,64,1024,gpu,4,0.1473827362060547,7.027756510069594e-08,test_field
torch,128,256,64,1024,cpu,0,12.110287427902222,5.774635042143927e-06,test_field
torch,128,256,64,1024,cpu,1,12.23583722114563,5.834501848767104e-06,test_field
torch,128,256,64,1024,cpu,2,12.00933051109314,5.7264950328317354e-06,test_field
torch,128,256,64,1024,cpu,3,12.009202003479004,5.7264337556262035e-06,test_field
torch,128,256,64,1024,cpu,4,11.934810876846313,5.690961302207143e-06,test_field
torch,128,256,64,1024,gpu,0,0.3323550224304199,1.584792244102573e-07,test_field
torch,128,256,64,1024,gpu,1,0.37723731994628906,1.7988077161135152e-07,test_field
torch,128,256,64,1024,gpu,2,0.3064432144165039,1.4612351151299663e-07,test_field
torch,128,256,64,1024,gpu,3,0.2840592861175537,1.354500227535027e-07,test_field
torch,128,256,64,1024,gpu,4,0.3865349292755127,1.8431421722198138e-07,test_field
gt4py,128,256,64,1024,cpu,0,9.027448415756226,4.3046228483945015e-06,test_field
gt4py,128,256,64,1024,cpu,1,9.239740371704102,4.40585154137807e-06,test_field
gt4py,128,256,64,1024,cpu,2,9.224234819412231,4.398457917886844e-06,test_field
gt4py,128,256,64,1024,cpu,3,9.065081119537354,4.3225675199209945e-06,test_field
gt4py,128,256,64,1024,cpu,4,9.304721117019653,4.436836775312258e-06,test_field
cupy,128,256,64,1024,gpu,0,0.2398519515991211,1.1437032298999839e-07,test_field
cupy,128,256,64,1024,gpu,1,0.23758673667907715,1.1329018434480531e-07,test_field
cupy,128,256,64,1024,gpu,2,0.24000120162963867,1.1444149095041212e-07,test_field
cupy,128,256,64,1024,gpu,3,0.23871374130249023,1.1382758202671539e-07,test_field
cupy,128,256,64,1024,gpu,4,0.24209189414978027,1.1543841083039297e-07,test_field
numpy,128,256,64,1024,cpu,0,14.539464235305786,6.932956807759183e-06,test_field
numpy,128,256,64,1024,cpu,1,14.467965364456177,6.898863489368523e-06,test_field
numpy,128,256,64,1024,cpu,2,14.649564027786255,6.9854564799243235e-06,test_field
numpy,128,256,64,1024,cpu,3,14.58754587173462,6.9558839186356636e-06,test_field
numpy,128,256,64,1024,cpu,4,14.599555015563965,6.961610324651701e-06,test_field
fortran,128,256,64,1024,cpu,0,1.289663137,6.149593052864075e-07,test_field
fortran,128,256,64,1024,cpu,1,1.300715217,6.202293477058411e-07,test_field
fortran,128,256,64,1024,cpu,2,1.283215973,6.118850579261779e-07,test_field
fortran,128,256,64,1024,cpu,3,1.302659382,6.211563978195191e-07,test_field
fortran,128,256,64,1024,cpu,4,1.2945699,6.172990322113037e-07,test_field
numba,128,512,16,1024,cpu,0,0.41604185104370117,3.967684278904926e-07,test_field
numba,128,512,16,1024,cpu,1,0.43152928352355957,4.115383944736095e-07,test_field
numba,128,512,16,1024,cpu,2,0.42028355598449707,4.0081363295030314e-07,test_field
numba,128,512,16,1024,cpu,3,0.41415929794311523,3.9497308534919284e-07,test_field
numba,128,512,16,1024,cpu,4,0.42513489723205566,4.0544023249822203e-07,test_field
jax,128,512,16,1024,cpu,0,1.55501389503479,1.4829768133495236e-06,test_field
jax,128,512,16,1024,cpu,1,1.5523080825805664,1.4803963495069183e-06,test_field
jax,128,512,16,1024,cpu,2,1.5568208694458008,1.4847000784357078e-06,test_field
jax,128,512,16,1024,cpu,3,1.5497069358825684,1.4779157027078327e-06,test_field
jax,128,512,16,1024,cpu,4,1.5485272407531738,1.4767906577617396e-06,test_field
jax,128,512,16,1024,gpu,0,0.13290882110595703,1.2675172911258414e-07,test_field
jax,128,512,16,1024,gpu,1,0.13826918601989746,1.3186377145757433e-07,test_field
jax,128,512,16,1024,gpu,2,0.13237690925598145,1.262444584426703e-07,test_field
jax,128,512,16,1024,gpu,3,0.1327667236328125,1.2661621440201998e-07,test_field
jax,128,512,16,1024,gpu,4,0.13779473304748535,1.314112978434423e-07,test_field
torch,128,512,16,1024,cpu,0,5.659106969833374,5.396944970925688e-06,test_field
torch,128,512,16,1024,cpu,1,6.307994604110718,6.015772441969602e-06,test_field
torch,128,512,16,1024,cpu,2,6.2695183753967285,5.979078650852898e-06,test_field
torch,128,512,16,1024,cpu,3,6.222148895263672,5.933903594268486e-06,test_field
torch,128,512,16,1024,cpu,4,6.2448952198028564,5.9555961797741475e-06,test_field
torch,128,512,16,1024,gpu,0,0.38182806968688965,3.6413962334336247e-07,test_field
torch,128,512,16,1024,gpu,1,0.26648974418640137,2.5414442461624276e-07,test_field
torch,128,512,16,1024,gpu,2,0.27294325828552246,2.6029897526314016e-07,test_field
torch,128,512,16,1024,gpu,3,0.2653932571411133,2.5309873308287933e-07,test_field
torch,128,512,16,1024,gpu,4,0.3687570095062256,3.516740889608627e-07,test_field
gt4py,128,512,16,1024,cpu,0,4.602661848068237,4.3894403916056035e-06,test_field
gt4py,128,512,16,1024,cpu,1,4.578259468078613,4.366168468550313e-06,test_field
gt4py,128,512,16,1024,cpu,2,4.61757755279541,4.4036651161150075e-06,test_field
gt4py,128,512,16,1024,cpu,3,4.611198663711548,4.397581733428524e-06,test_field
gt4py,128,512,16,1024,cpu,4,4.594798564910889,4.38194138041581e-06,test_field
cupy,128,512,16,1024,gpu,0,0.23780012130737305,2.2678386812913232e-07,test_field
cupy,128,512,16,1024,gpu,1,0.25365686416625977,2.419060365355108e-07,test_field
cupy,128,512,16,1024,gpu,2,0.24097704887390137,2.2981362235441338e-07,test_field
cupy,128,512,16,1024,gpu,3,0.23707079887390137,2.2608833205595147e-07,test_field
cupy,128,512,16,1024,gpu,4,0.24390244483947754,2.3260349735210184e-07,test_field
numpy,128,512,16,1024,cpu,0,6.395865201950073,6.099572374296258e-06,test_field
numpy,128,512,16,1024,cpu,1,6.4924399852752686,6.1916732647659956e-06,test_field
numpy,128,512,16,1024,cpu,2,6.583716154098511,6.2787210026726825e-06,test_field
numpy,128,512,16,1024,cpu,3,6.60382080078125,6.297894287854433e-06,test_field
numpy,128,512,16,1024,cpu,4,6.335918664932251,6.042402901584865e-06,test_field
fortran,128,512,16,1024,cpu,0,0.629061648,5.99919937133789e-07,test_field
fortran,128,512,16,1024,cpu,1,0.611808444,5.834659996032715e-07,test_field
fortran,128,512,16,1024,cpu,2,0.614764067,5.86284701347351e-07,test_field
fortran,128,512,16,1024,cpu,3,0.61194396,5.835952377319335e-07,test_field
fortran,128,512,16,1024,cpu,4,0.616447279,5.878899374008178e-07,test_field
numba,128,512,32,1024,cpu,0,0.4430525302886963,2.112639094775659e-07,test_field
numba,128,512,32,1024,cpu,1,0.4436662197113037,2.1155653939786134e-07,test_field
numba,128,512,32,1024,cpu,2,0.4381401538848877,2.0892150587314973e-07,test_field
numba,128,512,32,1024,cpu,3,0.43703198432922363,2.0839308945141966e-07,test_field
numba,128,512,32,1024,cpu,4,0.44565725326538086,2.1250593817967456e-07,test_field
jax,128,512,32,1024,cpu,0,2.984076976776123,1.4229187854652992e-06,test_field
jax,128,512,32,1024,cpu,1,2.9831430912017822,1.4224734741219436e-06,test_field
jax,128,512,32,1024,cpu,2,2.9739270210266113,1.4180789094098145e-06,test_field
jax,128,512,32,1024,cpu,3,2.9771714210510254,1.4196259598975303e-06,test_field
jax,128,512,32,1024,cpu,4,2.982764482498169,1.4222929394236417e-06,test_field
jax,128,512,32,1024,gpu,0,0.15489530563354492,7.385983735730406e-08,test_field
jax,128,512,32,1024,gpu,1,0.1519923210144043,7.247558642120566e-08,test_field
jax,128,512,32,1024,gpu,2,0.1480095386505127,7.057644779706607e-08,test_field
jax,128,512,32,1024,gpu,3,0.15232229232788086,7.263292900461238e-08,test_field
jax,128,512,32,1024,gpu,4,0.14487051963806152,6.907964689162327e-08,test_field
torch,128,512,32,1024,cpu,0,11.904178380966187,5.676354589922994e-06,test_field
torch,128,512,32,1024,cpu,1,11.938032150268555,5.692497325071599e-06,test_field
torch,128,512,32,1024,cpu,2,11.925380229949951,5.686464419341064e-06,test_field
torch,128,512,32,1024,cpu,3,11.495749235153198,5.481600396706199e-06,test_field
torch,128,512,32,1024,cpu,4,11.97565484046936,5.710437221750908e-06,test_field
torch,128,512,32,1024,gpu,0,0.30635786056518555,1.460828116250923e-07,test_field
torch,128,512,32,1024,gpu,1,0.38485002517700195,1.8351079233980272e-07,test_field
torch,128,512,32,1024,gpu,2,0.2628941535949707,1.253577011084417e-07,test_field
torch,128,512,32,1024,gpu,3,0.3817920684814453,1.8205264495918527e-07,test_field
torch,128,512,32,1024,gpu,4,0.3720834255218506,1.7742320324032335e-07,test_field
gt4py,128,512,32,1024,cpu,0,9.225847721099854,4.399227009344031e-06,test_field
gt4py,128,512,32,1024,cpu,1,9.056103706359863,4.318286755733425e-06,test_field
gt4py,128,512,32,1024,cpu,2,9.079644680023193,4.329511966716382e-06,test_field
gt4py,128,512,32,1024,cpu,3,9.001132011413574,4.292074208933627e-06,test_field
gt4py,128,512,32,1024,cpu,4,9.275219440460205,4.422769279699423e-06,test_field
cupy,128,512,32,1024,gpu,0,0.24176478385925293,1.1528243248903891e-07,test_field
cupy,128,512,32,1024,gpu,1,0.24291038513183594,1.1582869774429128e-07,test_field
cupy,128,512,32,1024,gpu,2,0.24348115921020508,1.1610086403379682e-07,test_field
cupy,128,512,32,1024,gpu,3,0.24464154243469238,1.1665417787298793e-07,test_field
cupy,128,512,32,1024,gpu,4,0.24017643928527832,1.145250507761375e-07,test_field
numpy,128,512,32,1024,cpu,0,14.230064868927002,6.785423693145276e-06,test_field
numpy,128,512,32,1024,cpu,1,14.424415349960327,6.878097224216617e-06,test_field
numpy,128,512,32,1024,cpu,2,14.385459184646606,6.8595214770539314e-06,test_field
numpy,128,512,32,1024,cpu,3,14.287980794906616,6.813040158704098e-06,test_field
numpy,128,512,32,1024,cpu,4,14.348716259002686,6.8420010848058155e-06,test_field
fortran,128,512,32,1024,cpu,0,1.269065241,6.05137463092804e-07,test_field
fortran,128,512,32,1024,cpu,1,1.268813217,6.050172886848449e-07,test_field
fortran,128,512,32,1024,cpu,2,1.266377995,6.038560843467713e-07,test_field
fortran,128,512,32,1024,cpu,3,1.278917488,6.098353805541992e-07,test_field
fortran,128,512,32,1024,cpu,4,1.259126213,6.003981652259827e-07,test_field
numba,128,512,64,1024,cpu,0,0.42591047286987305,1.0154496976610972e-07,test_field
numba,128,512,64,1024,cpu,1,0.4255526065826416,1.0145964779439964e-07,test_field
numba,128,512,64,1024,cpu,2,0.4267570972442627,1.0174682074648445e-07,test_field
numba,128,512,64,1024,cpu,3,0.4282381534576416,1.0209993206444778e-07,test_field
numba,128,512,64,1024,cpu,4,0.425325870513916,1.0140558970306301e-07,test_field
jax,128,512,64,1024,cpu,0,5.870014905929565,1.399520613176719e-06,test_field
jax,128,512,64,1024,cpu,1,5.868721961975098,1.3992123513162369e-06,test_field
jax,128,512,64,1024,cpu,2,5.892983913421631,1.4049968513063504e-06,test_field
jax,128,512,64,1024,cpu,3,5.8581297397613525,1.3966869687465078e-06,test_field
jax,128,512,64,1024,cpu,4,5.884673357009888,1.4030154602551193e-06,test_field
jax,128,512,64,1024,gpu,0,0.16742277145385742,3.9916699279274326e-08,test_field
jax,128,512,64,1024,gpu,1,0.17389535903930664,4.145988441450754e-08,test_field
jax,128,512,64,1024,gpu,2,0.1747283935546875,4.1658495320007205e-08,test_field
jax,128,512,64,1024,gpu,3,0.17102670669555664,4.07759443987743e-08,test_field
jax,128,512,64,1024,gpu,4,0.17457175254821777,4.1621149193815654e-08,test_field
torch,128,512,64,1024,cpu,0,30.372729063034058,7.241422906645312e-06,test_field
torch,128,512,64,1024,cpu,1,32.21421766281128,7.680468002035923e-06,test_field
torch,128,512,64,1024,cpu,2,32.260534048080444,7.691510688800918e-06,test_field
torch,128,512,64,1024,cpu,3,31.37829875946045,7.481169404854882e-06,test_field
torch,128,512,64,1024,cpu,4,32.19463920593262,7.675800134165911e-06,test_field
torch,128,512,64,1024,gpu,0,0.4519519805908203,1.0775374903460033e-07,test_field
torch,128,512,64,1024,gpu,1,0.4547231197357178,1.084144400920195e-07,test_field
torch,128,512,64,1024,gpu,2,0.4542579650878906,1.0830353858182207e-07,test_field
torch,128,512,64,1024,gpu,3,0.45212531089782715,1.0779507420011214e-07,test_field
torch,128,512,64,1024,gpu,4,0.45426201820373535,1.083045049199427e-07,test_field
gt4py,128,512,64,1024,cpu,0,18.142279863357544,4.325456586684595e-06,test_field
gt4py,128,512,64,1024,cpu,1,17.870851755142212,4.2607430827956705e-06,test_field
gt4py,128,512,64,1024,cpu,2,18.19241237640381,4.337409109211876e-06,test_field
gt4py,128,512,64,1024,cpu,3,18.155382871627808,4.328580587298347e-06,test_field
gt4py,128,512,64,1024,cpu,4,17.919065475463867,4.27223812948796e-06,test_field
cupy,128,512,64,1024,gpu,0,0.4633603096008301,1.1047370662709e-07,test_field
cupy,128,512,64,1024,gpu,1,0.4669013023376465,1.1131794508401072e-07,test_field
cupy,128,512,64,1024,gpu,2,0.4643697738647461,1.1071438166254666e-07,test_field
cupy,128,512,64,1024,gpu,3,0.46385908126831055,1.105926230593468e-07,test_field
cupy,128,512,64,1024,gpu,4,0.46744322776794434,1.1144715017508133e-07,test_field
numpy,128,512,64,1024,cpu,0,43.99981951713562,1.0490374450000672e-05,test_field
numpy,128,512,64,1024,cpu,1,44.749218225479126,1.0669045025224477e-05,test_field
numpy,128,512,64,1024,cpu,2,43.93111491203308,1.0473993995674391e-05,test_field
numpy,128,512,64,1024,cpu,3,44.004382610321045,1.049146237619425e-05,test_field
numpy,128,512,64,1024,cpu,4,44.21915578842163,1.0542668292146118e-05,test_field
fortran,128,512,64,1024,cpu,0,2.707911096,6.456163158416748e-07,test_field
fortran,128,512,64,1024,cpu,1,2.699999335,6.437300050258636e-07,test_field
fortran,128,512,64,1024,cpu,2,2.69460526,6.424439573287964e-07,test_field
fortran,128,512,64,1024,cpu,3,2.688897977,6.410832350254059e-07,test_field
fortran,128,512,64,1024,cpu,4,2.685604093,6.402979118824005e-07,test_field
numba,256,16,16,1024,cpu,0,0.12414002418518066,1.8942264432553202e-06,test_field
numba,256,16,16,1024,cpu,1,0.1252155303955078,1.910637365654111e-06,test_field
numba,256,16,16,1024,cpu,2,0.13382172584533691,2.0419574866537005e-06,test_field
numba,256,16,16,1024,cpu,3,0.12530159950256348,1.911950676003471e-06,test_field
numba,256,16,16,1024,cpu,4,0.1280970573425293,1.9546059775166214e-06,test_field
jax,256,16,16,1024,cpu,0,0.2167682647705078,3.3076212275773287e-06,test_field
jax,256,16,16,1024,cpu,1,0.21731185913085938,3.3159158192574978e-06,test_field
jax,256,16,16,1024,cpu,2,0.2175004482269287,3.3187934604939073e-06,test_field
jax,256,16,16,1024,cpu,3,0.21414780616760254,3.2676362025085837e-06,test_field
jax,256,16,16,1024,cpu,4,0.21608805656433105,3.297242074040696e-06,test_field
jax,256,16,16,1024,gpu,0,0.12005233764648438,1.8318532966077328e-06,test_field
jax,256,16,16,1024,gpu,1,0.12110686302185059,1.8479440768714994e-06,test_field
jax,256,16,16,1024,gpu,2,0.12545561790466309,1.9143008103128523e-06,test_field
jax,256,16,16,1024,gpu,3,0.12346673011779785,1.8839527911040932e-06,test_field
jax,256,16,16,1024,gpu,4,0.12233424186706543,1.8666723917704076e-06,test_field
torch,256,16,16,1024,cpu,0,0.5539133548736572,8.452047040918842e-06,test_field
torch,256,16,16,1024,cpu,1,0.5143322944641113,7.848087989259511e-06,test_field
torch,256,16,16,1024,cpu,2,0.5605320930480957,8.553040970582515e-06,test_field
torch,256,16,16,1024,cpu,3,0.5563862323760986,8.489780157105997e-06,test_field
torch,256,16,16,1024,cpu,4,0.5308215618133545,8.099694241536781e-06,test_field
torch,256,16,16,1024,gpu,0,0.2799062728881836,4.271030775271356e-06,test_field
torch,256,16,16,1024,gpu,1,0.40679383277893066,6.207181286299601e-06,test_field
torch,256,16,16,1024,gpu,2,0.3621082305908203,5.525333108380437e-06,test_field
torch,256,16,16,1024,gpu,3,0.30625104904174805,4.673020157497376e-06,test_field
torch,256,16,16,1024,gpu,4,0.35803723335266113,5.463214620249346e-06,test_field
gt4py,256,16,16,1024,cpu,0,0.48052978515625,7.332302629947662e-06,test_field
gt4py,256,16,16,1024,cpu,1,0.47676753997802734,7.274895324371755e-06,test_field
gt4py,256,16,16,1024,cpu,2,0.48799872398376465,7.4462695920374244e-06,test_field
gt4py,256,16,16,1024,cpu,3,0.47836780548095703,7.299313438124955e-06,test_field
gt4py,256,16,16,1024,cpu,4,0.47650671005249023,7.270915375556797e-06,test_field
cupy,256,16,16,1024,gpu,0,0.24375581741333008,3.719418600667268e-06,test_field
cupy,256,16,16,1024,gpu,1,0.25275588035583496,3.856748662656173e-06,test_field
cupy,256,16,16,1024,gpu,2,0.24039793014526367,3.6681813071481884e-06,test_field
cupy,256,16,16,1024,gpu,3,0.23215270042419434,3.5423690860625356e-06,test_field
cupy,256,16,16,1024,gpu,4,0.21869564056396484,3.337030648253858e-06,test_field
numpy,256,16,16,1024,cpu,0,0.45275402069091797,6.908478098921478e-06,test_field
numpy,256,16,16,1024,cpu,1,0.45094823837280273,6.880924047436565e-06,test_field
numpy,256,16,16,1024,cpu,2,0.4504261016845703,6.872956873849034e-06,test_field
numpy,256,16,16,1024,cpu,3,0.44784045219421387,6.833502993686125e-06,test_field
numpy,256,16,16,1024,cpu,4,0.44596409797668457,6.804872100474313e-06,test_field
fortran,256,16,16,1024,cpu,0,0.036479086,5.566266784667969e-07,test_field
fortran,256,16,16,1024,cpu,1,0.036406928,5.55525634765625e-07,test_field
fortran,256,16,16,1024,cpu,2,0.036422,5.55755615234375e-07,test_field
fortran,256,16,16,1024,cpu,3,0.036406001,5.555114898681641e-07,test_field
fortran,256,16,16,1024,cpu,4,0.036531917,5.574328155517578e-07,test_field
numba,256,16,32,1024,cpu,0,0.13277411460876465,1.0129861038876697e-06,test_field
numba,256,16,32,1024,cpu,1,0.12969493865966797,9.89493855740875e-07,test_field
numba,256,16,32,1024,cpu,2,0.13400530815124512,1.0223793651675805e-06,test_field
numba,256,16,32,1024,cpu,3,0.1319596767425537,1.006772436085157e-06,test_field
numba,256,16,32,1024,cpu,4,0.1436011791229248,1.0955900506814942e-06,test_field
jax,256,16,32,1024,cpu,0,0.31385087966918945,2.394492184976116e-06,test_field
jax,256,16,32,1024,cpu,1,0.31342291831970215,2.391227098996751e-06,test_field
jax,256,16,32,1024,cpu,2,0.310882568359375,2.37184576690197e-06,test_field
jax,256,16,32,1024,cpu,3,0.3150043487548828,2.4032924557104707e-06,test_field
jax,256,16,32,1024,cpu,4,0.31304502487182617,2.388344000792131e-06,test_field
jax,256,16,32,1024,gpu,0,0.11806058883666992,9.007308108266443e-07,test_field
jax,256,16,32,1024,gpu,1,0.11507225036621094,8.779315976426005e-07,test_field
jax,256,16,32,1024,gpu,2,0.11614847183227539,8.861425158102065e-07,test_field
jax,256,16,32,1024,gpu,3,0.11735677719116211,8.953611541073769e-07,test_field
jax,256,16,32,1024,gpu,4,0.1159062385559082,8.842944225762039e-07,test_field
torch,256,16,32,1024,cpu,0,0.9698460102081299,7.399337846436538e-06,test_field
torch,256,16,32,1024,cpu,1,0.9734847545623779,7.427099262713455e-06,test_field
torch,256,16,32,1024,cpu,2,0.9695117473602295,7.3967876232927665e-06,test_field
torch,256,16,32,1024,cpu,3,0.9780542850494385,7.4619620136218145e-06,test_field
torch,256,16,32,1024,cpu,4,1.0010478496551514,7.637388989678584e-06,test_field
torch,256,16,32,1024,gpu,0,0.3057074546813965,2.3323627829086035e-06,test_field
torch,256,16,32,1024,gpu,1,0.3111298084259033,2.373732058913447e-06,test_field
torch,256,16,32,1024,gpu,2,0.26409268379211426,2.014867277466692e-06,test_field
torch,256,16,32,1024,gpu,3,0.34143590927124023,2.6049492589663714e-06,test_field
torch,256,16,32,1024,gpu,4,0.3740413188934326,2.853708792827092e-06,test_field
gt4py,256,16,32,1024,cpu,0,0.7620773315429688,5.814188625663519e-06,test_field
gt4py,256,16,32,1024,cpu,1,0.7660427093505859,5.844442057423294e-06,test_field
gt4py,256,16,32,1024,cpu,2,0.7659335136413574,5.84360896027647e-06,test_field
gt4py,256,16,32,1024,cpu,3,0.7676866054534912,5.856983989360742e-06,test_field
gt4py,256,16,32,1024,cpu,4,0.7602221965789795,5.800035069114529e-06,test_field
cupy,256,16,32,1024,gpu,0,0.2387847900390625,1.821783371269703e-06,test_field
cupy,256,16,32,1024,gpu,1,0.2318403720855713,1.7688016669126227e-06,test_field
cupy,256,16,32,1024,gpu,2,0.2523374557495117,1.9251820049248636e-06,test_field
cupy,256,16,32,1024,gpu,3,0.24433207511901855,1.8641057977220044e-06,test_field
cupy,256,16,32,1024,gpu,4,0.24444365501403809,1.8649570847628638e-06,test_field
numpy,256,16,32,1024,cpu,0,0.8502674102783203,6.487025530077517e-06,test_field
numpy,256,16,32,1024,cpu,1,0.8423523902893066,6.426638719858602e-06,test_field
numpy,256,16,32,1024,cpu,2,0.8439748287200928,6.439016942749731e-06,test_field
numpy,256,16,32,1024,cpu,3,0.8466408252716064,6.459356882260181e-06,test_field
numpy,256,16,32,1024,cpu,4,0.835097074508667,6.371285053319298e-06,test_field
fortran,256,16,32,1024,cpu,0,0.072819585,5.555693435668946e-07,test_field
fortran,256,16,32,1024,cpu,1,0.072611911,5.539849166870117e-07,test_field
fortran,256,16,32,1024,cpu,2,0.073049561,5.573239212036133e-07,test_field
fortran,256,16,32,1024,cpu,3,0.07322242,5.586427307128906e-07,test_field
fortran,256,16,32,1024,cpu,4,0.073219541,5.586207656860351e-07,test_field
numba,256,16,64,1024,cpu,0,0.14590072631835938,5.56567101739347e-07,test_field
numba,256,16,64,1024,cpu,1,0.1448981761932373,5.527426765183918e-07,test_field
numba,256,16,64,1024,cpu,2,0.14469027519226074,5.519495971384458e-07,test_field
numba,256,16,64,1024,cpu,3,0.14296698570251465,5.453757694340311e-07,test_field
numba,256,16,64,1024,cpu,4,0.14410114288330078,5.497022357303649e-07,test_field
jax,256,16,64,1024,cpu,0,0.5085344314575195,1.9399049051571637e-06,test_field
jax,256,16,64,1024,cpu,1,0.5110797882080078,1.9496146705932915e-06,test_field
jax,256,16,64,1024,cpu,2,0.5120666027069092,1.9533790691639297e-06,test_field
jax,256,16,64,1024,cpu,3,0.5118443965911865,1.9525314201018773e-06,test_field
jax,256,16,64,1024,cpu,4,0.512700080871582,1.9557955965865403e-06,test_field
jax,256,16,64,1024,gpu,0,0.1255948543548584,4.791063474840485e-07,test_field
jax,256,16,64,1024,gpu,1,0.1240997314453125,4.734029062092304e-07,test_field
jax,256,16,64,1024,gpu,2,0.1331191062927246,5.078090907773003e-07,test_field
jax,256,16,64,1024,gpu,3,0.12531661987304688,4.780449671670794e-07,test_field
jax,256,16,64,1024,gpu,4,0.12839603424072266,4.897920007351786e-07,test_field
torch,256,16,64,1024,cpu,0,1.8496441841125488,7.055832611513324e-06,test_field
torch,256,16,64,1024,cpu,1,1.8595004081726074,7.093431122484617e-06,test_field
torch,256,16,64,1024,cpu,2,1.8424696922302246,7.028464096947573e-06,test_field
torch,256,16,64,1024,cpu,3,1.8780467510223389,7.164179805840831e-06,test_field
torch,256,16,64,1024,cpu,4,1.873582124710083,7.147148608055431e-06,test_field
torch,256,16,64,1024,gpu,0,0.38294386863708496,1.4608149285777472e-06,test_field
torch,256,16,64,1024,gpu,1,0.32607221603393555,1.2438667909009382e-06,test_field
torch,256,16,64,1024,gpu,2,0.40157222747802734,1.5318764781113714e-06,test_field
torch,256,16,64,1024,gpu,3,0.3973546028137207,1.5157875168370083e-06,test_field
torch,256,16,64,1024,gpu,4,0.31212711334228516,1.1906704457942396e-06,test_field
gt4py,256,16,64,1024,cpu,0,1.323814868927002,5.049952960689552e-06,test_field
gt4py,256,16,64,1024,cpu,1,1.3500189781188965,5.149913704372011e-06,test_field
gt4py,256,16,64,1024,cpu,2,1.342142105102539,5.119865818414837e-06,test_field
gt4py,256,16,64,1024,cpu,3,1.3252272605895996,5.055340807302855e-06,test_field
gt4py,256,16,64,1024,cpu,4,1.3374145030975342,5.101831447973382e-06,test_field
cupy,256,16,64,1024,gpu,0,0.2373058795928955,9.05250089999754e-07,test_field
cupy,256,16,64,1024,gpu,1,0.24017691612243652,9.162022251985036e-07,test_field
cupy,256,16,64,1024,gpu,2,0.2453610897064209,9.359782779938541e-07,test_field
cupy,256,16,64,1024,gpu,3,0.23432517051696777,8.938795872381888e-07,test_field
cupy,256,16,64,1024,gpu,4,0.25940370559692383,9.895466064335778e-07,test_field
numpy,256,16,64,1024,cpu,0,1.7223849296569824,6.570377081516199e-06,test_field
numpy,256,16,64,1024,cpu,1,1.703597068786621,6.4987070800270885e-06,test_field
numpy,256,16,64,1024,cpu,2,1.7142977714538574,6.539527021232061e-06,test_field
numpy,256,16,64,1024,cpu,3,1.7281968593597412,6.5925478338613175e-06,test_field
numpy,256,16,64,1024,cpu,4,1.7055749893188477,6.506252248072997e-06,test_field
fortran,256,16,64,1024,cpu,0,0.152106141,5.802388801574707e-07,test_field
fortran,256,16,64,1024,cpu,1,0.151812102,5.791172103881836e-07,test_field
fortran,256,16,64,1024,cpu,2,0.151681738,5.786199111938477e-07,test_field
fortran,256,16,64,1024,cpu,3,0.151192665,5.767542457580567e-07,test_field
fortran,256,16,64,1024,cpu,4,0.153136894,5.841708908081055e-07,test_field
numba,256,32,16,1024,cpu,0,0.14211606979370117,1.084259565686807e-06,test_field
numba,256,32,16,1024,cpu,1,0.14376139640808105,1.096812411560677e-06,test_field
numba,256,32,16,1024,cpu,2,0.14373230934143066,1.0965904948534444e-06,test_field
numba,256,32,16,1024,cpu,3,0.14196467399597168,1.0831045074155554e-06,test_field
numba,256,32,16,1024,cpu,4,0.14068222045898438,1.0733201634138823e-06,test_field
jax,256,32,16,1024,cpu,0,0.3010904788970947,2.297138053108938e-06,test_field
jax,256,32,16,1024,cpu,1,0.3015718460083008,2.300810592714697e-06,test_field
jax,256,32,16,1024,cpu,2,0.30066418647766113,2.293885700055398e-06,test_field
jax,256,32,16,1024,cpu,3,0.29822707176208496,2.2752919903723523e-06,test_field
jax,256,32,16,1024,cpu,4,0.29990458488464355,2.288090399815701e-06,test_field
jax,256,32,16,1024,gpu,0,0.11445426940917969,8.732167771086097e-07,test_field
jax,256,32,16,1024,gpu,1,0.11869573593139648,9.055765985976905e-07,test_field
jax,256,32,16,1024,gpu,2,0.11717963218688965,8.940096449805424e-07,test_field
jax,256,32,16,1024,gpu,3,0.11784625053405762,8.990955393528566e-07,test_field
jax,256,32,16,1024,gpu,4,0.11891746520996094,9.072682587429881e-07,test_field
torch,256,32,16,1024,cpu,0,0.8992555141448975,6.860775101813488e-06,test_field
torch,256,32,16,1024,cpu,1,0.9508450031280518,7.254371666931547e-06,test_field
torch,256,32,16,1024,cpu,2,0.9655239582061768,7.3663632065290585e-06,test_field
torch,256,32,16,1024,cpu,3,1.0119097232818604,7.720258508925326e-06,test_field
torch,256,32,16,1024,cpu,4,0.9363787174224854,7.144002665881999e-06,test_field
torch,256,32,16,1024,gpu,0,0.31368064880371094,2.393193426541984e-06,test_field
torch,256,32,16,1024,gpu,1,0.2687668800354004,2.0505285647232085e-06,test_field
torch,256,32,16,1024,gpu,2,0.3104572296142578,2.368600689806044e-06,test_field
torch,256,32,16,1024,gpu,3,0.31095123291015625,2.372369635850191e-06,test_field
torch,256,32,16,1024,gpu,4,0.3012852668762207,2.298624167451635e-06,test_field
gt4py,256,32,16,1024,cpu,0,0.7528271675109863,5.743615474784747e-06,test_field
gt4py,256,32,16,1024,cpu,1,0.75457763671875,5.7569704949855804e-06,test_field
gt4py,256,32,16,1024,cpu,2,0.7571043968200684,5.7762481446843594e-06,test_field
gt4py,256,32,16,1024,cpu,3,0.7522952556610107,5.739557309425436e-06,test_field
gt4py,256,32,16,1024,cpu,4,0.755190372467041,5.761645297752693e-06,test_field
cupy,256,32,16,1024,gpu,0,0.24317264556884766,1.8552600522525609e-06,test_field
cupy,256,32,16,1024,gpu,1,0.25698280334472656,1.960623194463551e-06,test_field
cupy,256,32,16,1024,gpu,2,0.24144911766052246,1.8421105778543279e-06,test_field
cupy,256,32,16,1024,gpu,3,0.23598265647888184,1.8004047888098285e-06,test_field
cupy,256,32,16,1024,gpu,4,0.25072145462036133,1.9128528947476298e-06,test_field
numpy,256,32,16,1024,cpu,0,0.8461005687713623,6.455235052271746e-06,test_field
numpy,256,32,16,1024,cpu,1,0.8090801239013672,6.172791472636163e-06,test_field
numpy,256,32,16,1024,cpu,2,0.819511890411377,6.252379534998909e-06,test_field
numpy,256,32,16,1024,cpu,3,0.8174939155578613,6.2369836086872965e-06,test_field
numpy,256,32,16,1024,cpu,4,0.812680721282959,6.200261850608513e-06,test_field
fortran,256,32,16,1024,cpu,0,0.073304301,5.592674331665039e-07,test_field
fortran,256,32,16,1024,cpu,1,0.071248331,5.435816268920898e-07,test_field
fortran,256,32,16,1024,cpu,2,0.071867577,5.483060989379883e-07,test_field
fortran,256,32,16,1024,cpu,3,0.07274275,5.549831390380859e-07,test_field
fortran,256,32,16,1024,cpu,4,0.071252299,5.436119003295899e-07,test_field
numba,256,32,32,1024,cpu,0,0.15397405624389648,5.873644113307819e-07,test_field
numba,256,32,32,1024,cpu,1,0.1522541046142578,5.80803316552192e-07,test_field
numba,256,32,32,1024,cpu,2,0.151353120803833,5.773663360741921e-07,test_field
numba,256,32,32,1024,cpu,3,0.15469121932983398,5.901001713937148e-07,test_field
numba,256,32,32,1024,cpu,4,0.1554563045501709,5.930187398917042e-07,test_field
jax,256,32,32,1024,cpu,0,0.49076271057128906,1.8721111700870097e-06,test_field
jax,256,32,32,1024,cpu,1,0.48935770988464355,1.8667515178094618e-06,test_field
jax,256,32,32,1024,cpu,2,0.4873826503753662,1.8592172636999749e-06,test_field
jax,256,32,32,1024,cpu,3,0.4890766143798828,1.8656792235560715e-06,test_field
jax,256,32,32,1024,cpu,4,0.4871652126312256,1.858387804531958e-06,test_field
jax,256,32,32,1024,gpu,0,0.12614727020263672,4.812136467080563e-07,test_field
jax,256,32,32,1024,gpu,1,0.12662196159362793,4.830244506592862e-07,test_field
jax,256,32,32,1024,gpu,2,0.12656617164611816,4.828116288990714e-07,test_field
jax,256,32,32,1024,gpu,3,0.12403583526611328,4.731591616291553e-07,test_field
jax,256,32,32,1024,gpu,4,0.12632250785827637,4.818821253138594e-07,test_field
torch,256,32,32,1024,cpu,0,1.6499977111816406,6.294241757132113e-06,test_field
torch,256,32,32,1024,cpu,1,1.6486821174621582,6.28922316536773e-06,test_field
torch,256,32,32,1024,cpu,2,1.7339556217193604,6.614515768887941e-06,test_field
torch,256,32,32,1024,cpu,3,1.723341464996338,6.574025974259712e-06,test_field
torch,256,32,32,1024,cpu,4,1.7375590801239014,6.628261871810537e-06,test_field
torch,256,32,32,1024,gpu,0,0.3096354007720947,1.1811653166660108e-06,test_field
torch,256,32,32,1024,gpu,1,0.396747350692749,1.5134710338315926e-06,test_field
torch,256,32,32,1024,gpu,2,0.3803560733795166,1.4509432730847038e-06,test_field
torch,256,32,32,1024,gpu,3,0.30213260650634766,1.1525444278959185e-06,test_field
torch,256,32,32,1024,gpu,4,0.3724966049194336,1.4209617802407593e-06,test_field
gt4py,256,32,32,1024,cpu,0,1.2991547584533691,4.955882104695775e-06,test_field
gt4py,256,32,32,1024,cpu,1,1.296342372894287,4.945153705193661e-06,test_field
gt4py,256,32,32,1024,cpu,2,1.308908224105835,4.993088623450603e-06,test_field
gt4py,256,32,32,1024,cpu,3,1.3011975288391113,4.963674655300565e-06,test_field
gt4py,256,32,32,1024,cpu,4,1.2989189624786377,4.954982614435721e-06,test_field
cupy,256,32,32,1024,gpu,0,0.24918055534362793,9.505483831162564e-07,test_field
cupy,256,32,32,1024,gpu,1,0.2313241958618164,8.82431777426973e-07,test_field
cupy,256,32,32,1024,gpu,2,0.24474644660949707,9.336336006526835e-07,test_field
cupy,256,32,32,1024,gpu,3,0.21419930458068848,8.171055014827289e-07,test_field
cupy,256,32,32,1024,gpu,4,0.2407670021057129,9.184532245853916e-07,test_field
numpy,256,32,32,1024,cpu,0,1.6175341606140137,6.1704031395493075e-06,test_field
numpy,256,32,32,1024,cpu,1,1.5898683071136475,6.064866283850279e-06,test_field
numpy,256,32,32,1024,cpu,2,1.558664321899414,5.94583252677694e-06,test_field
numpy,256,32,32,1024,cpu,3,1.5552823543548584,5.932931344432291e-06,test_field
numpy,256,32,32,1024,cpu,4,1.5671255588531494,5.978109584248159e-06,test_field
fortran,256,32,32,1024,cpu,0,0.147777175,5.637251853942871e-07,test_field
fortran,256,32,32,1024,cpu,1,0.148570143,5.667501182556152e-07,test_field
fortran,256,32,32,1024,cpu,2,0.146905841,5.60401309967041e-07,test_field
fortran,256,32,32,1024,cpu,3,0.147652955,5.632513236999512e-07,test_field
fortran,256,32,32,1024,cpu,4,0.147772407,5.637069969177246e-07,test_field
numba,256,32,64,1024,cpu,0,0.17444133758544922,3.3272044674959034e-07,test_field
numba,256,32,64,1024,cpu,1,0.17539453506469727,3.345385266584344e-07,test_field
numba,256,32,64,1024,cpu,2,0.1755976676940918,3.349259714013897e-07,test_field
numba,256,32,64,1024,cpu,3,0.17409420013427734,3.3205833460669965e-07,test_field
numba,256,32,64,1024,cpu,4,0.17347002029418945,3.308678060420789e-07,test_field
jax,256,32,64,1024,cpu,0,0.859163761138916,1.6387248251703568e-06,test_field
jax,256,32,64,1024,cpu,1,0.8617715835571289,1.643698851694353e-06,test_field
jax,256,32,64,1024,cpu,2,0.8579809665679932,1.636468823562609e-06,test_field
jax,256,32,64,1024,cpu,3,0.8587496280670166,1.637934929021867e-06,test_field
jax,256,32,64,1024,cpu,4,0.8580667972564697,1.6366325326089282e-06,test_field
jax,256,32,64,1024,gpu,0,0.1362287998199463,2.598358150862623e-07,test_field
jax,256,32,64,1024,gpu,1,0.1314382553100586,2.506985765649006e-07,test_field
jax,256,32,64,1024,gpu,2,0.12722134590148926,2.426554601697717e-07,test_field
jax,256,32,64,1024,gpu,3,0.13550877571105957,2.584624780865852e-07,test_field
jax,256,32,64,1024,gpu,4,0.1261897087097168,2.4068776838248596e-07,test_field
torch,256,32,64,1024,cpu,0,3.036494016647339,5.791652711195638e-06,test_field
torch,256,32,64,1024,cpu,1,3.2742035388946533,6.245047643460566e-06,test_field
torch,256,32,64,1024,cpu,2,3.307889223098755,6.309297987172613e-06,test_field
torch,256,32,64,1024,cpu,3,3.2805025577545166,6.2570620684709866e-06,test_field
torch,256,32,64,1024,cpu,4,3.2868411540985107,6.269151981541654e-06,test_field
torch,256,32,64,1024,gpu,0,0.26996612548828125,5.14919520355761e-07,test_field
torch,256,32,64,1024,gpu,1,0.39156579971313477,7.468524927389808e-07,test_field
torch,256,32,64,1024,gpu,2,0.3827500343322754,7.300377546926029e-07,test_field
torch,256,32,64,1024,gpu,3,0.38155150413513184,7.277517397596966e-07,test_field
torch,256,32,64,1024,gpu,4,0.37851858139038086,7.219668987090699e-07,test_field
gt4py,256,32,64,1024,cpu,0,2.3940646648406982,4.566315965348622e-06,test_field
gt4py,256,32,64,1024,cpu,1,2.4252493381500244,4.6257960093498696e-06,test_field
gt4py,256,32,64,1024,cpu,2,2.450948715209961,4.674813681049272e-06,test_field
gt4py,256,32,64,1024,cpu,3,2.4009406566619873,4.5794308789481875e-06,test_field
gt4py,256,32,64,1024,cpu,4,2.445680618286133,4.664765583584085e-06,test_field
cupy,256,32,64,1024,gpu,0,0.2369394302368164,4.519260983215645e-07,test_field
cupy,256,32,64,1024,gpu,1,0.23989200592041016,4.5755768951494247e-07,test_field
cupy,256,32,64,1024,gpu,2,0.2427675724029541,4.630423973139841e-07,test_field
cupy,256,32,64,1024,gpu,3,0.23889732360839844,4.5566048356704414e-07,test_field
cupy,256,32,64,1024,gpu,4,0.24321413040161133,4.6389413910219446e-07,test_field
numpy,256,32,64,1024,cpu,0,3.3724050521850586,6.432352165575139e-06,test_field
numpy,256,32,64,1024,cpu,1,3.197814702987671,6.099347501731245e-06,test_field
numpy,256,32,64,1024,cpu,2,3.1732332706451416,6.052462140360149e-06,test_field
numpy,256,32,64,1024,cpu,3,3.135866403579712,5.981190497550415e-06,test_field
numpy,256,32,64,1024,cpu,4,3.221280813217163,6.144105554994894e-06,test_field
fortran,256,32,64,1024,cpu,0,0.299718959,5.716685466766358e-07,test_field
fortran,256,32,64,1024,cpu,1,0.302692628,5.773403701782227e-07,test_field
fortran,256,32,64,1024,cpu,2,0.302576793,5.771194324493408e-07,test_field
fortran,256,32,64,1024,cpu,3,0.302318016,5.766258544921875e-07,test_field
fortran,256,32,64,1024,cpu,4,0.301467579,5.750037746429443e-07,test_field
numba,256,64,16,1024,cpu,0,0.20756912231445312,7.918133633211255e-07,test_field
numba,256,64,16,1024,cpu,1,0.1864333152770996,7.111866580089554e-07,test_field
numba,256,64,16,1024,cpu,2,0.1842665672302246,7.02921170159243e-07,test_field
numba,256,64,16,1024,cpu,3,0.18436551094055176,7.032986104604788e-07,test_field
numba,256,64,16,1024,cpu,4,0.17618560791015625,6.720947567373514e-07,test_field
jax,256,64,16,1024,cpu,0,0.47494959831237793,1.8117889339919202e-06,test_field
jax,256,64,16,1024,cpu,1,0.4768178462982178,1.8189157344750129e-06,test_field
jax,256,64,16,1024,cpu,2,0.4767920970916748,1.8188175090472214e-06,test_field
jax,256,64,16,1024,cpu,3,0.4777059555053711,1.822303602239117e-06,test_field
jax,256,64,16,1024,cpu,4,0.47420620918273926,1.8089531295117922e-06,test_field
jax,256,64,16,1024,gpu,0,0.1262819766998291,4.81727511214558e-07,test_field
jax,256,64,16,1024,gpu,1,0.1249089241027832,4.7648973122704774e-07,test_field
jax,256,64,16,1024,gpu,2,0.12545323371887207,4.785661076311953e-07,test_field
jax,256,64,16,1024,gpu,3,0.12717199325561523,4.851226549362764e-07,test_field
jax,256,64,16,1024,gpu,4,0.12576556205749512,4.797575456905179e-07,test_field
torch,256,64,16,1024,cpu,0,1.6208019256591797,6.182868673931807e-06,test_field
torch,256,64,16,1024,cpu,1,1.5997626781463623,6.102610313973855e-06,test_field
torch,256,64,16,1024,cpu,2,1.6536657810211182,6.3082343331188895e-06,test_field
torch,256,64,16,1024,cpu,3,1.6448936462402344,6.274771294556558e-06,test_field
torch,256,64,16,1024,cpu,4,1.5955896377563477,6.086691428208724e-06,test_field
torch,256,64,16,1024,gpu,0,0.32561635971069336,1.2421278370311484e-06,test_field
torch,256,64,16,1024,gpu,1,0.3755340576171875,1.4325487427413464e-06,test_field
torch,256,64,16,1024,gpu,2,0.30660462379455566,1.1696038200170733e-06,test_field
torch,256,64,16,1024,gpu,3,0.36307787895202637,1.3850321920472197e-06,test_field
torch,256,64,16,1024,gpu,4,0.26561951637268066,1.0132580428034998e-06,test_field
gt4py,256,64,16,1024,cpu,0,1.3075647354125977,4.987963620806113e-06,test_field
gt4py,256,64,16,1024,cpu,1,1.30271577835083,4.969466317561455e-06,test_field
gt4py,256,64,16,1024,cpu,2,1.2840266227722168,4.898172846878879e-06,test_field
gt4py,256,64,16,1024,cpu,3,1.2790412902832031,4.879155312664807e-06,test_field
gt4py,256,64,16,1024,cpu,4,1.2980124950408936,4.9515247155795805e-06,test_field
cupy,256,64,16,1024,gpu,0,0.23780584335327148,9.071573003893718e-07,test_field
cupy,256,64,16,1024,gpu,1,0.2212996482849121,8.441911631962284e-07,test_field
cupy,256,64,16,1024,gpu,2,0.24252748489379883,9.251689334632829e-07,test_field
cupy,256,64,16,1024,gpu,3,0.24277639389038086,9.261184459319338e-07,test_field
cupy,256,64,16,1024,gpu,4,0.24161744117736816,9.216973921866156e-07,test_field
numpy,256,64,16,1024,cpu,0,1.5841963291168213,6.043229404895101e-06,test_field
numpy,256,64,16,1024,cpu,1,1.5214905738830566,5.804025931865908e-06,test_field
numpy,256,64,16,1024,cpu,2,1.5269083976745605,5.824693289468996e-06,test_field
numpy,256,64,16,1024,cpu,3,1.5265891551971436,5.823475476063322e-06,test_field
numpy,256,64,16,1024,cpu,4,1.5096898078918457,5.759009582106955e-06,test_field
fortran,256,64,16,1024,cpu,0,0.145250756,5.540876617431641e-07,test_field
fortran,256,64,16,1024,cpu,1,0.145496125,5.550236701965332e-07,test_field
fortran,256,64,16,1024,cpu,2,0.145587417,5.553719215393066e-07,test_field
fortran,256,64,16,1024,cpu,3,0.145048457,5.533159523010254e-07,test_field
fortran,256,64,16,1024,cpu,4,0.14460396,5.516203308105469e-07,test_field
numba,256,64,32,1024,cpu,0,0.1958005428314209,3.73459897673456e-07,test_field
numba,256,64,32,1024,cpu,1,0.19230866432189941,3.6679966797237284e-07,test_field
numba,256,64,32,1024,cpu,2,0.19084763526916504,3.640129762061406e-07,test_field
numba,256,64,32,1024,cpu,3,0.19182062149047852,3.6586880014510825e-07,test_field
numba,256,64,32,1024,cpu,4,0.19872069358825684,3.790296432271134e-07,test_field
jax,256,64,32,1024,cpu,0,0.8359925746917725,1.594529294379754e-06,test_field
jax,256,64,32,1024,cpu,1,0.8339424133300781,1.5906189219094813e-06,test_field
jax,256,64,32,1024,cpu,2,0.8394711017608643,1.6011640582291875e-06,test_field
jax,256,64,32,1024,cpu,3,0.8318178653717041,1.586566668265732e-06,test_field
jax,256,64,32,1024,cpu,4,0.838963508605957,1.6001959011191502e-06,test_field
jax,256,64,32,1024,gpu,0,0.12786531448364258,2.43883732764516e-07,test_field
jax,256,64,32,1024,gpu,1,0.13140368461608887,2.5063263819902204e-07,test_field
jax,256,64,32,1024,gpu,2,0.12820696830749512,2.4453538571833633e-07,test_field
jax,256,64,32,1024,gpu,3,0.13309884071350098,2.538658918638248e-07,test_field
jax,256,64,32,1024,gpu,4,0.12685656547546387,2.419596967229154e-07,test_field
torch,256,64,32,1024,cpu,0,3.0291588306427,5.7776619541982654e-06,test_field
torch,256,64,32,1024,cpu,1,3.025949716567993,5.771541054855334e-06,test_field
torch,256,64,32,1024,cpu,2,2.9725286960601807,5.669648544426309e-06,test_field
torch,256,64,32,1024,cpu,3,3.0515894889831543,5.820445039717015e-06,test_field
torch,256,64,32,1024,cpu,4,3.0413084030151367,5.800835424452089e-06,test_field
torch,256,64,32,1024,gpu,0,0.34907102584838867,6.65800143906381e-07,test_field
torch,256,64,32,1024,gpu,1,0.3584754467010498,6.837376531620976e-07,test_field
torch,256,64,32,1024,gpu,2,0.30564379692077637,5.829692781844642e-07,test_field
torch,256,64,32,1024,gpu,3,0.33286356925964355,6.3488687374047e-07,test_field
torch,256,64,32,1024,gpu,4,0.2900726795196533,5.532697286980692e-07,test_field
gt4py,256,64,32,1024,cpu,0,2.370539426803589,4.521445134741953e-06,test_field
gt4py,256,64,32,1024,cpu,1,2.4062507152557373,4.589559011947131e-06,test_field
gt4py,256,64,32,1024,cpu,2,2.3668301105499268,4.514370175456861e-06,test_field
gt4py,256,64,32,1024,cpu,3,2.3709793090820312,4.522284143604338e-06,test_field
gt4py,256,64,32,1024,cpu,4,2.362071990966797,4.50529478257522e-06,test_field
cupy,256,64,32,1024,gpu,0,0.21722745895385742,4.143284968449734e-07,test_field
cupy,256,64,32,1024,gpu,1,0.24747586250305176,4.7202274799929e-07,test_field
cupy,256,64,32,1024,gpu,2,0.24567532539367676,4.6858849600539543e-07,test_field
cupy,256,64,32,1024,gpu,3,0.24442052841186523,4.6619516069767997e-07,test_field
cupy,256,64,32,1024,gpu,4,0.248460054397583,4.7389994506374933e-07,test_field
numpy,256,64,32,1024,cpu,0,3.133917808532715,5.97747384745162e-06,test_field
numpy,256,64,32,1024,cpu,1,3.078866720199585,5.872472229384584e-06,test_field
numpy,256,64,32,1024,cpu,2,3.009556531906128,5.740273536503082e-06,test_field
numpy,256,64,32,1024,cpu,3,3.0108227729797363,5.74268869968364e-06,test_field
numpy,256,64,32,1024,cpu,4,3.0526206493377686,5.822411822009599e-06,test_field
fortran,256,64,32,1024,cpu,0,0.298504828,5.693527755737305e-07,test_field
fortran,256,64,32,1024,cpu,1,0.293794284,5.603681259155274e-07,test_field
fortran,256,64,32,1024,cpu,2,0.295166754,5.629859046936035e-07,test_field
fortran,256,64,32,1024,cpu,3,0.294897131,5.624716396331787e-07,test_field
fortran,256,64,32,1024,cpu,4,0.294143617,5.610344257354737e-07,test_field
numba,256,64,64,1024,cpu,0,0.2380383014678955,2.270110144309001e-07,test_field
numba,256,64,64,1024,cpu,1,0.23889422416687012,2.278272859257413e-07,test_field
numba,256,64,64,1024,cpu,2,0.23727917671203613,2.2628705664828885e-07,test_field
numba,256,64,64,1024,cpu,3,0.24116253852844238,2.2999051907390822e-07,test_field
numba,256,64,64,1024,cpu,4,0.2388930320739746,2.278261490573641e-07,test_field
jax,256,64,64,1024,cpu,0,1.543060302734375,1.4715769793838263e-06,test_field
jax,256,64,64,1024,cpu,1,1.5372076034545898,1.4659954103990458e-06,test_field
jax,256,64,64,1024,cpu,2,1.5426890850067139,1.4712229585711611e-06,test_field
jax,256,64,64,1024,cpu,3,1.548604965209961,1.476864781579934e-06,test_field
jax,256,64,64,1024,cpu,4,1.5410082340240479,1.4696199741592864e-06,test_field
jax,256,64,64,1024,gpu,0,0.13337063789367676,1.2719215192191768e-07,test_field
jax,256,64,64,1024,gpu,1,0.13788938522338867,1.3150156519259326e-07,test_field
jax,256,64,64,1024,gpu,2,0.14126133918762207,1.347173110843869e-07,test_field
jax,256,64,64,1024,gpu,3,0.13180041313171387,1.2569466889544856e-07,test_field
jax,256,64,64,1024,gpu,4,0.1347360610961914,1.2849432096118107e-07,test_field
torch,256,64,64,1024,cpu,0,5.856647968292236,5.585334747593151e-06,test_field
torch,256,64,64,1024,cpu,1,5.851041555404663,5.579988055615104e-06,test_field
torch,256,64,64,1024,cpu,2,5.8403730392456055,5.5698137657600455e-06,test_field
torch,256,64,64,1024,cpu,3,5.857795715332031,5.586429324466735e-06,test_field
torch,256,64,64,1024,cpu,4,5.711441516876221,5.446855084301205e-06,test_field
torch,256,64,64,1024,gpu,0,0.38614654541015625,3.6825804272666574e-07,test_field
torch,256,64,64,1024,gpu,1,0.3738241195678711,3.5650646168505773e-07,test_field
torch,256,64,64,1024,gpu,2,0.3458395004272461,3.298182491562329e-07,test_field
torch,256,64,64,1024,gpu,3,0.3204948902130127,3.05647745335591e-07,test_field
torch,256,64,64,1024,gpu,4,0.2741727828979492,2.614715413074009e-07,test_field
gt4py,256,64,64,1024,cpu,0,4.7053632736206055,4.487384103413206e-06,test_field
gt4py,256,64,64,1024,cpu,1,4.554127931594849,4.3431548419903265e-06,test_field
gt4py,256,64,64,1024,cpu,2,4.5654380321502686,4.3539409944060026e-06,test_field
gt4py,256,64,64,1024,cpu,3,4.541790962219238,4.3313893911545165e-06,test_field
gt4py,256,64,64,1024,cpu,4,4.644294500350952,4.429144382811501e-06,test_field
cupy,256,64,64,1024,gpu,0,0.2398967742919922,2.287833922309801e-07,test_field
cupy,256,64,64,1024,gpu,1,0.23255562782287598,2.2178232939040754e-07,test_field
cupy,256,64,64,1024,gpu,2,0.2234799861907959,2.1312712306098547e-07,test_field
cupy,256,64,64,1024,gpu,3,0.24590563774108887,2.3451389097317588e-07,test_field
cupy,256,64,64,1024,gpu,4,0.2399590015411377,2.2884273676027078e-07,test_field
numpy,256,64,64,1024,cpu,0,6.236230373382568,5.947332738287514e-06,test_field
numpy,256,64,64,1024,cpu,1,6.319239616394043,6.026496521371882e-06,test_field
numpy,256,64,64,1024,cpu,2,6.296342372894287,6.004660008329665e-06,test_field
numpy,256,64,64,1024,cpu,3,6.319590330123901,6.026830988048459e-06,test_field
numpy,256,64,64,1024,cpu,4,6.368031978607178,6.07302854405134e-06,test_field
fortran,256,64,64,1024,cpu,0,0.590104971,5.62767954826355e-07,test_field
fortran,256,64,64,1024,cpu,1,0.587776658,5.605475025177002e-07,test_field
fortran,256,64,64,1024,cpu,2,0.591122221,5.637380800247192e-07,test_field
fortran,256,64,64,1024,cpu,3,0.59048384,5.631292724609375e-07,test_field
fortran,256,64,64,1024,cpu,4,0.589965583,5.626350240707398e-07,test_field
numba,256,128,16,1024,cpu,0,0.26092100143432617,4.976673153578304e-07,test_field
numba,256,128,16,1024,cpu,1,0.24930095672607422,4.755038389703259e-07,test_field
numba,256,128,16,1024,cpu,2,0.25156354904174805,4.798193913302384e-07,test_field
numba,256,128,16,1024,cpu,3,0.25403785705566406,4.845387593377382e-07,test_field
numba,256,128,16,1024,cpu,4,0.25942564010620117,4.948151399730705e-07,test_field
jax,256,128,16,1024,cpu,0,0.8266570568084717,1.5767232071084436e-06,test_field
jax,256,128,16,1024,cpu,1,0.8276159763336182,1.578552200953709e-06,test_field
jax,256,128,16,1024,cpu,2,0.824084997177124,1.5718173926870804e-06,test_field
jax,256,128,16,1024,cpu,3,0.8252573013305664,1.5740533854113892e-06,test_field
jax,256,128,16,1024,cpu,4,0.8251874446868896,1.5739201444375794e-06,test_field
jax,256,128,16,1024,gpu,0,0.12705516815185547,2.423385012662038e-07,test_field
jax,256,128,16,1024,gpu,1,0.12746906280517578,2.431279426673427e-07,test_field
jax,256,128,16,1024,gpu,2,0.13142108917236328,2.5066583475563675e-07,test_field
jax,256,128,16,1024,gpu,3,0.13264727592468262,2.5300460038124584e-07,test_field
jax,256,128,16,1024,gpu,4,0.12716221809387207,2.4254268282675184e-07,test_field
torch,256,128,16,1024,cpu,0,3.123471260070801,5.9575486375251785e-06,test_field
torch,256,128,16,1024,cpu,1,3.12921142578125,5.968497134745121e-06,test_field
torch,256,128,16,1024,cpu,2,3.1073567867279053,5.926812718826113e-06,test_field
torch,256,128,16,1024,cpu,3,3.082310914993286,5.87904150961549e-06,test_field
torch,256,128,16,1024,cpu,4,3.151275396347046,6.010580818838207e-06,test_field
torch,256,128,16,1024,gpu,0,0.30960726737976074,5.905289981456008e-07,test_field
torch,256,128,16,1024,gpu,1,0.3614335060119629,6.893797035445459e-07,test_field
torch,256,128,16,1024,gpu,2,0.3306405544281006,6.306468094408046e-07,test_field
torch,256,128,16,1024,gpu,3,0.2777383327484131,5.297438292473089e-07,test_field
torch,256,128,16,1024,gpu,4,0.29597949981689453,5.645360943162814e-07,test_field
gt4py,256,128,16,1024,cpu,0,2.3521573543548584,4.486384113988606e-06,test_field
gt4py,256,128,16,1024,cpu,1,2.39801025390625,4.573841579258442e-06,test_field
gt4py,256,128,16,1024,cpu,2,2.351391315460205,4.484923010750208e-06,test_field
gt4py,256,128,16,1024,cpu,3,2.3893213272094727,4.557268766802736e-06,test_field
gt4py,256,128,16,1024,cpu,4,2.363738536834717,4.508473466557916e-06,test_field
cupy,256,128,16,1024,gpu,0,0.23816442489624023,4.5426259021041915e-07,test_field
cupy,256,128,16,1024,gpu,1,0.23759245872497559,4.531716513156425e-07,test_field
cupy,256,128,16,1024,gpu,2,0.2473616600036621,4.718049240182154e-07,test_field
cupy,256,128,16,1024,gpu,3,0.23783421516418457,4.536327651294414e-07,test_field
cupy,256,128,16,1024,gpu,4,0.23879432678222656,4.554640327114612e-07,test_field
numpy,256,128,16,1024,cpu,0,3.03830623626709,5.795109245809726e-06,test_field
numpy,256,128,16,1024,cpu,1,3.029162883758545,5.7776696849032305e-06,test_field
numpy,256,128,16,1024,cpu,2,3.0291874408721924,5.777716523880372e-06,test_field
numpy,256,128,16,1024,cpu,3,3.028963804244995,5.77728997086524e-06,test_field
numpy,256,128,16,1024,cpu,4,2.970362663269043,5.665517164743505e-06,test_field
fortran,256,128,16,1024,cpu,0,0.287449903,5.482671794891358e-07,test_field
fortran,256,128,16,1024,cpu,1,0.286112472,5.457162322998047e-07,test_field
fortran,256,128,16,1024,cpu,2,0.286700038,5.468369255065918e-07,test_field
fortran,256,128,16,1024,cpu,3,0.284888413,5.433815250396729e-07,test_field
fortran,256,128,16,1024,cpu,4,0.285615271,5.447678966522217e-07,test_field
numba,256,128,32,1024,cpu,0,0.2890915870666504,2.756992216745857e-07,test_field
numba,256,128,32,1024,cpu,1,0.2914423942565918,2.77941126114456e-07,test_field
numba,256,128,32,1024,cpu,2,0.3115501403808594,2.971173671539873e-07,test_field
numba,256,128,32,1024,cpu,3,0.29178524017333984,2.7826808945974335e-07,test_field
numba,256,128,32,1024,cpu,4,0.30922627449035645,2.949011559394421e-07,test_field
jax,256,128,32,1024,cpu,0,1.5252907276153564,1.4546305919793667e-06,test_field
jax,256,128,32,1024,cpu,1,1.5185315608978271,1.448184548280551e-06,test_field
jax,256,128,32,1024,cpu,2,1.5194973945617676,1.4491056390397716e-06,test_field
jax,256,128,32,1024,cpu,3,1.5177760124206543,1.4474640011030715e-06,test_field
jax,256,128,32,1024,cpu,4,1.5308418273925781,1.4599245332647115e-06,test_field
jax,256,128,32,1024,gpu,0,0.13680124282836914,1.3046383173787035e-07,test_field
jax,256,128,32,1024,gpu,1,0.13605594635009766,1.297530616284348e-07,test_field
jax,256,128,32,1024,gpu,2,0.13643264770507812,1.3011231203563511e-07,test_field
jax,256,128,32,1024,gpu,3,0.13674426078796387,1.3040948942943942e-07,test_field
jax,256,128,32,1024,gpu,4,0.1327664852142334,1.2661598702834453e-07,test_field
torch,256,128,32,1024,cpu,0,5.864018440246582,5.5923637773958035e-06,test_field
torch,256,128,32,1024,cpu,1,5.7027623653411865,5.438578000394045e-06,test_field
torch,256,128,32,1024,cpu,2,5.7252421379089355,5.460016382130561e-06,test_field
torch,256,128,32,1024,cpu,3,5.8433520793914795,5.572654799834709e-06,test_field
torch,256,128,32,1024,cpu,4,5.731906175613403,5.466371703732875e-06,test_field
torch,256,128,32,1024,gpu,0,0.2933826446533203,2.79791493085213e-07,test_field
torch,256,128,32,1024,gpu,1,0.3318660259246826,3.1649210541218054e-07,test_field
torch,256,128,32,1024,gpu,2,0.3395068645477295,3.2377897696278524e-07,test_field
torch,256,128,32,1024,gpu,3,0.3834848403930664,3.657196430140175e-07,test_field
torch,256,128,32,1024,gpu,4,0.39878010749816895,3.8030634641472716e-07,test_field
gt4py,256,128,32,1024,cpu,0,4.502587795257568,4.294002337701386e-06,test_field
gt4py,256,128,32,1024,cpu,1,4.531524658203125,4.321598680689931e-06,test_field
gt4py,256,128,32,1024,cpu,2,4.536926746368408,4.326750513428124e-06,test_field
gt4py,256,128,32,1024,cpu,3,4.516785144805908,4.307541985326679e-06,test_field
gt4py,256,128,32,1024,cpu,4,4.544188976287842,4.3336763155821245e-06,test_field
cupy,256,128,32,1024,gpu,0,0.23268818855285645,2.2190874915395398e-07,test_field
cupy,256,128,32,1024,gpu,1,0.21766448020935059,2.0758102436957415e-07,test_field
cupy,256,128,32,1024,gpu,2,0.23011207580566406,2.1945197659078985e-07,test_field
cupy,256,128,32,1024,gpu,3,0.25148582458496094,2.398355718469247e-07,test_field
cupy,256,128,32,1024,gpu,4,0.2397010326385498,2.285967184434412e-07,test_field
numpy,256,128,32,1024,cpu,0,6.087152004241943,5.80516052650637e-06,test_field
numpy,256,128,32,1024,cpu,1,6.2382683753967285,5.949276328465203e-06,test_field
numpy,256,128,32,1024,cpu,2,6.242985486984253,5.953774916633847e-06,test_field
numpy,256,128,32,1024,cpu,3,6.2355334758758545,5.9466681250341935e-06,test_field
numpy,256,128,32,1024,cpu,4,6.230235576629639,5.9416156545921694e-06,test_field
fortran,256,128,32,1024,cpu,0,0.579100658,5.522734241485596e-07,test_field
fortran,256,128,32,1024,cpu,1,0.589022852,5.617359657287598e-07,test_field
fortran,256,128,32,1024,cpu,2,0.575466528,5.488076477050781e-07,test_field
fortran,256,128,32,1024,cpu,3,0.581415115,5.544806623458862e-07,test_field
fortran,256,128,32,1024,cpu,4,0.574046859,5.474537458419799e-07,test_field
numba,256,128,64,1024,cpu,0,0.3598661422729492,1.7159754861495458e-07,test_field
numba,256,128,64,1024,cpu,1,0.3585200309753418,1.7095567272917833e-07,test_field
numba,256,128,64,1024,cpu,2,0.353043794631958,1.6834439975355053e-07,test_field
numba,256,128,64,1024,cpu,3,0.3561530113220215,1.6982698980427813e-07,test_field
numba,256,128,64,1024,cpu,4,0.35818910598754883,1.7079787539842073e-07,test_field
jax,256,128,64,1024,cpu,0,2.899635076522827,1.3826537497152458e-06,test_field
jax,256,128,64,1024,cpu,1,2.9033732414245605,1.384436245643883e-06,test_field
jax,256,128,64,1024,cpu,2,2.912410020828247,1.3887453178540454e-06,test_field
jax,256,128,64,1024,cpu,3,2.8988449573516846,1.3822769915350364e-06,test_field
jax,256,128,64,1024,cpu,4,2.9134297370910645,1.3892315564589808e-06,test_field
jax,256,128,64,1024,gpu,0,0.14394903182983398,6.864024726382922e-08,test_field
jax,256,128,64,1024,gpu,1,0.14153718948364258,6.749019121343736e-08,test_field
jax,256,128,64,1024,gpu,2,0.1416482925415039,6.754316927981563e-08,test_field
jax,256,128,64,1024,gpu,3,0.14632081985473633,6.977120392548386e-08,test_field
jax,256,128,64,1024,gpu,4,0.14746999740600586,7.031917448330205e-08,test_field
torch,256,128,64,1024,cpu,0,11.506023645401001,5.486499617290974e-06,test_field
torch,256,128,64,1024,cpu,1,11.589217185974121,5.526169388758717e-06,test_field
torch,256,128,64,1024,cpu,2,11.830220937728882,5.641088932861749e-06,test_field
torch,256,128,64,1024,cpu,3,11.507916450500488,5.487402177095646e-06,test_field
torch,256,128,64,1024,cpu,4,11.637232303619385,5.549064781007473e-06,test_field
torch,256,128,64,1024,gpu,0,0.3413381576538086,1.6276271708193235e-07,test_field
torch,256,128,64,1024,gpu,1,0.31436586380004883,1.4990132513048593e-07,test_field
torch,256,128,64,1024,gpu,2,0.34490060806274414,1.6446142581116874e-07,test_field
torch,256,128,64,1024,gpu,3,0.2620828151702881,1.2497082479967503e-07,test_field
torch,256,128,64,1024,gpu,4,0.3789842128753662,1.807137550713378e-07,test_field
gt4py,256,128,64,1024,cpu,0,8.884170293807983,4.236302515892021e-06,test_field
gt4py,256,128,64,1024,cpu,1,9.009418725967407,4.2960256223523174e-06,test_field
gt4py,256,128,64,1024,cpu,2,8.933180093765259,4.259672209627752e-06,test_field
gt4py,256,128,64,1024,cpu,3,8.896669387817383,4.242262548359577e-06,test_field
gt4py,256,128,64,1024,cpu,4,8.865554094314575,4.227425620229042e-06,test_field
cupy,256,128,64,1024,gpu,0,0.24213337898254395,1.1545819234015653e-07,test_field
cupy,256,128,64,1024,gpu,1,0.2475118637084961,1.1802285371231847e-07,test_field
cupy,256,128,64,1024,gpu,2,0.24282407760620117,1.1578754310903605e-07,test_field
cupy,256,128,64,1024,gpu,3,0.2430438995361328,1.1589236237341538e-07,test_field
cupy,256,128,64,1024,gpu,4,0.24095845222473145,1.148979436038644e-07,test_field
numpy,256,128,64,1024,cpu,0,13.486266374588013,6.430752932828909e-06,test_field
numpy,256,128,64,1024,cpu,1,13.46755051612854,6.421828516067762e-06,test_field
numpy,256,128,64,1024,cpu,2,13.453243255615234,6.415006282622926e-06,test_field
numpy,256,128,64,1024,cpu,3,13.453490972518921,6.415124403247319e-06,test_field
numpy,256,128,64,1024,cpu,4,13.516823053359985,6.4453234926986624e-06,test_field
fortran,256,128,64,1024,cpu,0,1.201210727,5.727819094657898e-07,test_field
fortran,256,128,64,1024,cpu,1,1.192075388,5.684258403778076e-07,test_field
fortran,256,128,64,1024,cpu,2,1.187511751,5.66249728679657e-07,test_field
fortran,256,128,64,1024,cpu,3,1.194033122,5.693593606948853e-07,test_field
fortran,256,128,64,1024,cpu,4,1.193770665,5.692342114448547e-07,test_field
numba,256,256,16,1024,cpu,0,0.4583091735839844,4.3707768782041967e-07,test_field
numba,256,256,16,1024,cpu,1,0.4166600704193115,3.973580078309169e-07,test_field
numba,256,256,16,1024,cpu,2,0.4218111038208008,4.0227041608886793e-07,test_field
numba,256,256,16,1024,cpu,3,0.4430994987487793,4.225726115691941e-07,test_field
numba,256,256,16,1024,cpu,4,0.442183256149292,4.216988145344658e-07,test_field
jax,256,256,16,1024,cpu,0,1.5168969631195068,1.4466256743617123e-06,test_field
jax,256,256,16,1024,cpu,1,1.503688097000122,1.4340287179948064e-06,test_field
jax,256,256,16,1024,cpu,2,1.5158846378326416,1.4456602457357803e-06,test_field
jax,256,256,16,1024,cpu,3,1.5166492462158203,1.4463894331129268e-06,test_field
jax,256,256,16,1024,cpu,4,1.5146231651306152,1.4444572116190102e-06,test_field
jax,256,256,16,1024,gpu,0,0.13344216346740723,1.2726036402455065e-07,test_field
jax,256,256,16,1024,gpu,1,0.13347911834716797,1.2729560694424435e-07,test_field
jax,256,256,16,1024,gpu,2,0.1320805549621582,1.2596183296409436e-07,test_field
jax,256,256,16,1024,gpu,3,0.1378941535949707,1.3150611266610213e-07,test_field
jax,256,256,16,1024,gpu,4,0.13762497901916504,1.3124940778652672e-07,test_field
torch,256,256,16,1024,cpu,0,5.804000616073608,5.535126319955452e-06,test_field
torch,256,256,16,1024,cpu,1,6.1239402294158936,5.840244512000936e-06,test_field
torch,256,256,16,1024,cpu,2,6.084721565246582,5.802842679258902e-06,test_field
torch,256,256,16,1024,cpu,3,6.045215129852295,5.765166406490607e-06,test_field
torch,256,256,16,1024,cpu,4,6.082215070724487,5.800452299808967e-06,test_field
torch,256,256,16,1024,gpu,0,0.3704235553741455,3.532634309522109e-07,test_field
torch,256,256,16,1024,gpu,1,0.36121654510498047,3.444829417276196e-07,test_field
torch,256,256,16,1024,gpu,2,0.3346426486968994,3.191400992363924e-07,test_field
torch,256,256,16,1024,gpu,3,0.39031124114990234,3.722298060893081e-07,test_field
torch,256,256,16,1024,gpu,4,0.34127330780029297,3.2546358852414414e-07,test_field
gt4py,256,256,16,1024,cpu,0,4.501503229141235,4.292968014851795e-06,test_field
gt4py,256,256,16,1024,cpu,1,4.595062017440796,4.382192628327175e-06,test_field
gt4py,256,256,16,1024,cpu,2,4.516097068786621,4.30688578489935e-06,test_field
gt4py,256,256,16,1024,cpu,3,4.489038944244385,4.281081146473298e-06,test_field
gt4py,256,256,16,1024,cpu,4,4.5943403244018555,4.381504368211608e-06,test_field
cupy,256,256,16,1024,gpu,0,0.21128368377685547,2.0149582269368693e-07,test_field
cupy,256,256,16,1024,gpu,1,0.21396112442016602,2.0404922906891443e-07,test_field
cupy,256,256,16,1024,gpu,2,0.22374606132507324,2.1338087208278012e-07,test_field
cupy,256,256,16,1024,gpu,3,0.22931766510009766,2.18694367504213e-07,test_field
cupy,256,256,16,1024,gpu,4,0.239990234375,2.2887252271175385e-07,test_field
numpy,256,256,16,1024,cpu,0,6.266980886459351,5.976658712825156e-06,test_field
numpy,256,256,16,1024,cpu,1,5.988101959228516,5.710699042538181e-06,test_field
numpy,256,256,16,1024,cpu,2,6.048024892807007,5.767846005255706e-06,test_field
numpy,256,256,16,1024,cpu,3,5.864716053009033,5.59302907277015e-06,test_field
numpy,256,256,16,1024,cpu,4,5.9007086753845215,5.6273543123097625e-06,test_field
fortran,256,256,16,1024,cpu,0,0.56919357,5.42825288772583e-07,test_field
fortran,256,256,16,1024,cpu,1,0.566915174,5.406524410247803e-07,test_field
fortran,256,256,16,1024,cpu,2,0.563820421,5.37701054573059e-07,test_field
fortran,256,256,16,1024,cpu,3,0.574703354,5.480798282623292e-07,test_field
fortran,256,256,16,1024,cpu,4,0.569554358,5.431693630218506e-07,test_field
numba,256,256,32,1024,cpu,0,0.4657437801361084,2.22083940570883e-07,test_field
numba,256,256,32,1024,cpu,1,0.45220065116882324,2.156260734409443e-07,test_field
numba,256,256,32,1024,cpu,2,0.4732937812805176,2.256840616610134e-07,test_field
numba,256,256,32,1024,cpu,3,0.47935032844543457,2.2857204839965561e-07,test_field
numba,256,256,32,1024,cpu,4,0.5253889560699463,2.5052497676369967e-07,test_field
jax,256,256,32,1024,cpu,0,2.8860599994659424,1.3761806485490524e-06,test_field
jax,256,256,32,1024,cpu,1,2.8763062953948975,1.3715297200178611e-06,test_field
jax,256,256,32,1024,cpu,2,2.8869025707244873,1.3765824178335606e-06,test_field
jax,256,256,32,1024,cpu,3,2.874133348464966,1.3704935781788663e-06,test_field
jax,256,256,32,1024,cpu,4,2.8816330432891846,1.3740697113462375e-06,test_field
jax,256,256,32,1024,gpu,0,0.1525709629058838,7.275150437635602e-08,test_field
jax,256,256,32,1024,gpu,1,0.1444399356842041,6.887432846269803e-08,test_field
jax,256,256,32,1024,gpu,2,0.14946246147155762,7.12692553861416e-08,test_field
jax,256,256,32,1024,gpu,3,0.14595293998718262,6.95957851348794e-08,test_field
jax,256,256,32,1024,gpu,4,0.1450786590576172,6.917889550095424e-08,test_field
torch,256,256,32,1024,cpu,0,11.647741794586182,5.554076096814242e-06,test_field
torch,256,256,32,1024,cpu,1,11.474807500839233,5.471614599628083e-06,test_field
torch,256,256,32,1024,cpu,2,11.52985668182373,5.49786409465014e-06,test_field
torch,256,256,32,1024,cpu,3,11.432852745056152,5.4516090131073724e-06,test_field
torch,256,256,32,1024,cpu,4,11.479867935180664,5.474027602758724e-06,test_field
torch,256,256,32,1024,gpu,0,0.38135862350463867,1.8184596228820737e-07,test_field
torch,256,256,32,1024,gpu,1,0.3112955093383789,1.4843726603430696e-07,test_field
torch,256,256,32,1024,gpu,2,0.32952022552490234,1.571274879097473e-07,test_field
torch,256,256,32,1024,gpu,3,0.38109755516052246,1.817214752009022e-07,test_field
torch,256,256,32,1024,gpu,4,0.27119994163513184,1.2931820947414963e-07,test_field
gt4py,256,256,32,1024,cpu,0,8.81939435005188,4.205414938951435e-06,test_field
gt4py,256,256,32,1024,cpu,1,8.844619035720825,4.217443006382382e-06,test_field
gt4py,256,256,32,1024,cpu,2,9.01237177848816,4.297433747524337e-06,test_field
gt4py,256,256,32,1024,cpu,3,9.018454551696777,4.300334239815129e-06,test_field
gt4py,256,256,32,1024,cpu,4,8.806700706481934,4.1993621380242985e-06,test_field
cupy,256,256,32,1024,gpu,0,0.2404632568359375,1.1466181604191661e-07,test_field
cupy,256,256,32,1024,gpu,1,0.24702119827270508,1.1778888620028738e-07,test_field
cupy,256,256,32,1024,gpu,2,0.23559045791625977,1.1233828445256222e-07,test_field
cupy,256,256,32,1024,gpu,3,0.234818696975708,1.1197028015885735e-07,test_field
cupy,256,256,32,1024,gpu,4,0.23702287673950195,1.1302131497359369e-07,test_field
numpy,256,256,32,1024,cpu,0,13.106039047241211,6.249446414585691e-06,test_field
numpy,256,256,32,1024,cpu,1,13.370594024658203,6.375596058205701e-06,test_field
numpy,256,256,32,1024,cpu,2,13.35701847076416,6.369122729665833e-06,test_field
numpy,256,256,32,1024,cpu,3,13.283458232879639,6.3340464748762315e-06,test_field
numpy,256,256,32,1024,cpu,4,13.117541551589966,6.25493123607157e-06,test_field
fortran,256,256,32,1024,cpu,0,1.181043381,5.631653695106507e-07,test_field
fortran,256,256,32,1024,cpu,1,1.174729653,5.601547493934631e-07,test_field
fortran,256,256,32,1024,cpu,2,1.175393728,5.604714050292969e-07,test_field
fortran,256,256,32,1024,cpu,3,1.161910841,5.540422635078431e-07,test_field
fortran,256,256,32,1024,cpu,4,1.173555704,5.595949668884277e-07,test_field
numba,256,256,64,1024,cpu,0,0.48499512672424316,1.156318489847763e-07,test_field
numba,256,256,64,1024,cpu,1,0.4848206043243408,1.1559023960217019e-07,test_field
numba,256,256,64,1024,cpu,2,0.4975161552429199,1.1861709481308935e-07,test_field
numba,256,256,64,1024,cpu,3,0.496415376663208,1.18354648748209e-07,test_field
numba,256,256,64,1024,cpu,4,0.4963686466217041,1.1834350743811228e-07,test_field
jax,256,256,64,1024,cpu,0,5.687406301498413,1.3559833291765244e-06,test_field
jax,256,256,64,1024,cpu,1,5.691441059112549,1.3569452903539059e-06,test_field
jax,256,256,64,1024,cpu,2,5.656583786010742,1.348634668829618e-06,test_field
jax,256,256,64,1024,cpu,3,5.698558568954468,1.3586422369371576e-06,test_field
jax,256,256,64,1024,cpu,4,5.721831798553467,1.3641910072692554e-06,test_field
jax,256,256,64,1024,gpu,0,0.17250847816467285,4.112922624699422e-08,test_field
jax,256,256,64,1024,gpu,1,0.17368674278259277,4.1410146423004335e-08,test_field
jax,256,256,64,1024,gpu,2,0.17296600341796875,4.123830876778811e-08,test_field
jax,256,256,64,1024,gpu,3,0.1686861515045166,4.021791255581775e-08,test_field
jax,256,256,64,1024,gpu,4,0.1728971004486084,4.122188101973734e-08,test_field
torch,256,256,64,1024,cpu,0,29.649513483047485,7.068994875680801e-06,test_field
torch,256,256,64,1024,cpu,1,29.598764896392822,7.0568954697591835e-06,test_field
torch,256,256,64,1024,cpu,2,29.539565563201904,7.042781248856045e-06,test_field
torch,256,256,64,1024,cpu,3,29.500941276550293,7.033572501313756e-06,test_field
torch,256,256,64,1024,cpu,4,29.63599991798401,7.06577299069977e-06,test_field
torch,256,256,64,1024,gpu,0,0.44833827018737793,1.0689217333492707e-07,test_field
torch,256,256,64,1024,gpu,1,0.4469294548034668,1.0655628557287855e-07,test_field
torch,256,256,64,1024,gpu,2,0.44982099533081055,1.0724568255682243e-07,test_field
torch,256,256,64,1024,gpu,3,0.44797372817993164,1.0680525974748889e-07,test_field
torch,256,256,64,1024,gpu,4,0.4481191635131836,1.0683993423299398e-07,test_field
gt4py,256,256,64,1024,cpu,0,17.523355722427368,4.177893572432367e-06,test_field
gt4py,256,256,64,1024,cpu,1,17.521637439727783,4.1774839019126375e-06,test_field
gt4py,256,256,64,1024,cpu,2,17.549741744995117,4.184184490441112e-06,test_field
gt4py,256,256,64,1024,cpu,3,17.53418731689453,4.180476025794633e-06,test_field
gt4py,256,256,64,1024,cpu,4,17.54502010345459,4.183058763373992e-06,test_field
cupy,256,256,64,1024,gpu,0,0.4614558219909668,1.1001964139722986e-07,test_field
cupy,256,256,64,1024,gpu,1,0.46160411834716797,1.1005499800376128e-07,test_field
cupy,256,256,64,1024,gpu,2,0.4618866443634033,1.1012235745511134e-07,test_field
cupy,256,256,64,1024,gpu,3,0.4616982936859131,1.100774511542113e-07,test_field
cupy,256,256,64,1024,gpu,4,0.45946741104125977,1.0954556728393072e-07,test_field
numpy,256,256,64,1024,cpu,0,40.47450232505798,9.649873334183212e-06,test_field
numpy,256,256,64,1024,cpu,1,40.03024387359619,9.543953865431831e-06,test_field
numpy,256,256,64,1024,cpu,2,40.64439558982849,9.690379044968722e-06,test_field
numpy,256,256,64,1024,cpu,3,40.350430488586426,9.620292303225142e-06,test_field
numpy,256,256,64,1024,cpu,4,40.202738523483276,9.585079794760532e-06,test_field
fortran,256,256,64,1024,cpu,0,2.436811105,5.809810411930084e-07,test_field
fortran,256,256,64,1024,cpu,1,2.404934335,5.733810269832611e-07,test_field
fortran,256,256,64,1024,cpu,2,2.418248718,5.765554232597351e-07,test_field
fortran,256,256,64,1024,cpu,3,2.425368985,5.782530272006988e-07,test_field
fortran,256,256,64,1024,cpu,4,2.446241894,5.83229516506195e-07,test_field
numba,256,512,16,1024,cpu,0,0.6632308959960938,3.162531356792897e-07,test_field
numba,256,512,16,1024,cpu,1,0.6830892562866211,3.2572233976679854e-07,test_field
numba,256,512,16,1024,cpu,2,0.6713440418243408,3.2012178508011857e-07,test_field
numba,256,512,16,1024,cpu,3,0.6602287292480469,3.148215910186991e-07,test_field
numba,256,512,16,1024,cpu,4,0.6737301349639893,3.212595629520365e-07,test_field
jax,256,512,16,1024,cpu,0,2.884506940841675,1.3754400924881338e-06,test_field
jax,256,512,16,1024,cpu,1,2.885007619857788,1.3756788348473492e-06,test_field
jax,256,512,16,1024,cpu,2,2.8762412071228027,1.3714986835111631e-06,test_field
jax,256,512,16,1024,cpu,3,2.8748974800109863,1.370857944493764e-06,test_field
jax,256,512,16,1024,cpu,4,2.885672092437744,1.3759956800640794e-06,test_field
jax,256,512,16,1024,gpu,0,0.14480829238891602,6.904997462697793e-08,test_field
jax,256,512,16,1024,gpu,1,0.14415359497070312,6.873779057059437e-08,test_field
jax,256,512,16,1024,gpu,2,0.14293169975280762,6.815514552727109e-08,test_field
jax,256,512,16,1024,gpu,3,0.14449858665466309,6.890229542477755e-08,test_field
jax,256,512,16,1024,gpu,4,0.1490790843963623,7.108644695108524e-08,test_field
torch,256,512,16,1024,cpu,0,11.179061651229858,5.33059198914998e-06,test_field
torch,256,512,16,1024,cpu,1,11.22532057762146,5.352649964152079e-06,test_field
torch,256,512,16,1024,cpu,2,11.240219116210938,5.359754140954465e-06,test_field
torch,256,512,16,1024,cpu,3,11.305420875549316,5.390844762587221e-06,test_field
torch,256,512,16,1024,cpu,4,11.846793174743652,5.6489911912649404e-06,test_field
torch,256,512,16,1024,gpu,0,0.3662228584289551,1.746286670822883e-07,test_field
torch,256,512,16,1024,gpu,1,0.2653086185455322,1.265090077140485e-07,test_field
torch,256,512,16,1024,gpu,2,0.33086442947387695,1.5776845430082176e-07,test_field
torch,256,512,16,1024,gpu,3,0.3379976749420166,1.611698507986148e-07,test_field
torch,256,512,16,1024,gpu,4,0.3328895568847656,1.5873411030042917e-07,test_field
gt4py,256,512,16,1024,cpu,0,8.795767545700073,4.194148800706898e-06,test_field
gt4py,256,512,16,1024,cpu,1,8.835263967514038,4.212982162243861e-06,test_field
gt4py,256,512,16,1024,cpu,2,8.79299807548523,4.192828214399924e-06,test_field
gt4py,256,512,16,1024,cpu,3,9.012227773666382,4.2973650806743535e-06,test_field
gt4py,256,512,16,1024,cpu,4,9.17574143409729,4.3753344698416186e-06,test_field
cupy,256,512,16,1024,gpu,0,0.2375473976135254,1.1327142601658124e-07,test_field
cupy,256,512,16,1024,gpu,1,0.23594069480895996,1.1250529041717527e-07,test_field
cupy,256,512,16,1024,gpu,2,0.2382669448852539,1.1361453289282508e-07,test_field
cupy,256,512,16,1024,gpu,3,0.24144649505615234,1.1513066056068055e-07,test_field
cupy,256,512,16,1024,gpu,4,0.24646210670471191,1.1752229056583019e-07,test_field
numpy,256,512,16,1024,cpu,0,13.165878057479858,6.277979878177575e-06,test_field
numpy,256,512,16,1024,cpu,1,13.355054140090942,6.368186063809844e-06,test_field
numpy,256,512,16,1024,cpu,2,13.693637132644653,6.5296350157950656e-06,test_field
numpy,256,512,16,1024,cpu,3,13.46068024635315,6.418552516151976e-06,test_field
numpy,256,512,16,1024,cpu,4,13.303385496139526,6.343548534459842e-06,test_field
fortran,256,512,16,1024,cpu,0,1.141527779,5.443228621482849e-07,test_field
fortran,256,512,16,1024,cpu,1,1.144596454,5.457861204147339e-07,test_field
fortran,256,512,16,1024,cpu,2,1.13793256,5.426085281372071e-07,test_field
fortran,256,512,16,1024,cpu,3,1.133552981,5.40520182132721e-07,test_field
fortran,256,512,16,1024,cpu,4,1.146074009,5.464906735420227e-07,test_field
numba,256,512,32,1024,cpu,0,0.7225298881530762,1.722645492918673e-07,test_field
numba,256,512,32,1024,cpu,1,0.7190825939178467,1.7144265029855887e-07,test_field
numba,256,512,32,1024,cpu,2,0.7173261642456055,1.710238848318113e-07,test_field
numba,256,512,32,1024,cpu,3,0.7280857563018799,1.735891714815807e-07,test_field
numba,256,512,32,1024,cpu,4,0.7158336639404297,1.7066804502974264e-07,test_field
jax,256,512,32,1024,cpu,0,5.6903464794158936,1.356684322217916e-06,test_field
jax,256,512,32,1024,cpu,1,5.640758752822876,1.3448616869027319e-06,test_field
jax,256,512,32,1024,cpu,2,5.633901834487915,1.343226870176295e-06,test_field
jax,256,512,32,1024,cpu,3,5.680864572525024,1.3544236594498216e-06,test_field
jax,256,512,32,1024,cpu,4,5.62078857421875,1.3401004252955317e-06,test_field
jax,256,512,32,1024,gpu,0,0.17574572563171387,4.190104618828627e-08,test_field
jax,256,512,32,1024,gpu,1,0.1767876148223877,4.2149451928708004e-08,test_field
jax,256,512,32,1024,gpu,2,0.17630887031555176,4.20353103436355e-08,test_field
jax,256,512,32,1024,gpu,3,0.17139458656311035,4.0863653794076527e-08,test_field
jax,256,512,32,1024,gpu,4,0.17397212982177734,4.147818799538072e-08,test_field
torch,256,512,32,1024,cpu,0,29.36621904373169,7.001452217991755e-06,test_field
torch,256,512,32,1024,cpu,1,29.388375997543335,7.006734847436746e-06,test_field
torch,256,512,32,1024,cpu,2,27.691808462142944,6.602241626296745e-06,test_field
torch,256,512,32,1024,cpu,3,29.43802285194397,7.018571579919808e-06,test_field
torch,256,512,32,1024,cpu,4,29.623291730880737,7.062743122787651e-06,test_field
torch,256,512,32,1024,gpu,0,0.4448981285095215,1.0607197964418447e-07,test_field
torch,256,512,32,1024,gpu,1,0.44422078132629395,1.0591048749120091e-07,test_field
torch,256,512,32,1024,gpu,2,0.44498205184936523,1.0609198852762347e-07,test_field
torch,256,512,32,1024,gpu,3,0.44658541679382324,1.064742605194624e-07,test_field
torch,256,512,32,1024,gpu,4,0.4463937282562256,1.0642855841069832e-07,test_field
gt4py,256,512,32,1024,cpu,0,17.43481206893921,4.156783120379259e-06,test_field
gt4py,256,512,32,1024,cpu,1,17.455621004104614,4.161744357134012e-06,test_field
gt4py,256,512,32,1024,cpu,2,17.71651315689087,4.2239458935000584e-06,test_field
gt4py,256,512,32,1024,cpu,3,17.482208967208862,4.168083421518531e-06,test_field
gt4py,256,512,32,1024,cpu,4,17.508987426757812,4.174467903794721e-06,test_field
cupy,256,512,32,1024,gpu,0,0.4615650177001953,1.1004567568306811e-07,test_field
cupy,256,512,32,1024,gpu,1,0.45716357231140137,1.0899628932747873e-07,test_field
cupy,256,512,32,1024,gpu,2,0.45838379859924316,1.0928721394520835e-07,test_field
cupy,256,512,32,1024,gpu,3,0.45758819580078125,1.0909752745646983e-07,test_field
cupy,256,512,32,1024,gpu,4,0.46059441566467285,1.0981426612488576e-07,test_field
numpy,256,512,32,1024,cpu,0,39.81827783584595,9.49341722389363e-06,test_field
numpy,256,512,32,1024,cpu,1,40.04383111000061,9.54719331502929e-06,test_field
numpy,256,512,32,1024,cpu,2,39.767470598220825,9.481303834490973e-06,test_field
numpy,256,512,32,1024,cpu,3,39.876182556152344,9.507222785032354e-06,test_field
numpy,256,512,32,1024,cpu,4,39.665350914001465,9.456956604481093e-06,test_field
fortran,256,512,32,1024,cpu,0,2.316860838,5.523826689720154e-07,test_field
fortran,256,512,32,1024,cpu,1,2.303806899,5.492703673839569e-07,test_field
fortran,256,512,32,1024,cpu,2,2.321773943,5.535540444850922e-07,test_field
fortran,256,512,32,1024,cpu,3,2.37392689,5.659882760047912e-07,test_field
fortran,256,512,32,1024,cpu,4,2.408138238,5.741448969841003e-07,test_field
numba,256,512,64,1024,cpu,0,1.1126174926757812,1.3263434084365144e-07,test_field
numba,256,512,64,1024,cpu,1,1.1188702583312988,1.3337972859517322e-07,test_field
numba,256,512,64,1024,cpu,2,1.1166765689849854,1.3311822044670407e-07,test_field
numba,256,512,64,1024,cpu,3,1.1157658100128174,1.3300964951667993e-07,test_field
numba,256,512,64,1024,cpu,4,1.1155221462249756,1.3298060252964206e-07,test_field
jax,256,512,64,1024,cpu,0,11.289211750030518,1.3457789123094699e-06,test_field
jax,256,512,64,1024,cpu,1,11.31818962097168,1.34923334371706e-06,test_field
jax,256,512,64,1024,cpu,2,11.301632165908813,1.3472595412622468e-06,test_field
jax,256,512,64,1024,cpu,3,11.290361881256104,1.3459160186357622e-06,test_field
jax,256,512,64,1024,cpu,4,11.242424964904785,1.3402014928942663e-06,test_field
jax,256,512,64,1024,gpu,0,0.22756314277648926,2.7127640578328283e-08,test_field
jax,256,512,64,1024,gpu,1,0.22395038604736328,2.669696641532937e-08,test_field
jax,256,512,64,1024,gpu,2,0.22748732566833496,2.7118602474729414e-08,test_field
jax,256,512,64,1024,gpu,3,0.22733664512634277,2.71006399543694e-08,test_field
jax,256,512,64,1024,gpu,4,0.2290658950805664,2.730678261286812e-08,test_field
torch,256,512,64,1024,cpu,0,76.21800923347473,9.085894731697408e-06,test_field
torch,256,512,64,1024,cpu,1,75.28966212272644,8.975227132168584e-06,test_field
torch,256,512,64,1024,cpu,2,75.7381010055542,9.028685212797427e-06,test_field
torch,256,512,64,1024,cpu,3,76.10248351097107,9.072122992392906e-06,test_field
torch,256,512,64,1024,cpu,4,76.27513337135315,9.092704459590095e-06,test_field
torch,256,512,64,1024,gpu,0,0.8304119110107422,9.899281394609716e-08,test_field
torch,256,512,64,1024,gpu,1,0.8298060894012451,9.89205943824345e-08,test_field
torch,256,512,64,1024,gpu,2,0.8297073841094971,9.890882779473031e-08,test_field
torch,256,512,64,1024,gpu,3,0.8280870914459229,9.871567385744129e-08,test_field
torch,256,512,64,1024,gpu,4,0.829869270324707,9.892812613543356e-08,test_field
gt4py,256,512,64,1024,cpu,0,34.5988712310791,4.124506858715904e-06,test_field
gt4py,256,512,64,1024,cpu,1,34.65467309951782,4.13115895980809e-06,test_field
gt4py,256,512,64,1024,cpu,2,34.64804244041443,4.130368523647121e-06,test_field
gt4py,256,512,64,1024,cpu,3,34.69323992729187,4.135756483947262e-06,test_field
gt4py,256,512,64,1024,cpu,4,34.696507692337036,4.136146031896715e-06,test_field
cupy,256,512,64,1024,gpu,0,0.8480994701385498,1.0110133530361054e-07,test_field
cupy,256,512,64,1024,gpu,1,0.8518350124359131,1.0154664664696611e-07,test_field
cupy,256,512,64,1024,gpu,2,0.8539838790893555,1.0180281151406234e-07,test_field
cupy,256,512,64,1024,gpu,3,0.8522801399230957,1.0159970997847267e-07,test_field
cupy,256,512,64,1024,gpu,4,0.8506340980529785,1.0140348649656516e-07,test_field
numpy,256,512,64,1024,cpu,0,92.94429969787598,1.1079823934778688e-05,test_field
numpy,256,512,64,1024,cpu,1,92.81690788269043,1.1064637646995834e-05,test_field
numpy,256,512,64,1024,cpu,2,93.58373737335205,1.1156050845784193e-05,test_field
numpy,256,512,64,1024,cpu,3,93.01120638847351,1.1087799833831014e-05,test_field
numpy,256,512,64,1024,cpu,4,93.53639650344849,1.1150407374316273e-05,test_field
fortran,256,512,64,1024,cpu,0,5.059092762,6.030908539295196e-07,test_field
fortran,256,512,64,1024,cpu,1,5.004244729,5.965524588823318e-07,test_field
fortran,256,512,64,1024,cpu,2,4.900294025,5.841605693101883e-07,test_field
fortran,256,512,64,1024,cpu,3,4.938931765,5.887665468454361e-07,test_field
fortran,256,512,64,1024,cpu,4,4.903559014,5.845497863292694e-07,test_field
numba,512,16,16,1024,cpu,0,0.13035798072814941,9.94552465272136e-07,test_field
numba,512,16,16,1024,cpu,1,0.20783638954162598,1.585665813763626e-06,test_field
numba,512,16,16,1024,cpu,2,0.1427767276763916,1.0892999853240326e-06,test_field
numba,512,16,16,1024,cpu,3,0.14255356788635254,1.0875974112423137e-06,test_field
numba,512,16,16,1024,cpu,4,0.14524292945861816,1.108115611714311e-06,test_field
jax,512,16,16,1024,cpu,0,0.3087615966796875,2.355664037168026e-06,test_field
jax,512,16,16,1024,cpu,1,0.30203986167907715,2.3043812689138576e-06,test_field
jax,512,16,16,1024,cpu,2,0.3014371395111084,2.2997828637016937e-06,test_field
jax,512,16,16,1024,cpu,3,0.30159664154052734,2.300999767612666e-06,test_field
jax,512,16,16,1024,cpu,4,0.3017430305480957,2.302116627106443e-06,test_field
jax,512,16,16,1024,gpu,0,0.11818313598632812,9.016657713800669e-07,test_field
jax,512,16,16,1024,gpu,1,0.11493253707885742,8.768656698521227e-07,test_field
jax,512,16,16,1024,gpu,2,0.11211276054382324,8.553524821763858e-07,test_field
jax,512,16,16,1024,gpu,3,0.11850643157958984,9.041323210112751e-07,test_field
jax,512,16,16,1024,gpu,4,0.11179351806640625,8.529168553650379e-07,test_field
torch,512,16,16,1024,cpu,0,0.9824330806732178,7.495369573007338e-06,test_field
torch,512,16,16,1024,cpu,1,0.934685230255127,7.131082384148613e-06,test_field
torch,512,16,16,1024,cpu,2,0.9479951858520508,7.232629286590964e-06,test_field
torch,512,16,16,1024,cpu,3,1.0018069744110107,7.643180651939474e-06,test_field
torch,512,16,16,1024,cpu,4,0.9762489795684814,7.448188625858165e-06,test_field
torch,512,16,16,1024,gpu,0,0.3855931758880615,2.941842467407696e-06,test_field
torch,512,16,16,1024,gpu,1,0.37529706954956055,2.863289410015568e-06,test_field
torch,512,16,16,1024,gpu,2,0.3832435607910156,2.9239163268357515e-06,test_field
torch,512,16,16,1024,gpu,3,0.3665914535522461,2.7968708309344947e-06,test_field
torch,512,16,16,1024,gpu,4,0.30279088020324707,2.310111085535027e-06,test_field
gt4py,512,16,16,1024,cpu,0,0.7646172046661377,5.833566319779493e-06,test_field
gt4py,512,16,16,1024,cpu,1,0.7563567161560059,5.77054379391484e-06,test_field
gt4py,512,16,16,1024,cpu,2,0.7596056461334229,5.795331162516959e-06,test_field
gt4py,512,16,16,1024,cpu,3,0.7640671730041504,5.829369911225513e-06,test_field
gt4py,512,16,16,1024,cpu,4,0.7530434131622314,5.745265298173763e-06,test_field
cupy,512,16,16,1024,gpu,0,0.2487165927886963,1.8975570128532127e-06,test_field
cupy,512,16,16,1024,gpu,1,0.250347375869751,1.9099989003734663e-06,test_field
cupy,512,16,16,1024,gpu,2,0.23685288429260254,1.8070441001327708e-06,test_field
cupy,512,16,16,1024,gpu,3,0.25312256813049316,1.93117193703074e-06,test_field
cupy,512,16,16,1024,gpu,4,0.24899554252624512,1.8996852304553613e-06,test_field
numpy,512,16,16,1024,cpu,0,0.8340787887573242,6.363516149576753e-06,test_field
numpy,512,16,16,1024,cpu,1,0.8109827041625977,6.187307008076459e-06,test_field
numpy,512,16,16,1024,cpu,2,0.8086926937103271,6.169835614855401e-06,test_field
numpy,512,16,16,1024,cpu,3,0.8043422698974609,6.1366445152089e-06,test_field
numpy,512,16,16,1024,cpu,4,0.8061182498931885,6.150194167275913e-06,test_field
fortran,512,16,16,1024,cpu,0,0.072192505,5.507851028442383e-07,test_field
fortran,512,16,16,1024,cpu,1,0.072702601,5.546768264770508e-07,test_field
fortran,512,16,16,1024,cpu,2,0.072216792,5.509703979492188e-07,test_field
fortran,512,16,16,1024,cpu,3,0.074153981,5.657499771118164e-07,test_field
fortran,512,16,16,1024,cpu,4,0.072993216,5.5689404296875e-07,test_field
numba,512,16,32,1024,cpu,0,0.1492176055908203,5.69219992030412e-07,test_field
numba,512,16,32,1024,cpu,1,0.15136313438415527,5.774045348516665e-07,test_field
numba,512,16,32,1024,cpu,2,0.14908480644226074,5.687134034815244e-07,test_field
numba,512,16,32,1024,cpu,3,0.1471095085144043,5.611782398773357e-07,test_field
numba,512,16,32,1024,cpu,4,0.15104150772094727,5.761776264989749e-07,test_field
jax,512,16,32,1024,cpu,0,0.49843478202819824,1.9013778000953607e-06,test_field
jax,512,16,32,1024,cpu,1,0.4960143566131592,1.892144609882962e-06,test_field
jax,512,16,32,1024,cpu,2,0.49750638008117676,1.897836227726657e-06,test_field
jax,512,16,32,1024,cpu,3,0.4977889060974121,1.8989139789482579e-06,test_field
jax,512,16,32,1024,cpu,4,0.49709653854370117,1.8962728063343093e-06,test_field
jax,512,16,32,1024,gpu,0,0.1257936954498291,4.798648660653271e-07,test_field
jax,512,16,32,1024,gpu,1,0.13033342361450195,4.971825546817854e-07,test_field
jax,512,16,32,1024,gpu,2,0.12479233741760254,4.760449883178808e-07,test_field
jax,512,16,32,1024,gpu,3,0.12495827674865723,4.7667799663031474e-07,test_field
jax,512,16,32,1024,gpu,4,0.12538862228393555,4.783196345670149e-07,test_field
torch,512,16,32,1024,cpu,0,1.6760852336883545,6.393757757905405e-06,test_field
torch,512,16,32,1024,cpu,1,1.6623668670654297,6.3414263422600925e-06,test_field
torch,512,16,32,1024,cpu,2,1.6436963081359863,6.2702038121642545e-06,test_field
torch,512,16,32,1024,cpu,3,1.7500126361846924,6.675768418062944e-06,test_field
torch,512,16,32,1024,cpu,4,1.6652588844299316,6.352458512992598e-06,test_field
torch,512,16,32,1024,gpu,0,0.3701660633087158,1.4120714695309289e-06,test_field
torch,512,16,32,1024,gpu,1,0.3794074058532715,1.4473243936663494e-06,test_field
torch,512,16,32,1024,gpu,2,0.39247632026672363,1.4971783457440324e-06,test_field
torch,512,16,32,1024,gpu,3,0.37163281440734863,1.417666680936236e-06,test_field
torch,512,16,32,1024,gpu,4,0.3924593925476074,1.4971137716202065e-06,test_field
gt4py,512,16,32,1024,cpu,0,1.3079819679260254,4.9895552365342155e-06,test_field
gt4py,512,16,32,1024,cpu,1,1.314603328704834,5.014813723391853e-06,test_field
gt4py,512,16,32,1024,cpu,2,1.319631576538086,5.033994966652244e-06,test_field
gt4py,512,16,32,1024,cpu,3,1.305274486541748,4.979227014700882e-06,test_field
gt4py,512,16,32,1024,cpu,4,1.3058040142059326,4.98124700243352e-06,test_field
cupy,512,16,32,1024,gpu,0,0.24687552452087402,9.417553883395158e-07,test_field
cupy,512,16,32,1024,gpu,1,0.24390935897827148,9.304403647547588e-07,test_field
cupy,512,16,32,1024,gpu,2,0.2566680908203125,9.791110642254353e-07,test_field
cupy,512,16,32,1024,gpu,3,0.21863961219787598,8.340439308085479e-07,test_field
cupy,512,16,32,1024,gpu,4,0.24080204963684082,9.185869203065522e-07,test_field
numpy,512,16,32,1024,cpu,0,1.6195216178894043,6.177984687383287e-06,test_field
numpy,512,16,32,1024,cpu,1,1.5947234630584717,6.083387233957183e-06,test_field
numpy,512,16,32,1024,cpu,2,1.560572862625122,5.953113031864632e-06,test_field
numpy,512,16,32,1024,cpu,3,1.5650966167449951,5.9703697843360715e-06,test_field
numpy,512,16,32,1024,cpu,4,1.5539088249206543,5.927691745455377e-06,test_field
fortran,512,16,32,1024,cpu,0,0.153116561,5.840933265686036e-07,test_field
fortran,512,16,32,1024,cpu,1,0.151502274,5.779353103637695e-07,test_field
fortran,512,16,32,1024,cpu,2,0.152283786,5.809165420532227e-07,test_field
fortran,512,16,32,1024,cpu,3,0.151548705,5.781124305725098e-07,test_field
fortran,512,16,32,1024,cpu,4,0.153857371,5.869192924499511e-07,test_field
numba,512,16,64,1024,cpu,0,0.16801142692565918,3.204563654435333e-07,test_field
numba,512,16,64,1024,cpu,1,0.16793274879455566,3.2030629881774075e-07,test_field
numba,512,16,64,1024,cpu,2,0.16860580444335938,3.2159005058929324e-07,test_field
numba,512,16,64,1024,cpu,3,0.16693329811096191,3.183999979228247e-07,test_field
numba,512,16,64,1024,cpu,4,0.1657860279083252,3.1621175367035903e-07,test_field
jax,512,16,64,1024,cpu,0,0.8783762454986572,1.6753697309468407e-06,test_field
jax,512,16,64,1024,cpu,1,0.8786923885345459,1.6759727259341162e-06,test_field
jax,512,16,64,1024,cpu,2,0.8747296333312988,1.6684143702150322e-06,test_field
jax,512,16,64,1024,cpu,3,0.878387451171875,1.6753911040723324e-06,test_field
jax,512,16,64,1024,cpu,4,0.8744094371795654,1.6678036445227917e-06,test_field
jax,512,16,64,1024,gpu,0,0.12771940231323242,2.436054273857735e-07,test_field
jax,512,16,64,1024,gpu,1,0.12796521186828613,2.4407427190453745e-07,test_field
jax,512,16,64,1024,gpu,2,0.1268467903137207,2.4194105208152905e-07,test_field
jax,512,16,64,1024,gpu,3,0.13568949699401855,2.588071765785571e-07,test_field
jax,512,16,64,1024,gpu,4,0.13183116912841797,2.5144800019916147e-07,test_field
torch,512,16,64,1024,cpu,0,3.267974376678467,6.2331664594239555e-06,test_field
torch,512,16,64,1024,cpu,1,3.120438575744629,5.951764251221903e-06,test_field
torch,512,16,64,1024,cpu,2,3.1165740489959717,5.944393251411384e-06,test_field
torch,512,16,64,1024,cpu,3,3.132061719894409,5.973933639324969e-06,test_field
torch,512,16,64,1024,cpu,4,3.1133382320404053,5.938221420365153e-06,test_field
torch,512,16,64,1024,gpu,0,0.3054332733154297,5.825677362736315e-07,test_field
torch,512,16,64,1024,gpu,1,0.31280517578125,5.966285243630409e-07,test_field
torch,512,16,64,1024,gpu,2,0.35800695419311523,6.828440746176057e-07,test_field
torch,512,16,64,1024,gpu,3,0.3828310966491699,7.301923687919043e-07,test_field
torch,512,16,64,1024,gpu,4,0.38547205924987793,7.352296051976737e-07,test_field
gt4py,512,16,64,1024,cpu,0,2.4179577827453613,4.611888471117709e-06,test_field
gt4py,512,16,64,1024,cpu,1,2.4196982383728027,4.61520812677918e-06,test_field
gt4py,512,16,64,1024,cpu,2,2.4162604808807373,4.608651124726748e-06,test_field
gt4py,512,16,64,1024,cpu,3,2.4498274326324463,4.672675004258053e-06,test_field
gt4py,512,16,64,1024,cpu,4,2.4145476818084717,4.60538421975798e-06,test_field
cupy,512,16,64,1024,gpu,0,0.24215149879455566,4.618673301592935e-07,test_field
cupy,512,16,64,1024,gpu,1,0.23939299583435059,4.566059033095371e-07,test_field
cupy,512,16,64,1024,gpu,2,0.2304670810699463,4.3958107198704965e-07,test_field
cupy,512,16,64,1024,gpu,3,0.24229884147644043,4.621483640221413e-07,test_field
cupy,512,16,64,1024,gpu,4,0.24777436256408691,4.7259209168259986e-07,test_field
numpy,512,16,64,1024,cpu,0,3.216125249862671,6.134272098279325e-06,test_field
numpy,512,16,64,1024,cpu,1,3.162442684173584,6.031880730006378e-06,test_field
numpy,512,16,64,1024,cpu,2,3.189317226409912,6.0831398513983e-06,test_field
numpy,512,16,64,1024,cpu,3,3.1915574073791504,6.08741265750723e-06,test_field
numpy,512,16,64,1024,cpu,4,3.262495994567871,6.222717274795286e-06,test_field
fortran,512,16,64,1024,cpu,0,0.311023596,5.932304306030274e-07,test_field
fortran,512,16,64,1024,cpu,1,0.313674845,5.982872867584228e-07,test_field
fortran,512,16,64,1024,cpu,2,0.310927856,5.930478210449219e-07,test_field
fortran,512,16,64,1024,cpu,3,0.312094797,5.952735843658447e-07,test_field
fortran,512,16,64,1024,cpu,4,0.309827954,5.909499244689942e-07,test_field
numba,512,32,16,1024,cpu,0,0.17581939697265625,6.706977728754282e-07,test_field
numba,512,32,16,1024,cpu,1,0.17653608322143555,6.734317139489576e-07,test_field
numba,512,32,16,1024,cpu,2,0.1769263744354248,6.749205567757599e-07,test_field
numba,512,32,16,1024,cpu,3,0.17860150337219238,6.813106665504165e-07,test_field
numba,512,32,16,1024,cpu,4,0.17422175407409668,6.646032488788478e-07,test_field
jax,512,32,16,1024,cpu,0,0.4775357246398926,1.8216542230220512e-06,test_field
jax,512,32,16,1024,cpu,1,0.4805915355682373,1.8333112166146748e-06,test_field
jax,512,32,16,1024,cpu,2,0.4788203239440918,1.8265545804752037e-06,test_field
jax,512,32,16,1024,cpu,3,0.4871542453765869,1.8583459677756764e-06,test_field
jax,512,32,16,1024,cpu,4,0.4807610511779785,1.8339578673476353e-06,test_field
jax,512,32,16,1024,gpu,0,0.1250910758972168,4.771845851792023e-07,test_field
jax,512,32,16,1024,gpu,1,0.12923288345336914,4.929843271384016e-07,test_field
jax,512,32,16,1024,gpu,2,0.12581920623779297,4.799621819984168e-07,test_field
jax,512,32,16,1024,gpu,3,0.13051152229309082,4.978619472240098e-07,test_field
jax,512,32,16,1024,gpu,4,0.12435221672058105,4.7436606109840795e-07,test_field
torch,512,32,16,1024,cpu,0,1.5826210975646973,6.037220373400487e-06,test_field
torch,512,32,16,1024,cpu,1,1.5950450897216797,6.084614142309874e-06,test_field
torch,512,32,16,1024,cpu,2,1.66717529296875,6.359769031405449e-06,test_field
torch,512,32,16,1024,cpu,3,1.6075189113616943,6.132197995611932e-06,test_field
torch,512,32,16,1024,cpu,4,1.6232986450195312,6.192392902448773e-06,test_field
torch,512,32,16,1024,gpu,0,0.37540173530578613,1.4320439731818624e-06,test_field
torch,512,32,16,1024,gpu,1,0.37029218673706055,1.4125525922281668e-06,test_field
torch,512,32,16,1024,gpu,2,0.3436770439147949,1.3110238796798512e-06,test_field
torch,512,32,16,1024,gpu,3,0.3752593994140625,1.431501004844904e-06,test_field
torch,512,32,16,1024,gpu,4,0.30983924865722656,1.1819429346360266e-06,test_field
gt4py,512,32,16,1024,cpu,0,1.28409743309021,4.898442966805305e-06,test_field
gt4py,512,32,16,1024,cpu,1,1.2774405479431152,4.873048965237103e-06,test_field
gt4py,512,32,16,1024,cpu,2,1.2879784107208252,4.913247721560765e-06,test_field
gt4py,512,32,16,1024,cpu,3,1.305041790008545,4.978339347871952e-06,test_field
gt4py,512,32,16,1024,cpu,4,1.304067850112915,4.974624062015209e-06,test_field
cupy,512,32,16,1024,gpu,0,0.24228262901306152,9.242348824045621e-07,test_field
cupy,512,32,16,1024,gpu,1,0.24698138236999512,9.42159203987103e-07,test_field
cupy,512,32,16,1024,gpu,2,0.2377638816833496,9.069972293218598e-07,test_field
cupy,512,32,16,1024,gpu,3,0.24414944648742676,9.313562259194441e-07,test_field
cupy,512,32,16,1024,gpu,4,0.26856350898742676,1.024488483380992e-06,test_field
numpy,512,32,16,1024,cpu,0,1.5225927829742432,5.8082305258722045e-06,test_field
numpy,512,32,16,1024,cpu,1,1.500694990158081,5.724697075493168e-06,test_field
numpy,512,32,16,1024,cpu,2,1.5088632106781006,5.755856363975909e-06,test_field
numpy,512,32,16,1024,cpu,3,1.508228063583374,5.7534334700903855e-06,test_field
numpy,512,32,16,1024,cpu,4,1.4937334060668945,5.6981407396961e-06,test_field
fortran,512,32,16,1024,cpu,0,0.143569621,5.476746406555176e-07,test_field
fortran,512,32,16,1024,cpu,1,0.143647603,5.479721183776856e-07,test_field
fortran,512,32,16,1024,cpu,2,0.143638547,5.479375724792481e-07,test_field
fortran,512,32,16,1024,cpu,3,0.143618068,5.478594512939453e-07,test_field
fortran,512,32,16,1024,cpu,4,0.143737649,5.48315616607666e-07,test_field
numba,512,32,32,1024,cpu,0,0.19622540473937988,3.742702574527357e-07,test_field
numba,512,32,32,1024,cpu,1,0.19254016876220703,3.672412276500836e-07,test_field
numba,512,32,32,1024,cpu,2,0.1941361427307129,3.702853064169176e-07,test_field
numba,512,32,32,1024,cpu,3,0.1961226463317871,3.740742613445036e-07,test_field
numba,512,32,32,1024,cpu,4,0.1947786808013916,3.715108505275566e-07,test_field
jax,512,32,32,1024,cpu,0,0.8432891368865967,1.6084463823062833e-06,test_field
jax,512,32,32,1024,cpu,1,0.8423049449920654,1.606569185241824e-06,test_field
jax,512,32,32,1024,cpu,2,0.8407936096191406,1.6036865417845547e-06,test_field
jax,512,32,32,1024,cpu,3,0.8436682224273682,1.6091694305941928e-06,test_field
jax,512,32,32,1024,cpu,4,0.8386459350585938,1.5995901776477695e-06,test_field
jax,512,32,32,1024,gpu,0,0.13186979293823242,2.515216692700051e-07,test_field
jax,512,32,32,1024,gpu,1,0.12758946418762207,2.433575900795404e-07,test_field
jax,512,32,32,1024,gpu,2,0.1276853084564209,2.4354039851459675e-07,test_field
jax,512,32,32,1024,gpu,3,0.12738561630249023,2.4296878109453246e-07,test_field
jax,512,32,32,1024,gpu,4,0.13216876983642578,2.520919224480167e-07,test_field
torch,512,32,32,1024,cpu,0,3.146358013153076,6.001201654726174e-06,test_field
torch,512,32,32,1024,cpu,1,2.986948013305664,5.697151209460571e-06,test_field
torch,512,32,32,1024,cpu,2,3.015629291534424,5.751856406277511e-06,test_field
torch,512,32,32,1024,cpu,3,3.0067625045776367,5.734944352298044e-06,test_field
torch,512,32,32,1024,cpu,4,3.0298988819122314,5.779073489975417e-06,test_field
torch,512,32,32,1024,gpu,0,0.39268970489501953,7.489961717510596e-07,test_field
torch,512,32,32,1024,gpu,1,0.37871432304382324,7.223402462841477e-07,test_field
torch,512,32,32,1024,gpu,2,0.38405871391296387,7.325338629016187e-07,test_field
torch,512,32,32,1024,gpu,3,0.2903268337249756,5.537544893741142e-07,test_field
torch,512,32,32,1024,gpu,4,0.3977224826812744,7.58595433580922e-07,test_field
gt4py,512,32,32,1024,cpu,0,2.3611390590667725,4.503515356191201e-06,test_field
gt4py,512,32,32,1024,cpu,1,2.3657894134521484,4.512385203270242e-06,test_field
gt4py,512,32,32,1024,cpu,2,2.372013807296753,4.5242572923598345e-06,test_field
gt4py,512,32,32,1024,cpu,3,2.4144539833068848,4.605205504049081e-06,test_field
gt4py,512,32,32,1024,cpu,4,2.4050943851470947,4.5873534872953314e-06,test_field
cupy,512,32,32,1024,gpu,0,0.23908472061157227,4.560179149848409e-07,test_field
cupy,512,32,32,1024,gpu,1,0.24989581108093262,4.766384336107876e-07,test_field
cupy,512,32,32,1024,gpu,2,0.26236438751220703,5.00420355820097e-07,test_field
cupy,512,32,32,1024,gpu,3,0.24095940589904785,4.5959359340486117e-07,test_field
cupy,512,32,32,1024,gpu,4,0.26186442375183105,4.994667506252881e-07,test_field
numpy,512,32,32,1024,cpu,0,3.048222064971924,5.8140221881330945e-06,test_field
numpy,512,32,32,1024,cpu,1,3.0420520305633545,5.802253781439504e-06,test_field
numpy,512,32,32,1024,cpu,2,3.0425257682800293,5.803157364425715e-06,test_field
numpy,512,32,32,1024,cpu,3,3.051172971725464,5.819650596095016e-06,test_field
numpy,512,32,32,1024,cpu,4,3.050572633743286,5.818505542265484e-06,test_field
fortran,512,32,32,1024,cpu,0,0.29204247,5.570268058776855e-07,test_field
fortran,512,32,32,1024,cpu,1,0.291432825,5.558640003204346e-07,test_field
fortran,512,32,32,1024,cpu,2,0.290900872,5.54849380493164e-07,test_field
fortran,512,32,32,1024,cpu,3,0.290294299,5.53692434310913e-07,test_field
fortran,512,32,32,1024,cpu,4,0.292403227,5.577148952484131e-07,test_field
numba,512,32,64,1024,cpu,0,0.22393035888671875,2.1355663193389773e-07,test_field
numba,512,32,64,1024,cpu,1,0.22930312156677246,2.1868049771001097e-07,test_field
numba,512,32,64,1024,cpu,2,0.2249464988708496,2.145256985386368e-07,test_field
numba,512,32,64,1024,cpu,3,0.22852420806884766,2.1793766791233793e-07,test_field
numba,512,32,64,1024,cpu,4,0.22756743431091309,2.1702521735278424e-07,test_field
jax,512,32,64,1024,cpu,0,1.5586450099945068,1.486439714426524e-06,test_field
jax,512,32,64,1024,cpu,1,1.5591590404510498,1.4869299320707796e-06,test_field
jax,512,32,64,1024,cpu,2,1.5560493469238281,1.4839642972219735e-06,test_field
jax,512,32,64,1024,cpu,3,1.5567328929901123,1.4846161775494693e-06,test_field
jax,512,32,64,1024,cpu,4,1.5574283599853516,1.4852794265607372e-06,test_field
jax,512,32,64,1024,gpu,0,0.13520073890686035,1.2893747225461993e-07,test_field
jax,512,32,64,1024,gpu,1,0.13191509246826172,1.2580403563333675e-07,test_field
jax,512,32,64,1024,gpu,2,0.13998818397521973,1.3350313565752003e-07,test_field
jax,512,32,64,1024,gpu,3,0.13362741470336914,1.2743703337037005e-07,test_field
jax,512,32,64,1024,gpu,4,0.13684344291687012,1.305040768784238e-07,test_field
torch,512,32,64,1024,cpu,0,5.790693521499634,5.522435685634264e-06,test_field
torch,512,32,64,1024,cpu,1,5.804601669311523,5.535699528991245e-06,test_field
torch,512,32,64,1024,cpu,2,5.811589241027832,5.542363396671135e-06,test_field
torch,512,32,64,1024,cpu,3,5.773688077926636,5.5062180308596e-06,test_field
torch,512,32,64,1024,cpu,4,5.885636329650879,5.612980203295592e-06,test_field
torch,512,32,64,1024,gpu,0,0.2992532253265381,2.853901150956517e-07,test_field
torch,512,32,64,1024,gpu,1,0.3050537109375,2.909218892455101e-07,test_field
torch,512,32,64,1024,gpu,2,0.29571056365966797,2.820115696522407e-07,test_field
torch,512,32,64,1024,gpu,3,0.37665462493896484,3.592058419599198e-07,test_field
torch,512,32,64,1024,gpu,4,0.2871723175048828,2.738688635872677e-07,test_field
gt4py,512,32,64,1024,cpu,0,4.608888626098633,4.395378709887154e-06,test_field
gt4py,512,32,64,1024,cpu,1,4.545681476593018,4.335099674790399e-06,test_field
gt4py,512,32,64,1024,cpu,2,4.56166410446167,4.350341896497412e-06,test_field
gt4py,512,32,64,1024,cpu,3,4.543917179107666,4.333417109592119e-06,test_field
gt4py,512,32,64,1024,cpu,4,4.560924768447876,4.349636810729862e-06,test_field
cupy,512,32,64,1024,gpu,0,0.24187064170837402,2.3066581888997462e-07,test_field
cupy,512,32,64,1024,gpu,1,0.23084211349487305,2.2014819478499703e-07,test_field
cupy,512,32,64,1024,gpu,2,0.2510228157043457,2.3939401216921397e-07,test_field
cupy,512,32,64,1024,gpu,3,0.2562255859375,2.443557605147362e-07,test_field
cupy,512,32,64,1024,gpu,4,0.23732709884643555,2.2633275875705294e-07,test_field
numpy,512,32,64,1024,cpu,0,6.235981702804565,5.947095587544027e-06,test_field
numpy,512,32,64,1024,cpu,1,6.135014295578003,5.850805564477923e-06,test_field
numpy,512,32,64,1024,cpu,2,6.156498432159424,5.871294433745788e-06,test_field
numpy,512,32,64,1024,cpu,3,6.287104368209839,5.995849960527266e-06,test_field
numpy,512,32,64,1024,cpu,4,6.033363342285156,5.753863661084324e-06,test_field
fortran,512,32,64,1024,cpu,0,0.595032939,5.674676313400268e-07,test_field
fortran,512,32,64,1024,cpu,1,0.589852296,5.62526985168457e-07,test_field
fortran,512,32,64,1024,cpu,2,0.613076584,5.846753921508789e-07,test_field
fortran,512,32,64,1024,cpu,3,0.596358499,5.687317838668824e-07,test_field
fortran,512,32,64,1024,cpu,4,0.591176832,5.637901611328125e-07,test_field
numba,512,64,16,1024,cpu,0,0.2512693405151367,4.792582330992445e-07,test_field
numba,512,64,16,1024,cpu,1,0.25631093978881836,4.888743205810897e-07,test_field
numba,512,64,16,1024,cpu,2,0.250607967376709,4.779967639478855e-07,test_field
numba,512,64,16,1024,cpu,3,0.2545480728149414,4.855119186686352e-07,test_field
numba,512,64,16,1024,cpu,4,0.2515897750854492,4.798694135388359e-07,test_field
jax,512,64,16,1024,cpu,0,0.8229334354400635,1.5696209629822988e-06,test_field
jax,512,64,16,1024,cpu,1,0.8306853771209717,1.5844066183490213e-06,test_field
jax,512,64,16,1024,cpu,2,0.8254082202911377,1.5743412404845003e-06,test_field
jax,512,64,16,1024,cpu,3,0.8282952308654785,1.5798477761563845e-06,test_field
jax,512,64,16,1024,cpu,4,0.8278908729553223,1.579076524649281e-06,test_field
jax,512,64,16,1024,gpu,0,0.13298845291137695,2.5365534384036437e-07,test_field
jax,512,64,16,1024,gpu,1,0.13199377059936523,2.5175813789246604e-07,test_field
jax,512,64,16,1024,gpu,2,0.12709689140319824,2.4241808205260895e-07,test_field
jax,512,64,16,1024,gpu,3,0.13315868377685547,2.539800334488973e-07,test_field
jax,512,64,16,1024,gpu,4,0.1289665699005127,2.459842107782606e-07,test_field
torch,512,64,16,1024,cpu,0,2.9076857566833496,5.545970452658366e-06,test_field
torch,512,64,16,1024,cpu,1,3.071641445159912,5.85869111091597e-06,test_field
torch,512,64,16,1024,cpu,2,2.9107346534729004,5.5517857617815025e-06,test_field
torch,512,64,16,1024,cpu,3,2.9373106956481934,5.602475539490115e-06,test_field
torch,512,64,16,1024,cpu,4,2.897920846939087,5.5273453654081095e-06,test_field
torch,512,64,16,1024,gpu,0,0.37023067474365234,7.061589712975547e-07,test_field
torch,512,64,16,1024,gpu,1,0.37759971618652344,7.202143024187535e-07,test_field
torch,512,64,16,1024,gpu,2,0.31833529472351074,6.071763891668525e-07,test_field
torch,512,64,16,1024,gpu,3,0.3193206787109375,6.090558599680662e-07,test_field
torch,512,64,16,1024,gpu,4,0.3172016143798828,6.050140655133873e-07,test_field
gt4py,512,64,16,1024,cpu,0,2.3924508094787598,4.563237780530471e-06,test_field
gt4py,512,64,16,1024,cpu,1,2.367569923400879,4.515781256486662e-06,test_field
gt4py,512,64,16,1024,cpu,2,2.351823091506958,4.4857465582026634e-06,test_field
gt4py,512,64,16,1024,cpu,3,2.3592581748962402,4.499927854340058e-06,test_field
gt4py,512,64,16,1024,cpu,4,2.3519186973571777,4.485928911890369e-06,test_field
cupy,512,64,16,1024,gpu,0,0.25218963623046875,4.810135578736663e-07,test_field
cupy,512,64,16,1024,gpu,1,0.23717570304870605,4.52376752946293e-07,test_field
cupy,512,64,16,1024,gpu,2,0.2416696548461914,4.6094828576315194e-07,test_field
cupy,512,64,16,1024,gpu,3,0.24608564376831055,4.6937111619627103e-07,test_field
cupy,512,64,16,1024,gpu,4,0.24347996711730957,4.6440118239843287e-07,test_field
numpy,512,64,16,1024,cpu,0,2.9894444942474365,5.7019128689717036e-06,test_field
numpy,512,64,16,1024,cpu,1,2.916745662689209,5.563250851992052e-06,test_field
numpy,512,64,16,1024,cpu,2,2.9718642234802246,5.668381163559388e-06,test_field
numpy,512,64,16,1024,cpu,3,2.9624531269073486,5.650430921377847e-06,test_field
numpy,512,64,16,1024,cpu,4,2.9514808654785156,5.629502993542701e-06,test_field
fortran,512,64,16,1024,cpu,0,0.277253548,5.288191757202149e-07,test_field
fortran,512,64,16,1024,cpu,1,0.287234141,5.478556461334228e-07,test_field
fortran,512,64,16,1024,cpu,2,0.281700196,5.373004837036133e-07,test_field
fortran,512,64,16,1024,cpu,3,0.286552018,5.465545997619629e-07,test_field
fortran,512,64,16,1024,cpu,4,0.280603718,5.352091178894043e-07,test_field
numba,512,64,32,1024,cpu,0,0.26784706115722656,2.554388629505411e-07,test_field
numba,512,64,32,1024,cpu,1,0.26754212379455566,2.551480520196492e-07,test_field
numba,512,64,32,1024,cpu,2,0.26024818420410156,2.481920091668144e-07,test_field
numba,512,64,32,1024,cpu,3,0.2666335105895996,2.5428153094253503e-07,test_field
numba,512,64,32,1024,cpu,4,0.2737722396850586,2.610895535326563e-07,test_field
jax,512,64,32,1024,cpu,0,1.5206849575042725,1.4502381873171544e-06,test_field
jax,512,64,32,1024,cpu,1,1.5203166007995605,1.4498868949885946e-06,test_field
jax,512,64,32,1024,cpu,2,1.5344011783599854,1.4633189948654035e-06,test_field
jax,512,64,32,1024,cpu,3,1.5237908363342285,1.4532001841871534e-06,test_field
jax,512,64,32,1024,cpu,4,1.5258519649505615,1.45516582961136e-06,test_field
jax,512,64,32,1024,gpu,0,0.13678431510925293,1.3044768820691388e-07,test_field
jax,512,64,32,1024,gpu,1,0.13751459121704102,1.311441337747965e-07,test_field
jax,512,64,32,1024,gpu,2,0.1392052173614502,1.3275644050736446e-07,test_field
jax,512,64,32,1024,gpu,3,0.1367206573486328,1.3038697943557054e-07,test_field
jax,512,64,32,1024,gpu,4,0.13257884979248047,1.264370439457707e-07,test_field
torch,512,64,32,1024,cpu,0,5.98010778427124,5.703075203200569e-06,test_field
torch,512,64,32,1024,cpu,1,5.6189916133880615,5.358687985790311e-06,test_field
torch,512,64,32,1024,cpu,2,5.702696323394775,5.438515017885948e-06,test_field
torch,512,64,32,1024,cpu,3,5.659549951553345,5.397367431214661e-06,test_field
torch,512,64,32,1024,cpu,4,5.6749107837677,5.412016662376118e-06,test_field
torch,512,64,32,1024,gpu,0,0.29546260833740234,2.8177510102977976e-07,test_field
torch,512,64,32,1024,gpu,1,0.32363033294677734,3.0863793654134497e-07,test_field
torch,512,64,32,1024,gpu,2,0.3738586902618408,3.56539430867997e-07,test_field
torch,512,64,32,1024,gpu,3,0.38454604148864746,3.667316832434153e-07,test_field
torch,512,64,32,1024,gpu,4,0.3165321350097656,3.0186856747604907e-07,test_field
gt4py,512,64,32,1024,cpu,0,4.618088483810425,4.404152377901482e-06,test_field
gt4py,512,64,32,1024,cpu,1,4.521766901016235,4.312292958275066e-06,test_field
gt4py,512,64,32,1024,cpu,2,4.617090702056885,4.4032008190697525e-06,test_field
gt4py,512,64,32,1024,cpu,3,4.616777658462524,4.4029022774338955e-06,test_field
gt4py,512,64,32,1024,cpu,4,4.486809253692627,4.278954747860553e-06,test_field
cupy,512,64,32,1024,gpu,0,0.23651695251464844,2.2556014300789684e-07,test_field
cupy,512,64,32,1024,gpu,1,0.24524354934692383,2.3388247427647002e-07,test_field
cupy,512,64,32,1024,gpu,2,0.23978734016418457,2.2867902771395165e-07,test_field
cupy,512,64,32,1024,gpu,3,0.24128103256225586,2.301035237906035e-07,test_field
cupy,512,64,32,1024,gpu,4,0.23001742362976074,2.193617092416389e-07,test_field
numpy,512,64,32,1024,cpu,0,6.049227952957153,5.768993332821992e-06,test_field
numpy,512,64,32,1024,cpu,1,5.8887457847595215,5.615945610770723e-06,test_field
numpy,512,64,32,1024,cpu,2,5.820782423019409,5.5511306982225506e-06,test_field
numpy,512,64,32,1024,cpu,3,5.965381860733032,5.689031468136818e-06,test_field
numpy,512,64,32,1024,cpu,4,5.937915086746216,5.662837111231056e-06,test_field
fortran,512,64,32,1024,cpu,0,0.563646364,5.375350608825684e-07,test_field
fortran,512,64,32,1024,cpu,1,0.562673402,5.366071720123291e-07,test_field
fortran,512,64,32,1024,cpu,2,0.569618855,5.432308721542358e-07,test_field
fortran,512,64,32,1024,cpu,3,0.565975477,5.397562761306762e-07,test_field
fortran,512,64,32,1024,cpu,4,0.571679049,5.451956262588501e-07,test_field
numba,512,64,64,1024,cpu,0,0.3515779972076416,1.6764545307523804e-07,test_field
numba,512,64,64,1024,cpu,1,0.3452949523925781,1.646494638407603e-07,test_field
numba,512,64,64,1024,cpu,2,0.3485431671142578,1.661983333178796e-07,test_field
numba,512,64,64,1024,cpu,3,0.3463132381439209,1.651350203246693e-07,test_field
numba,512,64,64,1024,cpu,4,0.33835387229919434,1.6133969893417088e-07,test_field
jax,512,64,64,1024,cpu,0,2.9277892112731934,1.3960786873212783e-06,test_field
jax,512,64,64,1024,cpu,1,2.932762622833252,1.3984501947561512e-06,test_field
jax,512,64,64,1024,cpu,2,2.920100212097168,1.3924122868047561e-06,test_field
jax,512,64,64,1024,cpu,3,2.9204342365264893,1.3925715620644041e-06,test_field
jax,512,64,64,1024,cpu,4,2.9193291664123535,1.3920446235715644e-06,test_field
jax,512,64,64,1024,gpu,0,0.14330077171325684,6.833113275206415e-08,test_field
jax,512,64,64,1024,gpu,1,0.14935517311096191,7.121809630916687e-08,test_field
jax,512,64,64,1024,gpu,2,0.1461963653564453,6.971185939619318e-08,test_field
jax,512,64,64,1024,gpu,3,0.14652752876281738,6.98697704137885e-08,test_field
jax,512,64,64,1024,gpu,4,0.14695262908935547,7.007247404544614e-08,test_field
torch,512,64,64,1024,cpu,0,11.067099571228027,5.277204309095396e-06,test_field
torch,512,64,64,1024,cpu,1,12.046685218811035,5.744307145505445e-06,test_field
torch,512,64,64,1024,cpu,2,12.084633350372314,5.762402224718244e-06,test_field
torch,512,64,64,1024,cpu,3,12.165400981903076,5.800915232612169e-06,test_field
torch,512,64,64,1024,cpu,4,11.884371995925903,5.666910169566108e-06,test_field
torch,512,64,64,1024,gpu,0,0.2995903491973877,1.4285581073636422e-07,test_field
torch,512,64,64,1024,gpu,1,0.261944055557251,1.2490465906012105e-07,test_field
torch,512,64,64,1024,gpu,2,0.3144686222076416,1.4995032415754395e-07,test_field
torch,512,64,64,1024,gpu,3,0.37119531631469727,1.7699971976981033e-07,test_field
torch,512,64,64,1024,gpu,4,0.29291248321533203,1.3967155609861948e-07,test_field
gt4py,512,64,64,1024,cpu,0,9.215002536773682,4.39405562246975e-06,test_field
gt4py,512,64,64,1024,cpu,1,8.933250188827515,4.259705633558042e-06,test_field
gt4py,512,64,64,1024,cpu,2,8.850015640258789,4.220016307954211e-06,test_field
gt4py,512,64,64,1024,cpu,3,8.900977849960327,4.244316983204044e-06,test_field
gt4py,512,64,64,1024,cpu,4,8.928935527801514,4.257648242855794e-06,test_field
cupy,512,64,64,1024,gpu,0,0.23924469947814941,1.1408076261432143e-07,test_field
cupy,512,64,64,1024,gpu,1,0.2410888671875,1.1496013030409813e-07,test_field
cupy,512,64,64,1024,gpu,2,0.23866629600524902,1.1380495834600879e-07,test_field
cupy,512,64,64,1024,gpu,3,0.2443995475769043,1.1653878573270049e-07,test_field
cupy,512,64,64,1024,gpu,4,0.24487829208374023,1.167670689028455e-07,test_field
numpy,512,64,64,1024,cpu,0,13.53950834274292,6.4561406816210365e-06,test_field
numpy,512,64,64,1024,cpu,1,13.38817286491394,6.383978302437754e-06,test_field
numpy,512,64,64,1024,cpu,2,13.44111704826355,6.409224056369567e-06,test_field
numpy,512,64,64,1024,cpu,3,13.377642393112183,6.3789569821892655e-06,test_field
numpy,512,64,64,1024,cpu,4,13.35715365409851,6.369187190102821e-06,test_field
fortran,512,64,64,1024,cpu,0,1.167424881,5.566715626716614e-07,test_field
fortran,512,64,64,1024,cpu,1,1.151396687,5.49028724193573e-07,test_field
fortran,512,64,64,1024,cpu,2,1.190828309,5.678311867713928e-07,test_field
fortran,512,64,64,1024,cpu,3,1.179580838,5.624679746627807e-07,test_field
fortran,512,64,64,1024,cpu,4,1.186565589,5.657985634803772e-07,test_field
numba,512,128,16,1024,cpu,0,0.42298388481140137,4.033888671983732e-07,test_field
numba,512,128,16,1024,cpu,1,0.4270970821380615,4.0731151784711983e-07,test_field
numba,512,128,16,1024,cpu,2,0.4262378215789795,4.064920631208224e-07,test_field
numba,512,128,16,1024,cpu,3,0.4431135654449463,4.225860266160453e-07,test_field
numba,512,128,16,1024,cpu,4,0.4104588031768799,3.9144401853263844e-07,test_field
jax,512,128,16,1024,cpu,0,1.5085430145263672,1.4386587281478569e-06,test_field
jax,512,128,16,1024,cpu,1,1.508606195449829,1.4387189821718493e-06,test_field
jax,512,128,16,1024,cpu,2,1.505802869796753,1.4360455224959878e-06,test_field
jax,512,128,16,1024,cpu,3,1.5219738483428955,1.4514673694066005e-06,test_field
jax,512,128,16,1024,cpu,4,1.5150773525238037,1.4448903584707296e-06,test_field
jax,512,128,16,1024,gpu,0,0.13266777992248535,1.2652185432671104e-07,test_field
jax,512,128,16,1024,gpu,1,0.13739609718322754,1.3103112905810121e-07,test_field
jax,512,128,16,1024,gpu,2,0.13402390480041504,1.2781515579263214e-07,test_field
jax,512,128,16,1024,gpu,3,0.13239407539367676,1.262608293473022e-07,test_field
jax,512,128,16,1024,gpu,4,0.13636398315429688,1.3004682841710746e-07,test_field
torch,512,128,16,1024,cpu,0,6.086350202560425,5.804395868835854e-06,test_field
torch,512,128,16,1024,cpu,1,6.011144399642944,5.732674026148743e-06,test_field
torch,512,128,16,1024,cpu,2,5.978997707366943,5.702016551367706e-06,test_field
torch,512,128,16,1024,cpu,3,5.982784271240234,5.705627700081095e-06,test_field
torch,512,128,16,1024,cpu,4,6.029911756515503,5.7505719723849325e-06,test_field
torch,512,128,16,1024,gpu,0,0.37036919593811035,3.5321158975420985e-07,test_field
torch,512,128,16,1024,gpu,1,0.31670236587524414,3.0203091228031553e-07,test_field
torch,512,128,16,1024,gpu,2,0.4014894962310791,3.8289022086246405e-07,test_field
torch,512,128,16,1024,gpu,3,0.3412642478942871,3.254549483244773e-07,test_field
torch,512,128,16,1024,gpu,4,0.3205444812774658,3.056950390600832e-07,test_field
gt4py,512,128,16,1024,cpu,0,4.507856369018555,4.29902684118133e-06,test_field
gt4py,512,128,16,1024,cpu,1,4.469964265823364,4.262890115569462e-06,test_field
gt4py,512,128,16,1024,cpu,2,4.581863880157471,4.369605903775664e-06,test_field
gt4py,512,128,16,1024,cpu,3,4.512037038803101,4.3030138385802275e-06,test_field
gt4py,512,128,16,1024,cpu,4,4.5797951221466064,4.367632982393843e-06,test_field
cupy,512,128,16,1024,gpu,0,0.23462629318237305,2.23757069761632e-07,test_field
cupy,512,128,16,1024,gpu,1,0.23665499687194824,2.2569179236597847e-07,test_field
cupy,512,128,16,1024,gpu,2,0.23752379417419434,2.265203420392936e-07,test_field
cupy,512,128,16,1024,gpu,3,0.2436690330505371,2.3238089852384292e-07,test_field
cupy,512,128,16,1024,gpu,4,0.23381996154785156,2.22988091991283e-07,test_field
numpy,512,128,16,1024,cpu,0,5.812580823898315,5.543309043787303e-06,test_field
numpy,512,128,16,1024,cpu,1,5.825344800949097,5.555481720875832e-06,test_field
numpy,512,128,16,1024,cpu,2,5.733283519744873,5.467685241455911e-06,test_field
numpy,512,128,16,1024,cpu,3,5.731543302536011,5.466025640998851e-06,test_field
numpy,512,128,16,1024,cpu,4,5.70868992805481,5.444230964712915e-06,test_field
fortran,512,128,16,1024,cpu,0,0.556310694,5.305392208099365e-07,test_field
fortran,512,128,16,1024,cpu,1,0.554543835,5.288542127609253e-07,test_field
fortran,512,128,16,1024,cpu,2,0.55553267,5.297972393035888e-07,test_field
fortran,512,128,16,1024,cpu,3,0.552300224,5.267145385742188e-07,test_field
fortran,512,128,16,1024,cpu,4,0.552570137,5.269719476699829e-07,test_field
numba,512,128,32,1024,cpu,0,0.4593820571899414,2.190504346799571e-07,test_field
numba,512,128,32,1024,cpu,1,0.4581763744354248,2.184755203415989e-07,test_field
numba,512,128,32,1024,cpu,2,0.4536595344543457,2.1632172320096288e-07,test_field
numba,512,128,32,1024,cpu,3,0.4432501792907715,2.1135815586603712e-07,test_field
numba,512,128,32,1024,cpu,4,0.45607471466064453,2.1747337086708285e-07,test_field
jax,512,128,32,1024,cpu,0,2.8857247829437256,1.3760208048552158e-06,test_field
jax,512,128,32,1024,cpu,1,2.8915581703186035,1.3788023807137506e-06,test_field
jax,512,128,32,1024,cpu,2,2.8829493522644043,1.3746973763772985e-06,test_field
jax,512,128,32,1024,cpu,3,2.891016960144043,1.3785443115921225e-06,test_field
jax,512,128,32,1024,cpu,4,2.8778862953186035,1.3722831226914423e-06,test_field
jax,512,128,32,1024,gpu,0,0.14478039741516113,6.90366732669645e-08,test_field
jax,512,128,32,1024,gpu,1,0.15050101280212402,7.176447525125695e-08,test_field
jax,512,128,32,1024,gpu,2,0.15004515647888184,7.154710601753322e-08,test_field
jax,512,128,32,1024,gpu,3,0.1432361602783203,6.830032361904159e-08,test_field
jax,512,128,32,1024,gpu,4,0.14520001411437988,6.923676210135454e-08,test_field
torch,512,128,32,1024,cpu,0,11.322460174560547,5.39896973350551e-06,test_field
torch,512,128,32,1024,cpu,1,11.201399803161621,5.341243650036631e-06,test_field
torch,512,128,32,1024,cpu,2,11.232123851776123,5.355894018066465e-06,test_field
torch,512,128,32,1024,cpu,3,11.282508611679077,5.379919343795336e-06,test_field
torch,512,128,32,1024,cpu,4,11.237565755844116,5.358488920137461e-06,test_field
torch,512,128,32,1024,gpu,0,0.3421194553375244,1.6313526884914609e-07,test_field
torch,512,128,32,1024,gpu,1,0.3397026062011719,1.6198282537516207e-07,test_field
torch,512,128,32,1024,gpu,2,0.3138289451599121,1.4964530237193685e-07,test_field
torch,512,128,32,1024,gpu,3,0.339949369430542,1.6210049125220394e-07,test_field
torch,512,128,32,1024,gpu,4,0.29769396781921387,1.4195154562912649e-07,test_field
gt4py,512,128,32,1024,cpu,0,8.777469396591187,4.18542356328544e-06,test_field
gt4py,512,128,32,1024,cpu,1,8.988214254379272,4.285914542379032e-06,test_field
gt4py,512,128,32,1024,cpu,2,8.778676509857178,4.185999159744824e-06,test_field
gt4py,512,128,32,1024,cpu,3,8.788830041885376,4.190840741102875e-06,test_field
gt4py,512,128,32,1024,cpu,4,9.690585613250732,4.620831305146567e-06,test_field
cupy,512,128,32,1024,gpu,0,0.2369849681854248,1.1300323876639595e-07,test_field
cupy,512,128,32,1024,gpu,1,0.2478952407836914,1.1820566214737482e-07,test_field
cupy,512,128,32,1024,gpu,2,0.2435767650604248,1.1614645245572319e-07,test_field
cupy,512,128,32,1024,gpu,3,0.23929810523986816,1.1410622846597107e-07,test_field
cupy,512,128,32,1024,gpu,4,0.23846983909606934,1.1371128039172618e-07,test_field
numpy,512,128,32,1024,cpu,0,13.092742681503296,6.243106213332794e-06,test_field
numpy,512,128,32,1024,cpu,1,13.023946762084961,6.210301762621384e-06,test_field
numpy,512,128,32,1024,cpu,2,13.007503747940063,6.202461122484237e-06,test_field
numpy,512,128,32,1024,cpu,3,13.050147771835327,6.222795377652801e-06,test_field
numpy,512,128,32,1024,cpu,4,13.088664770126343,6.241161713660404e-06,test_field
fortran,512,128,32,1024,cpu,0,1.163237054,5.546746511459351e-07,test_field
fortran,512,128,32,1024,cpu,1,1.149387234,5.480705423355102e-07,test_field
fortran,512,128,32,1024,cpu,2,1.158762566,5.525410490036011e-07,test_field
fortran,512,128,32,1024,cpu,3,1.148606938,5.476984682083129e-07,test_field
fortran,512,128,32,1024,cpu,4,1.14978991,5.482625532150268e-07,test_field
numba,512,128,64,1024,cpu,0,0.5460019111633301,1.3017699984629871e-07,test_field
numba,512,128,64,1024,cpu,1,0.5248556137084961,1.251353296538582e-07,test_field
numba,512,128,64,1024,cpu,2,0.5211071968078613,1.2424163742252858e-07,test_field
numba,512,128,64,1024,cpu,3,0.5187375545501709,1.23676670682471e-07,test_field
numba,512,128,64,1024,cpu,4,0.5256013870239258,1.2531313586805481e-07,test_field
jax,512,128,64,1024,cpu,0,5.702902317047119,1.3596778671853826e-06,test_field
jax,512,128,64,1024,cpu,1,5.687770366668701,1.3560701290771249e-06,test_field
jax,512,128,64,1024,cpu,2,5.70843768119812,1.360997600841074e-06,test_field
jax,512,128,64,1024,cpu,3,5.70986008644104,1.3613367286779976e-06,test_field
jax,512,128,64,1024,cpu,4,5.6899449825286865,1.3565885979005543e-06,test_field
jax,512,128,64,1024,gpu,0,0.17145514488220215,4.087809202246717e-08,test_field
jax,512,128,64,1024,gpu,1,0.17615008354187012,4.19974526266742e-08,test_field
jax,512,128,64,1024,gpu,2,0.17203998565673828,4.1017528928932734e-08,test_field
jax,512,128,64,1024,gpu,3,0.17610502243041992,4.198670922050951e-08,test_field
jax,512,128,64,1024,gpu,4,0.16838884353637695,4.014702881249832e-08,test_field
torch,512,128,64,1024,cpu,0,27.51487898826599,6.560058352533815e-06,test_field
torch,512,128,64,1024,cpu,1,27.66074562072754,6.594835667783627e-06,test_field
torch,512,128,64,1024,cpu,2,27.632287740707397,6.588050780464982e-06,test_field
torch,512,128,64,1024,cpu,3,27.506097078323364,6.557964582043496e-06,test_field
torch,512,128,64,1024,cpu,4,27.668368816375732,6.596653179258283e-06,test_field
torch,512,128,64,1024,gpu,0,0.4445619583129883,1.0599183042359073e-07,test_field
torch,512,128,64,1024,gpu,1,0.44700145721435547,1.0657345228537451e-07,test_field
torch,512,128,64,1024,gpu,2,0.44622159004211426,1.0638751746228081e-07,test_field
torch,512,128,64,1024,gpu,3,0.4475281238555908,1.0669901939763804e-07,test_field
torch,512,128,64,1024,gpu,4,0.4447464942932129,1.0603582722978899e-07,test_field
gt4py,512,128,64,1024,cpu,0,17.407689332962036,4.150316556206235e-06,test_field
gt4py,512,128,64,1024,cpu,1,17.41892170906067,4.152994563355605e-06,test_field
gt4py,512,128,64,1024,cpu,2,17.677878618240356,4.214734701690759e-06,test_field
gt4py,512,128,64,1024,cpu,3,17.719538688659668,4.224667236485402e-06,test_field
gt4py,512,128,64,1024,cpu,4,17.428931951522827,4.155381191139895e-06,test_field
cupy,512,128,64,1024,gpu,0,0.46190667152404785,1.1012713230229565e-07,test_field
cupy,512,128,64,1024,gpu,1,0.4620361328125,1.1015799827873707e-07,test_field
cupy,512,128,64,1024,gpu,2,0.458667516708374,1.0935485761365271e-07,test_field
cupy,512,128,64,1024,gpu,3,0.4624776840209961,1.1026327229046728e-07,test_field
cupy,512,128,64,1024,gpu,4,0.46252870559692383,1.102754367821035e-07,test_field
numpy,512,128,64,1024,cpu,0,38.111263036727905,9.086433180982567e-06,test_field
numpy,512,128,64,1024,cpu,1,38.3167564868927,9.135426637385535e-06,test_field
numpy,512,128,64,1024,cpu,2,37.99034833908081,9.057604870577052e-06,test_field
numpy,512,128,64,1024,cpu,3,38.69089221954346,9.22462754715525e-06,test_field
numpy,512,128,64,1024,cpu,4,37.87282037734985,9.029584020936454e-06,test_field
fortran,512,128,64,1024,cpu,0,2.41403702,5.755512762069702e-07,test_field
fortran,512,128,64,1024,cpu,1,2.402410301,5.727792503833771e-07,test_field
fortran,512,128,64,1024,cpu,2,2.365215022,5.639112048149109e-07,test_field
fortran,512,128,64,1024,cpu,3,2.379241157,5.672552959918976e-07,test_field
fortran,512,128,64,1024,cpu,4,2.389842243,5.69782791852951e-07,test_field
numba,512,256,16,1024,cpu,0,0.6794407367706299,3.2398259008914465e-07,test_field
numba,512,256,16,1024,cpu,1,0.6882951259613037,3.2820469186845003e-07,test_field
numba,512,256,16,1024,cpu,2,0.6564173698425293,3.1300419323088136e-07,test_field
numba,512,256,16,1024,cpu,3,0.6667325496673584,3.1792285426490707e-07,test_field
numba,512,256,16,1024,cpu,4,0.6572351455688477,3.133941390842665e-07,test_field
jax,512,256,16,1024,cpu,0,2.8762969970703125,1.37152528623119e-06,test_field
jax,512,256,16,1024,cpu,1,2.8767411708831787,1.3717370848098653e-06,test_field
jax,512,256,16,1024,cpu,2,2.8838768005371094,1.3751396181760356e-06,test_field
jax,512,256,16,1024,cpu,3,2.8807601928710938,1.3736535038333386e-06,test_field
jax,512,256,16,1024,cpu,4,2.8882763385772705,1.3772374813925126e-06,test_field
jax,512,256,16,1024,gpu,0,0.1455364227294922,6.939717422937974e-08,test_field
jax,512,256,16,1024,gpu,1,0.15025043487548828,7.164499038481154e-08,test_field
jax,512,256,16,1024,gpu,2,0.14364171028137207,6.849370493000606e-08,test_field
jax,512,256,16,1024,gpu,3,0.14703726768493652,7.011283287283732e-08,test_field
jax,512,256,16,1024,gpu,4,0.15203475952148438,7.249582267832011e-08,test_field
torch,512,256,16,1024,cpu,0,10.921988725662231,5.208010065871349e-06,test_field
torch,512,256,16,1024,cpu,1,11.689929246902466,5.574192641688569e-06,test_field
torch,512,256,16,1024,cpu,2,11.023309469223022,5.256323561297904e-06,test_field
torch,512,256,16,1024,cpu,3,11.620305061340332,5.540993242902914e-06,test_field
torch,512,256,16,1024,cpu,4,11.420401334762573,5.445671718007361e-06,test_field
torch,512,256,16,1024,gpu,0,0.37340307235717773,1.780524598871125e-07,test_field
torch,512,256,16,1024,gpu,1,0.3064603805541992,1.4613169696531259e-07,test_field
torch,512,256,16,1024,gpu,2,0.3734288215637207,1.7806473806558643e-07,test_field
torch,512,256,16,1024,gpu,3,0.31403183937072754,1.4974204987083795e-07,test_field
torch,512,256,16,1024,gpu,4,0.31873631477355957,1.5198531855276087e-07,test_field
gt4py,512,256,16,1024,cpu,0,8.771710872650146,4.1826776850939495e-06,test_field
gt4py,512,256,16,1024,cpu,1,9.748345851898193,4.648373533200356e-06,test_field
gt4py,512,256,16,1024,cpu,2,8.78049373626709,4.1868656808219384e-06,test_field
gt4py,512,256,16,1024,cpu,3,9.020490169525146,4.301304898035596e-06,test_field
gt4py,512,256,16,1024,cpu,4,9.846768379211426,4.695305051427567e-06,test_field
cupy,512,256,16,1024,gpu,0,0.23289132118225098,1.110512357627158e-07,test_field
cupy,512,256,16,1024,gpu,1,0.24605679512023926,1.1732902294170344e-07,test_field
cupy,512,256,16,1024,gpu,2,0.24271655082702637,1.157362703452236e-07,test_field
cupy,512,256,16,1024,gpu,3,0.23659920692443848,1.1281929346296238e-07,test_field
cupy,512,256,16,1024,gpu,4,0.2418363094329834,1.153165385403554e-07,test_field
numpy,512,256,16,1024,cpu,0,12.763676881790161,6.086195412535744e-06,test_field
numpy,512,256,16,1024,cpu,1,12.652333736419678,6.0331028635118855e-06,test_field
numpy,512,256,16,1024,cpu,2,12.72264552116394,6.06663013513753e-06,test_field
numpy,512,256,16,1024,cpu,3,12.736842155456543,6.073399617889663e-06,test_field
numpy,512,256,16,1024,cpu,4,12.856797218322754,6.1305986491788644e-06,test_field
fortran,512,256,16,1024,cpu,0,1.101257483,5.251204886436462e-07,test_field
fortran,512,256,16,1024,cpu,1,1.110726508,5.296356716156006e-07,test_field
fortran,512,256,16,1024,cpu,2,1.113992712,5.311931190490722e-07,test_field
fortran,512,256,16,1024,cpu,3,1.118087436,5.331456356048584e-07,test_field
fortran,512,256,16,1024,cpu,4,1.109541743,5.290707316398621e-07,test_field
numba,512,256,32,1024,cpu,0,0.7678403854370117,1.8306741367268842e-07,test_field
numba,512,256,32,1024,cpu,1,0.7539262771606445,1.7975003174797166e-07,test_field
numba,512,256,32,1024,cpu,2,0.7423338890075684,1.7698619103612145e-07,test_field
numba,512,256,32,1024,cpu,3,0.747788667678833,1.7828671161623788e-07,test_field
numba,512,256,32,1024,cpu,4,0.7444815635681152,1.774982365532196e-07,test_field
jax,512,256,32,1024,cpu,0,5.661433935165405,1.3497910344995034e-06,test_field
jax,512,256,32,1024,cpu,1,5.665608167648315,1.3507862490769185e-06,test_field
jax,512,256,32,1024,cpu,2,5.680348873138428,1.3543007071348256e-06,test_field
jax,512,256,32,1024,cpu,3,5.67568826675415,1.3531895319829346e-06,test_field
jax,512,256,32,1024,cpu,4,5.675759553909302,1.353206528165174e-06,test_field
jax,512,256,32,1024,gpu,0,0.17577219009399414,4.190735580777982e-08,test_field
jax,512,256,32,1024,gpu,1,0.17260980606079102,4.1153384700010065e-08,test_field
jax,512,256,32,1024,gpu,2,0.17570066452026367,4.189030278212158e-08,test_field
jax,512,256,32,1024,gpu,3,0.1779918670654297,4.2436568037373945e-08,test_field
jax,512,256,32,1024,gpu,4,0.17904162406921387,4.268684961061808e-08,test_field
torch,512,256,32,1024,cpu,0,26.472118139266968,6.311444792572729e-06,test_field
torch,512,256,32,1024,cpu,1,26.748308658599854,6.377293743753398e-06,test_field
torch,512,256,32,1024,cpu,2,26.00312042236328,6.199627023306675e-06,test_field
torch,512,256,32,1024,cpu,3,25.941391944885254,6.184909807416261e-06,test_field
torch,512,256,32,1024,cpu,4,26.555318355560303,6.331281269922329e-06,test_field
torch,512,256,32,1024,gpu,0,0.44268369674682617,1.0554401796980528e-07,test_field
torch,512,256,32,1024,gpu,1,0.4427309036254883,1.0555527296673972e-07,test_field
torch,512,256,32,1024,gpu,2,0.4427769184112549,1.0556624374657986e-07,test_field
torch,512,256,32,1024,gpu,3,0.44501471519470215,1.060997760760074e-07,test_field
torch,512,256,32,1024,gpu,4,0.44524240493774414,1.0615406154101947e-07,test_field
gt4py,512,256,32,1024,cpu,0,17.63366198539734,4.204192634915671e-06,test_field
gt4py,512,256,32,1024,cpu,1,17.689969062805176,4.217617288304609e-06,test_field
gt4py,512,256,32,1024,cpu,2,17.406566381454468,4.1500488237034006e-06,test_field
gt4py,512,256,32,1024,cpu,3,17.53180480003357,4.179907989509957e-06,test_field
gt4py,512,256,32,1024,cpu,4,17.767847299575806,4.236184906858398e-06,test_field
cupy,512,256,32,1024,gpu,0,0.45859766006469727,1.093382024919265e-07,test_field
cupy,512,256,32,1024,gpu,1,0.45641136169433594,1.0881694834097289e-07,test_field
cupy,512,256,32,1024,gpu,2,0.4560508728027344,1.0873100109165534e-07,test_field
cupy,512,256,32,1024,gpu,3,0.45951199531555176,1.095561970032577e-07,test_field
cupy,512,256,32,1024,gpu,4,0.46003198623657227,1.0968017249979312e-07,test_field
numpy,512,256,32,1024,cpu,0,38.129040241241455,9.090671596823086e-06,test_field
numpy,512,256,32,1024,cpu,1,37.76820921897888,9.004642777199479e-06,test_field
numpy,512,256,32,1024,cpu,2,37.899964809417725,9.036055757860595e-06,test_field
numpy,512,256,32,1024,cpu,3,38.354243993759155,9.144364355506696e-06,test_field
numpy,512,256,32,1024,cpu,4,37.88651371002197,9.032848765855306e-06,test_field
fortran,512,256,32,1024,cpu,0,2.332717853,5.561632759571076e-07,test_field
fortran,512,256,32,1024,cpu,1,2.317282193,5.524831278324127e-07,test_field
fortran,512,256,32,1024,cpu,2,2.31517893,5.519816708564758e-07,test_field
fortran,512,256,32,1024,cpu,3,2.318343314,5.527361187934875e-07,test_field
fortran,512,256,32,1024,cpu,4,2.331244137,5.558119146823883e-07,test_field
numba,512,256,64,1024,cpu,0,1.241999864578247,1.4805792147853936e-07,test_field
numba,512,256,64,1024,cpu,1,1.2418694496154785,1.4804237480348093e-07,test_field
numba,512,256,64,1024,cpu,2,1.2647271156311035,1.5076722092999262e-07,test_field
numba,512,256,64,1024,cpu,3,1.2409460544586182,1.4793229752285697e-07,test_field
numba,512,256,64,1024,cpu,4,1.2369980812072754,1.474616624363989e-07,test_field
jax,512,256,64,1024,cpu,0,11.415667295455933,1.3608535880393902e-06,test_field
jax,512,256,64,1024,cpu,1,11.424502611160278,1.361906839747462e-06,test_field
jax,512,256,64,1024,cpu,2,11.378980875015259,1.3564802259224962e-06,test_field
jax,512,256,64,1024,cpu,3,11.42572808265686,1.3620529273339343e-06,test_field
jax,512,256,64,1024,cpu,4,11.309717416763306,1.3482233782724506e-06,test_field
jax,512,256,64,1024,gpu,0,0.2274012565612793,2.7108342237625038e-08,test_field
jax,512,256,64,1024,gpu,1,0.23059391975402832,2.7488937348607578e-08,test_field
jax,512,256,64,1024,gpu,2,0.227830171585083,2.7159472892890335e-08,test_field
jax,512,256,64,1024,gpu,3,0.22341012954711914,2.6632562821760075e-08,test_field
jax,512,256,64,1024,gpu,4,0.22654056549072266,2.700573986658128e-08,test_field
torch,512,256,64,1024,cpu,0,71.56809425354004,8.531581670467858e-06,test_field
torch,512,256,64,1024,cpu,1,70.75610136985779,8.434784575683807e-06,test_field
torch,512,256,64,1024,cpu,2,70.78736972808838,8.438512054453895e-06,test_field
torch,512,256,64,1024,cpu,3,70.91996383666992,8.45431850393652e-06,test_field
torch,512,256,64,1024,cpu,4,71.35835313796997,8.506578581091162e-06,test_field
torch,512,256,64,1024,gpu,0,0.8239104747772217,9.821778235163947e-08,test_field
torch,512,256,64,1024,gpu,1,0.8221826553344727,9.801181022339733e-08,test_field
torch,512,256,64,1024,gpu,2,0.8243839740753174,9.827422786656825e-08,test_field
torch,512,256,64,1024,gpu,3,0.8239333629608154,9.822051083574479e-08,test_field
torch,512,256,64,1024,gpu,4,0.8221573829650879,9.800879752219771e-08,test_field
gt4py,512,256,64,1024,cpu,0,34.377861738204956,4.098160474086399e-06,test_field
gt4py,512,256,64,1024,cpu,1,34.436482667922974,4.10514863347089e-06,test_field
gt4py,512,256,64,1024,cpu,2,34.9771625995636,4.169602703996134e-06,test_field
gt4py,512,256,64,1024,cpu,3,34.955769300460815,4.1670524240089435e-06,test_field
gt4py,512,256,64,1024,cpu,4,34.555192708969116,4.1192999731265445e-06,test_field
cupy,512,256,64,1024,gpu,0,0.8479187488555908,1.010797916478623e-07,test_field
cupy,512,256,64,1024,gpu,1,0.8434784412384033,1.0055046573143045e-07,test_field
cupy,512,256,64,1024,gpu,2,0.8442726135253906,1.0064513844554313e-07,test_field
cupy,512,256,64,1024,gpu,3,0.8434147834777832,1.0054287713501253e-07,test_field
cupy,512,256,64,1024,gpu,4,0.8449952602386475,1.0073128464682668e-07,test_field
numpy,512,256,64,1024,cpu,0,89.67362332344055,1.0689928927831716e-05,test_field
numpy,512,256,64,1024,cpu,1,91.32134294509888,1.0886352413308487e-05,test_field
numpy,512,256,64,1024,cpu,2,91.1044442653656,1.086049607579298e-05,test_field
numpy,512,256,64,1024,cpu,3,91.29667639732361,1.0883411931672526e-05,test_field
numpy,512,256,64,1024,cpu,4,90.02637386322021,1.0731980069067504e-05,test_field
fortran,512,256,64,1024,cpu,0,5.151966976,6.141623229980468e-07,test_field
fortran,512,256,64,1024,cpu,1,4.82863763,5.756184613704682e-07,test_field
fortran,512,256,64,1024,cpu,2,4.816488079,5.741701220273972e-07,test_field
fortran,512,256,64,1024,cpu,3,4.75368182,5.666830325126648e-07,test_field
fortran,512,256,64,1024,cpu,4,4.79631685,5.717655241489411e-07,test_field
numba,512,512,16,1024,cpu,0,1.0938246250152588,2.607881128824374e-07,test_field
numba,512,512,16,1024,cpu,1,1.0761990547180176,2.5658584945631446e-07,test_field
numba,512,512,16,1024,cpu,2,1.0854485034942627,2.587910898910195e-07,test_field
numba,512,512,16,1024,cpu,3,1.0794899463653564,2.573704591668502e-07,test_field
numba,512,512,16,1024,cpu,4,1.2722315788269043,3.0332364531204803e-07,test_field
jax,512,512,16,1024,cpu,0,5.6479527950286865,1.346576880223438e-06,test_field
jax,512,512,16,1024,cpu,1,5.632154703140259,1.342810321602883e-06,test_field
jax,512,512,16,1024,cpu,2,5.654398202896118,1.348113585208921e-06,test_field
jax,512,512,16,1024,cpu,3,5.643120765686035,1.345424834653386e-06,test_field
jax,512,512,16,1024,cpu,4,5.659209489822388,1.349260685401532e-06,test_field
jax,512,512,16,1024,gpu,0,0.178056001663208,4.24518589170475e-08,test_field
jax,512,512,16,1024,gpu,1,0.17647671699523926,4.207532811051351e-08,test_field
jax,512,512,16,1024,gpu,2,0.1764225959777832,4.206242465443211e-08,test_field
jax,512,512,16,1024,gpu,3,0.17698431015014648,4.219634774926817e-08,test_field
jax,512,512,16,1024,gpu,4,0.17502880096435547,4.173011802777182e-08,test_field
torch,512,512,16,1024,cpu,0,26.22439217567444,6.252382320326433e-06,test_field
torch,512,512,16,1024,cpu,1,27.502272844314575,6.557052813604969e-06,test_field
torch,512,512,16,1024,cpu,2,27.38053584098816,6.5280284502478025e-06,test_field
torch,512,512,16,1024,cpu,3,27.453721046447754,6.545477162944735e-06,test_field
torch,512,512,16,1024,cpu,4,26.2703697681427,6.2633442325932265e-06,test_field
torch,512,512,16,1024,gpu,0,0.4445230960845947,1.0598256494631642e-07,test_field
torch,512,512,16,1024,gpu,1,0.4443635940551758,1.0594453669909853e-07,test_field
torch,512,512,16,1024,gpu,2,0.44455480575561523,1.059901251210249e-07,test_field
torch,512,512,16,1024,gpu,3,0.4440619945526123,1.0587262977423961e-07,test_field
torch,512,512,16,1024,gpu,4,0.4445667266845703,1.0599296729196794e-07,test_field
gt4py,512,512,16,1024,cpu,0,17.55244779586792,4.184829663245182e-06,test_field
gt4py,512,512,16,1024,cpu,1,17.548309564590454,4.183843032024015e-06,test_field
gt4py,512,512,16,1024,cpu,2,17.58885169029236,4.19350902802762e-06,test_field
gt4py,512,512,16,1024,cpu,3,17.353849172592163,4.1374800616722496e-06,test_field
gt4py,512,512,16,1024,cpu,4,17.26715660095215,4.116810941923177e-06,test_field
cupy,512,512,16,1024,gpu,0,0.4555482864379883,1.0861117516469676e-07,test_field
cupy,512,512,16,1024,gpu,1,0.4592442512512207,1.09492361843877e-07,test_field
cupy,512,512,16,1024,gpu,2,0.459716796875,1.0960502550005913e-07,test_field
cupy,512,512,16,1024,gpu,3,0.4555938243865967,1.0862203225769917e-07,test_field
cupy,512,512,16,1024,gpu,4,0.4552435874938965,1.0853852927539265e-07,test_field
numpy,512,512,16,1024,cpu,0,38.21796417236328,9.111872714129277e-06,test_field
numpy,512,512,16,1024,cpu,1,38.18483018875122,9.103972956836515e-06,test_field
numpy,512,512,16,1024,cpu,2,37.90154314041138,9.036432061293453e-06,test_field
numpy,512,512,16,1024,cpu,3,37.87230205535889,9.02946044334385e-06,test_field
numpy,512,512,16,1024,cpu,4,38.16321277618408,9.098818964048405e-06,test_field
fortran,512,512,16,1024,cpu,0,2.369215204,5.648649225234986e-07,test_field
fortran,512,512,16,1024,cpu,1,2.377381645,5.668119537830352e-07,test_field
fortran,512,512,16,1024,cpu,2,2.339186641,5.577055552005768e-07,test_field
fortran,512,512,16,1024,cpu,3,2.322121398,5.536368842124939e-07,test_field
fortran,512,512,16,1024,cpu,4,2.324485904,5.54200626373291e-07,test_field
numba,512,512,32,1024,cpu,0,1.3652284145355225,1.627479093713191e-07,test_field
numba,512,512,32,1024,cpu,1,1.3565731048583984,1.6171611605386715e-07,test_field
numba,512,512,32,1024,cpu,2,1.364067554473877,1.6260952406810247e-07,test_field
numba,512,512,32,1024,cpu,3,1.640760898590088,1.9559394104362582e-07,test_field
numba,512,512,32,1024,cpu,4,1.3822343349456787,1.6477517306157097e-07,test_field
jax,512,512,32,1024,cpu,0,11.300960540771484,1.3471794773067813e-06,test_field
jax,512,512,32,1024,cpu,1,11.292847394943237,1.3462123149565741e-06,test_field
jax,512,512,32,1024,cpu,2,11.295944690704346,1.3465815413837845e-06,test_field
jax,512,512,32,1024,cpu,3,11.3171067237854,1.3491042523128272e-06,test_field
jax,512,512,32,1024,cpu,4,11.323062658309937,1.349814255036108e-06,test_field
jax,512,512,32,1024,gpu,0,0.2305595874786377,2.74848446224496e-08,test_field
jax,512,512,32,1024,gpu,1,0.23664283752441406,2.821002453856636e-08,test_field
jax,512,512,32,1024,gpu,2,0.23117566108703613,2.7558286319617764e-08,test_field
jax,512,512,32,1024,gpu,3,0.2310175895690918,2.7539442726265406e-08,test_field
jax,512,512,32,1024,gpu,4,0.23332667350769043,2.781470698209887e-08,test_field
torch,512,512,32,1024,cpu,0,66.57133507728577,7.93592155901024e-06,test_field
torch,512,512,32,1024,cpu,1,69.91407513618469,8.334407226584517e-06,test_field
torch,512,512,32,1024,cpu,2,69.44552564620972,8.27855177476522e-06,test_field
torch,512,512,32,1024,cpu,3,69.31564116477966,8.263068338010271e-06,test_field
torch,512,512,32,1024,cpu,4,69.5452675819397,8.29044194006201e-06,test_field
torch,512,512,32,1024,gpu,0,0.8221650123596191,9.800970701689948e-08,test_field
torch,512,512,32,1024,gpu,1,0.8203916549682617,9.779830634215614e-08,test_field
torch,512,512,32,1024,gpu,2,0.8224141597747803,9.803940770325426e-08,test_field
torch,512,512,32,1024,gpu,3,0.822941780090332,9.810230494622374e-08,test_field
torch,512,512,32,1024,gpu,4,0.8203697204589844,9.779569154488854e-08,test_field
gt4py,512,512,32,1024,cpu,0,34.864962339401245,4.156227390694767e-06,test_field
gt4py,512,512,32,1024,cpu,1,34.3176383972168,4.090981292392826e-06,test_field
gt4py,512,512,32,1024,cpu,2,34.875845193862915,4.157524728043427e-06,test_field
gt4py,512,512,32,1024,cpu,3,34.30383086204529,4.089335305934583e-06,test_field
gt4py,512,512,32,1024,cpu,4,34.31518220901489,4.090688491942274e-06,test_field
cupy,512,512,32,1024,gpu,0,0.8441824913024902,1.0063439503937843e-07,test_field
cupy,512,512,32,1024,gpu,1,0.8435537815093994,1.0055944699161046e-07,test_field
cupy,512,512,32,1024,gpu,2,0.8431150913238525,1.0050715104625851e-07,test_field
cupy,512,512,32,1024,gpu,3,0.8442673683166504,1.0064451316793566e-07,test_field
cupy,512,512,32,1024,gpu,4,0.8474738597869873,1.0102675673806516e-07,test_field
numpy,512,512,32,1024,cpu,0,89.64634370803833,1.0686676944260398e-05,test_field
numpy,512,512,32,1024,cpu,1,90.58983302116394,1.0799149634976857e-05,test_field
numpy,512,512,32,1024,cpu,2,90.2039053440094,1.075314347076528e-05,test_field
numpy,512,512,32,1024,cpu,3,90.74697804450989,1.0817882781566368e-05,test_field
numpy,512,512,32,1024,cpu,4,89.28933787345886,1.0644118532354696e-05,test_field
fortran,512,512,32,1024,cpu,0,5.017096466,5.980845053195953e-07,test_field
fortran,512,512,32,1024,cpu,1,4.855548277,5.7882646048069e-07,test_field
fortran,512,512,32,1024,cpu,2,4.848459501,5.779814125299453e-07,test_field
fortran,512,512,32,1024,cpu,3,4.828683493,5.756239286661148e-07,test_field
fortran,512,512,32,1024,cpu,4,4.726448227,5.634365352392196e-07,test_field
numba,512,512,64,1024,cpu,0,2.792926073074341,1.6647136646952276e-07,test_field
numba,512,512,64,1024,cpu,1,2.5056233406066895,1.4934678915778932e-07,test_field
numba,512,512,64,1024,cpu,2,2.4711251258850098,1.4729053532391845e-07,test_field
numba,512,512,64,1024,cpu,3,2.804985523223877,1.671901657118724e-07,test_field
numba,512,512,64,1024,cpu,4,2.4952919483184814,1.4873099019041547e-07,test_field
jax,512,512,64,1024,cpu,0,22.181875228881836,1.3221427934695384e-06,test_field
jax,512,512,64,1024,cpu,1,22.15260672569275,1.3203982547338455e-06,test_field
jax,512,512,64,1024,cpu,2,22.128509759902954,1.31896196364778e-06,test_field
jax,512,512,64,1024,cpu,3,22.16632890701294,1.321216160476979e-06,test_field
jax,512,512,64,1024,cpu,4,22.157085418701172,1.3206652056396706e-06,test_field
jax,512,512,64,1024,gpu,0,0.3583645820617676,2.136019361387298e-08,test_field
jax,512,512,64,1024,gpu,1,0.3580601215362549,2.1342046352401667e-08,test_field
jax,512,512,64,1024,gpu,2,0.35398197174072266,2.1098969682498137e-08,test_field
jax,512,512,64,1024,gpu,3,0.3564748764038086,2.124755837940029e-08,test_field
jax,512,512,64,1024,gpu,4,0.35779762268066406,2.132640020136023e-08,test_field
torch,512,512,64,1024,cpu,0,168.8710904121399,1.0065501356848472e-05,test_field
torch,512,512,64,1024,cpu,1,170.2447702884674,1.0147379057912076e-05,test_field
torch,512,512,64,1024,cpu,2,169.57544326782227,1.0107484058607952e-05,test_field
torch,512,512,64,1024,cpu,3,172.4850778579712,1.0280911794779968e-05,test_field
torch,512,512,64,1024,cpu,4,170.09583187103271,1.0138501636447472e-05,test_field
torch,512,512,64,1024,gpu,0,1.5777931213378906,9.404379852639977e-08,test_field
torch,512,512,64,1024,gpu,1,1.5810043811798096,9.423520452855882e-08,test_field
torch,512,512,64,1024,gpu,2,1.5810155868530273,9.423587243873044e-08,test_field
torch,512,512,64,1024,gpu,3,1.579392910003662,9.413915336153877e-08,test_field
torch,512,512,64,1024,gpu,4,1.5785586833953857,9.408942958089028e-08,test_field
gt4py,512,512,64,1024,cpu,0,69.53052377700806,4.144342170775417e-06,test_field
gt4py,512,512,64,1024,cpu,1,71.89129614830017,4.28505516936184e-06,test_field
gt4py,512,512,64,1024,cpu,2,69.60994029045105,4.1490757638484865e-06,test_field
gt4py,512,512,64,1024,cpu,3,69.73901295661926,4.1567690942656554e-06,test_field
gt4py,512,512,64,1024,cpu,4,69.27566409111023,4.129151349729909e-06,test_field
cupy,512,512,64,1024,gpu,0,1.6289348602294922,9.709208370622946e-08,test_field
cupy,512,512,64,1024,gpu,1,1.631472110748291,9.724331562210864e-08,test_field
cupy,512,512,64,1024,gpu,2,1.6304693222045898,9.71835447671765e-08,test_field
cupy,512,512,64,1024,gpu,3,1.633197546005249,9.734615957768256e-08,test_field
cupy,512,512,64,1024,gpu,4,1.6315929889678955,9.725052052544925e-08,test_field
numpy,512,512,64,1024,cpu,0,190.54077792167664,1.1357115383248129e-05,test_field
numpy,512,512,64,1024,cpu,1,190.07646942138672,1.1329440440022154e-05,test_field
numpy,512,512,64,1024,cpu,2,190.02163982391357,1.132617234134159e-05,test_field
numpy,512,512,64,1024,cpu,3,189.29167413711548,1.1282662995881765e-05,test_field
numpy,512,512,64,1024,cpu,4,189.61046147346497,1.1301664201823769e-05,test_field
fortran,512,512,64,1024,cpu,0,10.584128572,6.308632237911224e-07,test_field
fortran,512,512,64,1024,cpu,1,10.479473644,6.246253039836884e-07,test_field
fortran,512,512,64,1024,cpu,2,10.516451334,6.268293460607528e-07,test_field
fortran,512,512,64,1024,cpu,3,10.576253708,6.303938453197479e-07,test_field
fortran,512,512,64,1024,cpu,4,10.400431248,6.199140100479126e-07,test_field
