framework,nx,ny,nz,num_iter,device,repetition,time,time_per_work,field_type
numba,16,16,16,1024,cpu,0,0.10743284225463867,2.6228721253573895e-05,test_field
numba,16,16,16,1024,cpu,1,0.11276555061340332,2.753065200522542e-05,test_field
numba,16,16,16,1024,cpu,2,0.11346578598022461,2.7701607905328274e-05,test_field
numba,16,16,16,1024,cpu,3,0.11366653442382812,2.7750618755817413e-05,test_field
numba,16,16,16,1024,cpu,4,0.11290097236633301,2.756371395662427e-05,test_field
jax,16,16,16,1024,cpu,0,0.10323476791381836,2.520380076020956e-05,test_field
jax,16,16,16,1024,cpu,1,0.09927511215209961,2.4237087927758694e-05,test_field
jax,16,16,16,1024,cpu,2,0.10138773918151855,2.475286601111293e-05,test_field
jax,16,16,16,1024,cpu,3,0.09864401817321777,2.4083012249320745e-05,test_field
jax,16,16,16,1024,cpu,4,0.09902548789978027,2.4176144506782293e-05,test_field
jax,16,16,16,1024,gpu,0,0.1228780746459961,2.999952994287014e-05,test_field
jax,16,16,16,1024,gpu,1,0.12012553215026855,2.932752249762416e-05,test_field
jax,16,16,16,1024,gpu,2,0.11884379386901855,2.9014598112553358e-05,test_field
jax,16,16,16,1024,gpu,3,0.11580848693847656,2.8273556381464005e-05,test_field
jax,16,16,16,1024,gpu,4,0.11975622177124023,2.9237358830869198e-05,test_field
torch,16,16,16,1024,cpu,0,0.14438581466674805,3.5250443033874035e-05,test_field
torch,16,16,16,1024,cpu,1,0.14390063285827637,3.513199044391513e-05,test_field
torch,16,16,16,1024,cpu,2,0.14626598358154297,3.570946864783764e-05,test_field
torch,16,16,16,1024,cpu,3,0.15872669219970703,3.87516338378191e-05,test_field
torch,16,16,16,1024,cpu,4,0.1427772045135498,3.485771594569087e-05,test_field
torch,16,16,16,1024,gpu,0,0.23544716835021973,5.748221883550286e-05,test_field
torch,16,16,16,1024,gpu,1,0.3862318992614746,9.429489728063345e-05,test_field
torch,16,16,16,1024,gpu,2,0.31009840965270996,7.570761954411864e-05,test_field
torch,16,16,16,1024,gpu,3,0.40155720710754395,9.803642751649022e-05,test_field
torch,16,16,16,1024,gpu,4,0.41350698471069336,0.00010095385368913412,test_field
gt4py,16,16,16,1024,cpu,0,0.2558262348175049,6.24575768597424e-05,test_field
gt4py,16,16,16,1024,cpu,1,0.24155378341674805,5.8973091654479504e-05,test_field
gt4py,16,16,16,1024,cpu,2,0.24413394927978516,5.960301496088505e-05,test_field
gt4py,16,16,16,1024,cpu,3,0.24928641319274902,6.086094072088599e-05,test_field
gt4py,16,16,16,1024,cpu,4,0.24818110466003418,6.059109000489116e-05,test_field
cupy,16,16,16,1024,gpu,0,0.246751070022583,6.024196045473218e-05,test_field
cupy,16,16,16,1024,gpu,1,0.2465810775756836,6.020045839250088e-05,test_field
cupy,16,16,16,1024,gpu,2,0.23676204681396484,5.7803234085440636e-05,test_field
cupy,16,16,16,1024,gpu,3,0.251448392868042,6.138876779004931e-05,test_field
cupy,16,16,16,1024,gpu,4,0.23760437965393066,5.8008881751447916e-05,test_field
numpy,16,16,16,1024,cpu,0,0.05595707893371582,1.3661396224051714e-05,test_field
numpy,16,16,16,1024,cpu,1,0.05553436279296875,1.3558194041252136e-05,test_field
numpy,16,16,16,1024,cpu,2,0.05578136444091797,1.3618497177958488e-05,test_field
numpy,16,16,16,1024,cpu,3,0.05569911003112793,1.3598415534943342e-05,test_field
numpy,16,16,16,1024,cpu,4,0.055937767028808594,1.3656681403517723e-05,test_field
fortran,16,16,16,1024,cpu,0,0.012598794,3.07587744140625e-06,test_field
fortran,16,16,16,1024,cpu,1,0.018510363,4.519131591796875e-06,test_field
fortran,16,16,16,1024,cpu,2,0.019772533,4.827278564453125e-06,test_field
fortran,16,16,16,1024,cpu,3,0.019724247,4.815489990234375e-06,test_field
fortran,16,16,16,1024,cpu,4,0.019993615,4.881253662109375e-06,test_field
numba,16,16,32,1024,cpu,0,0.11276054382324219,1.3764714822173119e-05,test_field
numba,16,16,32,1024,cpu,1,0.13492274284362793,1.64700613822788e-05,test_field
numba,16,16,32,1024,cpu,2,0.11313819885253906,1.3810815289616585e-05,test_field
numba,16,16,32,1024,cpu,3,0.11438250541687012,1.3962708180770278e-05,test_field
numba,16,16,32,1024,cpu,4,0.11438488960266113,1.3962999219074845e-05,test_field
jax,16,16,32,1024,cpu,0,0.11537837982177734,1.4084274880588055e-05,test_field
jax,16,16,32,1024,cpu,1,0.11537957191467285,1.4084420399740338e-05,test_field
jax,16,16,32,1024,cpu,2,0.11577987670898438,1.4133285731077194e-05,test_field
jax,16,16,32,1024,cpu,3,0.11610221862792969,1.4172634109854698e-05,test_field
jax,16,16,32,1024,cpu,4,0.11589741706848145,1.4147633919492364e-05,test_field
jax,16,16,32,1024,gpu,0,0.11993026733398438,1.4639925211668015e-05,test_field
jax,16,16,32,1024,gpu,1,0.11890745162963867,1.4515069779008627e-05,test_field
jax,16,16,32,1024,gpu,2,0.11949276924133301,1.4586519682779908e-05,test_field
jax,16,16,32,1024,gpu,3,0.11886405944824219,1.4509772881865501e-05,test_field
jax,16,16,32,1024,gpu,4,0.12067580223083496,1.473093288950622e-05,test_field
torch,16,16,32,1024,cpu,0,0.1863234043121338,2.274455619044602e-05,test_field
torch,16,16,32,1024,cpu,1,0.1678774356842041,2.0492851035669446e-05,test_field
torch,16,16,32,1024,cpu,2,0.18246722221374512,2.2273830836638808e-05,test_field
torch,16,16,32,1024,cpu,3,0.1884622573852539,2.3005646653473377e-05,test_field
torch,16,16,32,1024,cpu,4,0.20133137702941895,2.4576584110036492e-05,test_field
torch,16,16,32,1024,gpu,0,0.4078805446624756,4.97901055496186e-05,test_field
torch,16,16,32,1024,gpu,1,0.32613229751586914,3.981107147410512e-05,test_field
torch,16,16,32,1024,gpu,2,0.39139223098754883,4.777737194672227e-05,test_field
torch,16,16,32,1024,gpu,3,0.27670812606811523,3.377784742042422e-05,test_field
torch,16,16,32,1024,gpu,4,0.27416563034057617,3.3467484172433615e-05,test_field
gt4py,16,16,32,1024,cpu,0,0.26170802116394043,3.194677992723882e-05,test_field
gt4py,16,16,32,1024,cpu,1,0.2635626792907715,3.2173178624361753e-05,test_field
gt4py,16,16,32,1024,cpu,2,0.2563776969909668,3.1296105589717627e-05,test_field
gt4py,16,16,32,1024,cpu,3,0.269503116607666,3.289832966402173e-05,test_field
gt4py,16,16,32,1024,cpu,4,0.26973485946655273,3.2926618587225676e-05,test_field
cupy,16,16,32,1024,gpu,0,0.2404041290283203,2.9346207156777382e-05,test_field
cupy,16,16,32,1024,gpu,1,0.2701263427734375,3.297440707683563e-05,test_field
cupy,16,16,32,1024,gpu,2,0.2486433982849121,3.0351977329701185e-05,test_field
cupy,16,16,32,1024,gpu,3,0.24499726295471191,2.9906892450526357e-05,test_field
cupy,16,16,32,1024,gpu,4,0.23474907875061035,2.8655893402174115e-05,test_field
numpy,16,16,32,1024,cpu,0,0.09544205665588379,1.1650641681626439e-05,test_field
numpy,16,16,32,1024,cpu,1,0.09609031677246094,1.1729774996638298e-05,test_field
numpy,16,16,32,1024,cpu,2,0.09499096870422363,1.1595577234402299e-05,test_field
numpy,16,16,32,1024,cpu,3,0.09517502784729004,1.1618045391514897e-05,test_field
numpy,16,16,32,1024,cpu,4,0.09497427940368652,1.1593539966270328e-05,test_field
fortran,16,16,32,1024,cpu,0,0.022963989,2.8032213134765626e-06,test_field
fortran,16,16,32,1024,cpu,1,0.024371851,2.9750794677734375e-06,test_field
fortran,16,16,32,1024,cpu,2,0.024251854,2.960431396484375e-06,test_field
fortran,16,16,32,1024,cpu,3,0.023950359,2.9236278076171876e-06,test_field
fortran,16,16,32,1024,cpu,4,0.024367179,2.9745091552734374e-06,test_field
numba,16,16,64,1024,cpu,0,0.11791014671325684,7.196664228104055e-06,test_field
numba,16,16,64,1024,cpu,1,0.11820125579833984,7.214432116597891e-06,test_field
numba,16,16,64,1024,cpu,2,0.11511397361755371,7.0259993663057685e-06,test_field
numba,16,16,64,1024,cpu,3,0.11775493621826172,7.187190931290388e-06,test_field
numba,16,16,64,1024,cpu,4,0.11560702323913574,7.056092726998031e-06,test_field
jax,16,16,64,1024,cpu,0,0.14757728576660156,9.007402695715427e-06,test_field
jax,16,16,64,1024,cpu,1,0.14583301544189453,8.900940883904696e-06,test_field
jax,16,16,64,1024,cpu,2,0.14688587188720703,8.965202141553164e-06,test_field
jax,16,16,64,1024,cpu,3,0.14691972732543945,8.967268513515592e-06,test_field
jax,16,16,64,1024,cpu,4,0.14646530151367188,8.939532563090324e-06,test_field
jax,16,16,64,1024,gpu,0,0.12050914764404297,7.355294656008482e-06,test_field
jax,16,16,64,1024,gpu,1,0.12080550193786621,7.373382686637342e-06,test_field
jax,16,16,64,1024,gpu,2,0.12021470069885254,7.337323040701449e-06,test_field
jax,16,16,64,1024,gpu,3,0.12036824226379395,7.346694474108517e-06,test_field
jax,16,16,64,1024,gpu,4,0.11870646476745605,7.2452676249668e-06,test_field
torch,16,16,64,1024,cpu,0,0.2779378890991211,1.6963982488960028e-05,test_field
torch,16,16,64,1024,cpu,1,0.2573540210723877,1.5707642887718976e-05,test_field
torch,16,16,64,1024,cpu,2,0.2775893211364746,1.6942707588896155e-05,test_field
torch,16,16,64,1024,cpu,3,0.2731304168701172,1.667055767029524e-05,test_field
torch,16,16,64,1024,cpu,4,0.2787654399871826,1.701449218671769e-05,test_field
torch,16,16,64,1024,gpu,0,0.30524539947509766,1.8630700651556253e-05,test_field
torch,16,16,64,1024,gpu,1,0.30390262603759766,1.854874426499009e-05,test_field
torch,16,16,64,1024,gpu,2,0.38822221755981445,2.369520370848477e-05,test_field
torch,16,16,64,1024,gpu,3,0.3893399238586426,2.3763423087075353e-05,test_field
torch,16,16,64,1024,gpu,4,0.37138938903808594,2.2667809389531612e-05,test_field
gt4py,16,16,64,1024,cpu,0,0.29126954078674316,1.7777681932784617e-05,test_field
gt4py,16,16,64,1024,cpu,1,0.28002262115478516,1.7091224435716867e-05,test_field
gt4py,16,16,64,1024,cpu,2,0.2889738082885742,1.7637561541050673e-05,test_field
gt4py,16,16,64,1024,cpu,3,0.28937506675720215,1.7662052414380014e-05,test_field
gt4py,16,16,64,1024,cpu,4,0.2937037944793701,1.7926256987266243e-05,test_field
cupy,16,16,64,1024,gpu,0,0.24078035354614258,1.4696066500619054e-05,test_field
cupy,16,16,64,1024,gpu,1,0.23673200607299805,1.4448974980041385e-05,test_field
cupy,16,16,64,1024,gpu,2,0.24264883995056152,1.4810109860263765e-05,test_field
cupy,16,16,64,1024,gpu,3,0.24376583099365234,1.4878285583108664e-05,test_field
cupy,16,16,64,1024,gpu,4,0.24503135681152344,1.4955527149140835e-05,test_field
numpy,16,16,64,1024,cpu,0,0.17932438850402832,1.0945092071779072e-05,test_field
numpy,16,16,64,1024,cpu,1,0.17780518531799316,1.0852367267943919e-05,test_field
numpy,16,16,64,1024,cpu,2,0.182020902633667,1.1109674233011901e-05,test_field
numpy,16,16,64,1024,cpu,3,0.1828467845916748,1.1160082067362964e-05,test_field
numpy,16,16,64,1024,cpu,4,0.18691372871398926,1.1408308637328446e-05,test_field
fortran,16,16,64,1024,cpu,0,0.029860035,1.8225119018554688e-06,test_field
fortran,16,16,64,1024,cpu,1,0.033118785,2.021410217285156e-06,test_field
fortran,16,16,64,1024,cpu,2,0.031299223,1.910352966308594e-06,test_field
fortran,16,16,64,1024,cpu,3,0.031344886,1.9131400146484376e-06,test_field
fortran,16,16,64,1024,cpu,4,0.030996896,1.891900390625e-06,test_field
numba,16,32,16,1024,cpu,0,0.11483216285705566,1.4017598005011678e-05,test_field
numba,16,32,16,1024,cpu,1,0.133042573928833,1.6240548575296998e-05,test_field
numba,16,32,16,1024,cpu,2,0.11443185806274414,1.3968732673674822e-05,test_field
numba,16,32,16,1024,cpu,3,0.11671137809753418,1.4246994396671653e-05,test_field
numba,16,32,16,1024,cpu,4,0.11569070816040039,1.4122400898486376e-05,test_field
jax,16,32,16,1024,cpu,0,0.11373162269592285,1.3883254723623395e-05,test_field
jax,16,32,16,1024,cpu,1,0.11353230476379395,1.3858923921361566e-05,test_field
jax,16,32,16,1024,cpu,2,0.1130824089050293,1.3804004993289709e-05,test_field
jax,16,32,16,1024,cpu,3,0.11412644386291504,1.3931450666859746e-05,test_field
jax,16,32,16,1024,cpu,4,0.11386775970458984,1.389987301081419e-05,test_field
jax,16,32,16,1024,gpu,0,0.11884212493896484,1.4507095329463482e-05,test_field
jax,16,32,16,1024,gpu,1,0.11933422088623047,1.456716563552618e-05,test_field
jax,16,32,16,1024,gpu,2,0.11884307861328125,1.4507211744785309e-05,test_field
jax,16,32,16,1024,gpu,3,0.11957144737243652,1.459612394683063e-05,test_field
jax,16,32,16,1024,gpu,4,0.12092113494873047,1.47608807310462e-05,test_field
torch,16,32,16,1024,cpu,0,0.1794118881225586,2.1900865249335766e-05,test_field
torch,16,32,16,1024,cpu,1,0.18966174125671387,2.3152068024501204e-05,test_field
torch,16,32,16,1024,cpu,2,0.17647147178649902,2.154192770831287e-05,test_field
torch,16,32,16,1024,cpu,3,0.1687464714050293,2.059893449768424e-05,test_field
torch,16,32,16,1024,cpu,4,0.16771316528320312,2.0472798496484756e-05,test_field
torch,16,32,16,1024,gpu,0,0.38727831840515137,4.727518535219133e-05,test_field
torch,16,32,16,1024,gpu,1,0.3131427764892578,3.8225436583161354e-05,test_field
torch,16,32,16,1024,gpu,2,0.3444948196411133,4.2052590288221836e-05,test_field
torch,16,32,16,1024,gpu,3,0.4032294750213623,4.922234802506864e-05,test_field
torch,16,32,16,1024,gpu,4,0.4084157943725586,4.985544364899397e-05,test_field
gt4py,16,32,16,1024,cpu,0,0.26612114906311035,3.248549182899296e-05,test_field
gt4py,16,32,16,1024,cpu,1,0.2552809715270996,3.116222796961665e-05,test_field
gt4py,16,32,16,1024,cpu,2,0.24743866920471191,3.020491567440331e-05,test_field
gt4py,16,32,16,1024,cpu,3,0.24721717834472656,3.0177878215909004e-05,test_field
gt4py,16,32,16,1024,cpu,4,0.25892066955566406,3.160652704536915e-05,test_field
cupy,16,32,16,1024,gpu,0,0.2459399700164795,3.0021968996152282e-05,test_field
cupy,16,32,16,1024,gpu,1,0.26468372344970703,3.2310024835169315e-05,test_field
cupy,16,32,16,1024,gpu,2,0.2473447322845459,3.0193448765203357e-05,test_field
cupy,16,32,16,1024,gpu,3,0.24162077903747559,2.9494724003598094e-05,test_field
cupy,16,32,16,1024,gpu,4,0.2586987018585205,3.157943137921393e-05,test_field
numpy,16,32,16,1024,cpu,0,0.08899402618408203,1.0863528586924076e-05,test_field
numpy,16,32,16,1024,cpu,1,0.09328484535217285,1.1387310223653913e-05,test_field
numpy,16,32,16,1024,cpu,2,0.09026861190795898,1.1019117664545774e-05,test_field
numpy,16,32,16,1024,cpu,3,0.09093713760375977,1.1100724805146456e-05,test_field
numpy,16,32,16,1024,cpu,4,0.08958745002746582,1.0935968020930886e-05,test_field
fortran,16,32,16,1024,cpu,0,0.01997278,2.43808349609375e-06,test_field
fortran,16,32,16,1024,cpu,1,0.019674805,2.4017095947265625e-06,test_field
fortran,16,32,16,1024,cpu,2,0.021087403,2.5741458740234376e-06,test_field
fortran,16,32,16,1024,cpu,3,0.021811413,2.6625260009765627e-06,test_field
fortran,16,32,16,1024,cpu,4,0.022565982,2.754636474609375e-06,test_field
numba,16,32,32,1024,cpu,0,0.11798524856567383,7.2012480814009905e-06,test_field
numba,16,32,32,1024,cpu,1,0.11336874961853027,6.919479346834123e-06,test_field
numba,16,32,32,1024,cpu,2,0.11370444297790527,6.939968443475664e-06,test_field
numba,16,32,32,1024,cpu,3,0.11602258682250977,7.0814567152410746e-06,test_field
numba,16,32,32,1024,cpu,4,0.1188042163848877,7.251233910210431e-06,test_field
jax,16,32,32,1024,cpu,0,0.14544057846069336,8.876988431438804e-06,test_field
jax,16,32,32,1024,cpu,1,0.1434917449951172,8.758041076362133e-06,test_field
jax,16,32,32,1024,cpu,2,0.14325761795043945,8.743751095607877e-06,test_field
jax,16,32,32,1024,cpu,3,0.14360332489013672,8.764851372689009e-06,test_field
jax,16,32,32,1024,cpu,4,0.14314651489257812,8.736969903111458e-06,test_field
jax,16,32,32,1024,gpu,0,0.11990928649902344,7.318682037293911e-06,test_field
jax,16,32,32,1024,gpu,1,0.12072873115539551,7.368696969933808e-06,test_field
jax,16,32,32,1024,gpu,2,0.12060379981994629,7.361071766354144e-06,test_field
jax,16,32,32,1024,gpu,3,0.1205904483795166,7.360256859101355e-06,test_field
jax,16,32,32,1024,gpu,4,0.12141561508178711,7.410621037706733e-06,test_field
torch,16,32,32,1024,cpu,0,0.26149892807006836,1.5960627933964133e-05,test_field
torch,16,32,32,1024,cpu,1,0.25913262367248535,1.5816200175322592e-05,test_field
torch,16,32,32,1024,cpu,2,0.25536537170410156,1.5586265362799168e-05,test_field
torch,16,32,32,1024,cpu,3,0.2449169158935547,1.4948542229831219e-05,test_field
torch,16,32,32,1024,cpu,4,0.2588467597961426,1.579875242896378e-05,test_field
torch,16,32,32,1024,gpu,0,0.39001893997192383,2.380486694164574e-05,test_field
torch,16,32,32,1024,gpu,1,0.3191072940826416,1.947676355484873e-05,test_field
torch,16,32,32,1024,gpu,2,0.3849451541900635,2.3495187633670866e-05,test_field
torch,16,32,32,1024,gpu,3,0.27358055114746094,1.6698031686246395e-05,test_field
torch,16,32,32,1024,gpu,4,0.3833301067352295,2.339661295991391e-05,test_field
gt4py,16,32,32,1024,cpu,0,0.2760281562805176,1.684742164798081e-05,test_field
gt4py,16,32,32,1024,cpu,1,0.2824068069458008,1.7236743588000536e-05,test_field
gt4py,16,32,32,1024,cpu,2,0.2838730812072754,1.7326237866654992e-05,test_field
gt4py,16,32,32,1024,cpu,3,0.2781810760498047,1.6978825442492962e-05,test_field
gt4py,16,32,32,1024,cpu,4,0.27240562438964844,1.6626319848001003e-05,test_field
cupy,16,32,32,1024,gpu,0,0.2510190010070801,1.532098394818604e-05,test_field
cupy,16,32,32,1024,gpu,1,0.264324426651001,1.613308268133551e-05,test_field
cupy,16,32,32,1024,gpu,2,0.24935340881347656,1.5219324268400669e-05,test_field
cupy,16,32,32,1024,gpu,3,0.2536146640777588,1.547941064927727e-05,test_field
cupy,16,32,32,1024,gpu,4,0.23861122131347656,1.4563673175871372e-05,test_field
numpy,16,32,32,1024,cpu,0,0.1804511547088623,1.1013864423148334e-05,test_field
numpy,16,32,32,1024,cpu,1,0.17105793952941895,1.0440548066981137e-05,test_field
numpy,16,32,32,1024,cpu,2,0.17406129837036133,1.0623858543112874e-05,test_field
numpy,16,32,32,1024,cpu,3,0.16944050788879395,1.0341827874071896e-05,test_field
numpy,16,32,32,1024,cpu,4,0.17694735527038574,1.0800009476952255e-05,test_field
fortran,16,32,32,1024,cpu,0,0.02634494,1.607967529296875e-06,test_field
fortran,16,32,32,1024,cpu,1,0.028445069,1.7361492309570312e-06,test_field
fortran,16,32,32,1024,cpu,2,0.028741253,1.7542268676757813e-06,test_field
fortran,16,32,32,1024,cpu,3,0.028237876,1.723503173828125e-06,test_field
fortran,16,32,32,1024,cpu,4,0.028586057,1.7447544555664063e-06,test_field
numba,16,32,64,1024,cpu,0,0.1191866397857666,3.6372875911183655e-06,test_field
numba,16,32,64,1024,cpu,1,0.11747097969055176,3.5849298001267016e-06,test_field
numba,16,32,64,1024,cpu,2,0.11568379402160645,3.5303892218507826e-06,test_field
numba,16,32,64,1024,cpu,3,0.12054204940795898,3.6786514101549983e-06,test_field
numba,16,32,64,1024,cpu,4,0.11955618858337402,3.64856532542035e-06,test_field
jax,16,32,64,1024,cpu,0,0.17052626609802246,5.204048648010939e-06,test_field
jax,16,32,64,1024,cpu,1,0.17145800590515137,5.232483090367168e-06,test_field
jax,16,32,64,1024,cpu,2,0.16986560821533203,5.183886969462037e-06,test_field
jax,16,32,64,1024,cpu,3,0.17164182662963867,5.238092853687704e-06,test_field
jax,16,32,64,1024,cpu,4,0.17160916328430176,5.2370960474945605e-06,test_field
jax,16,32,64,1024,gpu,0,0.1199960708618164,3.6619894672185183e-06,test_field
jax,16,32,64,1024,gpu,1,0.12056303024291992,3.6792916944250464e-06,test_field
jax,16,32,64,1024,gpu,2,0.1206061840057373,3.6806086427532136e-06,test_field
jax,16,32,64,1024,gpu,3,0.11873030662536621,3.6233614082448184e-06,test_field
jax,16,32,64,1024,gpu,4,0.12033343315124512,3.672284947242588e-06,test_field
torch,16,32,64,1024,cpu,0,3.248166084289551,9.91261622402817e-05,test_field
torch,16,32,64,1024,cpu,1,3.2312099933624268,9.860870341071859e-05,test_field
torch,16,32,64,1024,cpu,2,4.113847970962524,0.00012554467684822157,test_field
torch,16,32,64,1024,cpu,3,3.95269775390625,0.00012062676250934601,test_field
torch,16,32,64,1024,cpu,4,3.4444899559020996,0.00010511749133002013,test_field
torch,16,32,64,1024,gpu,0,0.42481136322021484,1.2964213965460658e-05,test_field
torch,16,32,64,1024,gpu,1,0.3856523036956787,1.1769174307119101e-05,test_field
torch,16,32,64,1024,gpu,2,0.26737046241760254,8.159498975146562e-06,test_field
torch,16,32,64,1024,gpu,3,0.32772207260131836,1.0001283953897655e-05,test_field
torch,16,32,64,1024,gpu,4,0.393247127532959,1.2000949936918914e-05,test_field
gt4py,16,32,64,1024,cpu,0,0.3319823741912842,1.0131298040505499e-05,test_field
gt4py,16,32,64,1024,cpu,1,0.3314826488494873,1.011604763334617e-05,test_field
gt4py,16,32,64,1024,cpu,2,0.31990790367126465,9.762814443092793e-06,test_field
gt4py,16,32,64,1024,cpu,3,0.3226187229156494,9.845542081166059e-06,test_field
gt4py,16,32,64,1024,cpu,4,0.31914281845092773,9.739465895108879e-06,test_field
cupy,16,32,64,1024,gpu,0,0.24373531341552734,7.438211468979716e-06,test_field
cupy,16,32,64,1024,gpu,1,0.24583673477172852,7.502341759391129e-06,test_field
cupy,16,32,64,1024,gpu,2,0.26341962814331055,8.038929081521928e-06,test_field
cupy,16,32,64,1024,gpu,3,0.24182963371276855,7.380054739769548e-06,test_field
cupy,16,32,64,1024,gpu,4,0.24824929237365723,7.575967174489051e-06,test_field
numpy,16,32,64,1024,cpu,0,0.38011932373046875,1.1600321158766747e-05,test_field
numpy,16,32,64,1024,cpu,1,0.3775639533996582,1.1522337445057929e-05,test_field
numpy,16,32,64,1024,cpu,2,0.37876415252685547,1.1558964615687728e-05,test_field
numpy,16,32,64,1024,cpu,3,0.3761634826660156,1.1479598470032215e-05,test_field
numpy,16,32,64,1024,cpu,4,0.3772604465484619,1.1513075151015073e-05,test_field
fortran,16,32,64,1024,cpu,0,0.040870427,1.2472664489746094e-06,test_field
fortran,16,32,64,1024,cpu,1,0.041229104,1.25821240234375e-06,test_field
fortran,16,32,64,1024,cpu,2,0.04184531,1.2770175170898436e-06,test_field
fortran,16,32,64,1024,cpu,3,0.043863777,1.3386162414550781e-06,test_field
fortran,16,32,64,1024,cpu,4,0.045281047,1.3818678894042968e-06,test_field
numba,16,64,16,1024,cpu,0,0.11587858200073242,7.072667358443141e-06,test_field
numba,16,64,16,1024,cpu,1,0.11557221412658691,7.05396814737469e-06,test_field
numba,16,64,16,1024,cpu,2,0.11543631553649902,7.0456735556945205e-06,test_field
numba,16,64,16,1024,cpu,3,0.11773180961608887,7.1857793955132365e-06,test_field
numba,16,64,16,1024,cpu,4,0.11751651763916016,7.172639016062021e-06,test_field
jax,16,64,16,1024,cpu,0,0.14363884925842285,8.767019608058035e-06,test_field
jax,16,64,16,1024,cpu,1,0.14292383193969727,8.723378414288163e-06,test_field
jax,16,64,16,1024,cpu,2,0.14377307891845703,8.775212336331606e-06,test_field
jax,16,64,16,1024,cpu,3,0.14357399940490723,8.76306148711592e-06,test_field
jax,16,64,16,1024,cpu,4,0.1427452564239502,8.712479029782116e-06,test_field
jax,16,64,16,1024,gpu,0,0.11997675895690918,7.322800229303539e-06,test_field
jax,16,64,16,1024,gpu,1,0.12066054344177246,7.364535122178495e-06,test_field
jax,16,64,16,1024,gpu,2,0.1192011833190918,7.2754628490656614e-06,test_field
jax,16,64,16,1024,gpu,3,0.11953902244567871,7.296082912944257e-06,test_field
jax,16,64,16,1024,gpu,4,0.11849832534790039,7.232563802972436e-06,test_field
torch,16,64,16,1024,cpu,0,0.2575376033782959,1.5718847862444818e-05,test_field
torch,16,64,16,1024,cpu,1,0.26857995986938477,1.639281981624663e-05,test_field
torch,16,64,16,1024,cpu,2,0.24695873260498047,1.5073164831846952e-05,test_field
torch,16,64,16,1024,cpu,3,0.24495720863342285,1.4951001503504813e-05,test_field
torch,16,64,16,1024,cpu,4,0.23303675651550293,1.4223434845916927e-05,test_field
torch,16,64,16,1024,gpu,0,0.3652935028076172,2.229574602097273e-05,test_field
torch,16,64,16,1024,gpu,1,0.31959080696105957,1.950627483893186e-05,test_field
torch,16,64,16,1024,gpu,2,0.32182765007019043,1.9642800907604396e-05,test_field
torch,16,64,16,1024,gpu,3,0.37858080863952637,2.3106738808564842e-05,test_field
torch,16,64,16,1024,gpu,4,0.389268159866333,2.3759042960591614e-05,test_field
gt4py,16,64,16,1024,cpu,0,0.27519726753234863,1.679670822340995e-05,test_field
gt4py,16,64,16,1024,cpu,1,0.26218557357788086,1.600253744982183e-05,test_field
gt4py,16,64,16,1024,cpu,2,0.26627469062805176,1.625211734790355e-05,test_field
gt4py,16,64,16,1024,cpu,3,0.2797417640686035,1.707408227957785e-05,test_field
gt4py,16,64,16,1024,cpu,4,0.27365803718566895,1.6702761058695614e-05,test_field
cupy,16,64,16,1024,gpu,0,0.2383270263671875,1.4546327292919159e-05,test_field
cupy,16,64,16,1024,gpu,1,0.24132490158081055,1.4729303075000644e-05,test_field
cupy,16,64,16,1024,gpu,2,0.2622382640838623,1.60057534230873e-05,test_field
cupy,16,64,16,1024,gpu,3,0.253063440322876,1.5445766621269286e-05,test_field
cupy,16,64,16,1024,gpu,4,0.23711562156677246,1.4472389011643827e-05,test_field
numpy,16,64,16,1024,cpu,0,0.16333246231079102,9.969022357836366e-06,test_field
numpy,16,64,16,1024,cpu,1,0.1595907211303711,9.740644600242376e-06,test_field
numpy,16,64,16,1024,cpu,2,0.1706688404083252,1.0416799341328442e-05,test_field
numpy,16,64,16,1024,cpu,3,0.15995073318481445,9.76261799223721e-06,test_field
numpy,16,64,16,1024,cpu,4,0.16000843048095703,9.766139555722475e-06,test_field
fortran,16,64,16,1024,cpu,0,0.025419784,1.55150048828125e-06,test_field
fortran,16,64,16,1024,cpu,1,0.026964858,1.6458043212890626e-06,test_field
fortran,16,64,16,1024,cpu,2,0.027073783,1.6524525756835938e-06,test_field
fortran,16,64,16,1024,cpu,3,0.026818783,1.6368886108398437e-06,test_field
fortran,16,64,16,1024,cpu,4,0.027607239,1.6850121459960937e-06,test_field
numba,16,64,32,1024,cpu,0,0.11473226547241211,3.5013508750125766e-06,test_field
numba,16,64,32,1024,cpu,1,0.11433267593383789,3.489156370051205e-06,test_field
numba,16,64,32,1024,cpu,2,0.1174631118774414,3.5846896935254335e-06,test_field
numba,16,64,32,1024,cpu,3,0.11903214454650879,3.6325727705843747e-06,test_field
numba,16,64,32,1024,cpu,4,0.1132197380065918,3.455192199908197e-06,test_field
jax,16,64,32,1024,cpu,0,0.16890645027160645,5.154615791980177e-06,test_field
jax,16,64,32,1024,cpu,1,0.1678917407989502,5.1236493163742125e-06,test_field
jax,16,64,32,1024,cpu,2,0.16863584518432617,5.146357580088079e-06,test_field
jax,16,64,32,1024,cpu,3,0.16699957847595215,5.096422682981938e-06,test_field
jax,16,64,32,1024,cpu,4,0.16701054573059082,5.0967573770321906e-06,test_field
jax,16,64,32,1024,gpu,0,0.12073802947998047,3.684632247313857e-06,test_field
jax,16,64,32,1024,gpu,1,0.11845159530639648,3.614855813793838e-06,test_field
jax,16,64,32,1024,gpu,2,0.12200164794921875,3.7231948226690292e-06,test_field
jax,16,64,32,1024,gpu,3,0.11987447738647461,3.6582787288352847e-06,test_field
jax,16,64,32,1024,gpu,4,0.12312507629394531,3.7574791349470615e-06,test_field
torch,16,64,32,1024,cpu,0,4.063504695892334,0.00012400832201819867,test_field
torch,16,64,32,1024,cpu,1,4.099562883377075,0.00012510873057181016,test_field
torch,16,64,32,1024,cpu,2,4.121625185012817,0.00012578201858559623,test_field
torch,16,64,32,1024,cpu,3,3.3986127376556396,0.00010371742973802611,test_field
torch,16,64,32,1024,cpu,4,4.444482088088989,0.00013563482934841886,test_field
torch,16,64,32,1024,gpu,0,0.37702178955078125,1.1505791917443275e-05,test_field
torch,16,64,32,1024,gpu,1,0.38346409797668457,1.1702395568136126e-05,test_field
torch,16,64,32,1024,gpu,2,0.3722381591796875,1.13598071038723e-05,test_field
torch,16,64,32,1024,gpu,3,0.32010650634765625,9.768875315785408e-06,test_field
torch,16,64,32,1024,gpu,4,0.40305423736572266,1.2300239177420735e-05,test_field
gt4py,16,64,32,1024,cpu,0,0.3171422481536865,9.678413334768265e-06,test_field
gt4py,16,64,32,1024,cpu,1,0.32315564155578613,9.8619275377132e-06,test_field
gt4py,16,64,32,1024,cpu,2,0.3147556781768799,9.60558099905029e-06,test_field
gt4py,16,64,32,1024,cpu,3,0.3213961124420166,9.808230970520526e-06,test_field
gt4py,16,64,32,1024,cpu,4,0.31440281867980957,9.594812581781298e-06,test_field
cupy,16,64,32,1024,gpu,0,0.25084805488586426,7.65527511248365e-06,test_field
cupy,16,64,32,1024,gpu,1,0.24159908294677734,7.373018888756633e-06,test_field
cupy,16,64,32,1024,gpu,2,0.24684810638427734,7.533206371590495e-06,test_field
cupy,16,64,32,1024,gpu,3,0.26132726669311523,7.975075277499855e-06,test_field
cupy,16,64,32,1024,gpu,4,0.2539522647857666,7.750008080620319e-06,test_field
numpy,16,64,32,1024,cpu,0,0.36147284507751465,1.1031275789719075e-05,test_field
numpy,16,64,32,1024,cpu,1,0.35526418685913086,1.0841802577488124e-05,test_field
numpy,16,64,32,1024,cpu,2,0.36566877365112305,1.1159325367771089e-05,test_field
numpy,16,64,32,1024,cpu,3,0.36446595191955566,1.1122618161607534e-05,test_field
numpy,16,64,32,1024,cpu,4,0.3581821918487549,1.0930853022728115e-05,test_field
fortran,16,64,32,1024,cpu,0,0.033779887,1.030880340576172e-06,test_field
fortran,16,64,32,1024,cpu,1,0.039034611,1.1912417907714843e-06,test_field
fortran,16,64,32,1024,cpu,2,0.039920921,1.218289825439453e-06,test_field
fortran,16,64,32,1024,cpu,3,0.039474821,1.2046759338378906e-06,test_field
fortran,16,64,32,1024,cpu,4,0.03783727,1.1547018432617187e-06,test_field
numba,16,64,64,1024,cpu,0,0.11977577209472656,1.8276332411915064e-06,test_field
numba,16,64,64,1024,cpu,1,0.1204214096069336,1.8374848878011107e-06,test_field
numba,16,64,64,1024,cpu,2,0.11885833740234375,1.8136342987418175e-06,test_field
numba,16,64,64,1024,cpu,3,0.12119936943054199,1.849355612648651e-06,test_field
numba,16,64,64,1024,cpu,4,0.12062597274780273,1.8406062736175954e-06,test_field
jax,16,64,64,1024,cpu,0,0.22062373161315918,3.3664509828668088e-06,test_field
jax,16,64,64,1024,cpu,1,0.21300840377807617,3.2502503017894924e-06,test_field
jax,16,64,64,1024,cpu,2,0.21293306350708008,3.2491007004864514e-06,test_field
jax,16,64,64,1024,cpu,3,0.21379756927490234,3.262292011640966e-06,test_field
jax,16,64,64,1024,cpu,4,0.2154848575592041,3.288037987658754e-06,test_field
jax,16,64,64,1024,gpu,0,0.12086296081542969,1.8442224245518446e-06,test_field
jax,16,64,64,1024,gpu,1,0.12081170082092285,1.8434402591083199e-06,test_field
jax,16,64,64,1024,gpu,2,0.12052249908447266,1.8390273908153176e-06,test_field
jax,16,64,64,1024,gpu,3,0.12010884284973145,1.8327154975850135e-06,test_field
jax,16,64,64,1024,gpu,4,0.12125301361083984,1.8501741578802466e-06,test_field
torch,16,64,64,1024,cpu,0,7.706395149230957,0.00011759025801438838,test_field
torch,16,64,64,1024,cpu,1,9.928325414657593,0.00015149422324611805,test_field
torch,16,64,64,1024,cpu,2,10.387819766998291,0.00015850555064389482,test_field
torch,16,64,64,1024,cpu,3,9.87774658203125,0.0001507224515080452,test_field
torch,16,64,64,1024,cpu,4,6.042824983596802,9.220619176630862e-05,test_field
torch,16,64,64,1024,gpu,0,0.3089761734008789,4.7146022552624345e-06,test_field
torch,16,64,64,1024,gpu,1,0.3356616497039795,5.121790309203789e-06,test_field
torch,16,64,64,1024,gpu,2,0.32590508460998535,4.9729169404599816e-06,test_field
torch,16,64,64,1024,gpu,3,0.29934096336364746,4.567580617731437e-06,test_field
torch,16,64,64,1024,gpu,4,0.2868349552154541,4.376754077384248e-06,test_field
gt4py,16,64,64,1024,cpu,0,0.398418664932251,6.0793863667640835e-06,test_field
gt4py,16,64,64,1024,cpu,1,0.39992308616638184,6.102342013036832e-06,test_field
gt4py,16,64,64,1024,cpu,2,0.3908870220184326,5.964462616248056e-06,test_field
gt4py,16,64,64,1024,cpu,3,0.3827197551727295,5.8398400142323226e-06,test_field
gt4py,16,64,64,1024,cpu,4,0.3906059265136719,5.960173439234495e-06,test_field
cupy,16,64,64,1024,gpu,0,0.26422739028930664,4.031790012959391e-06,test_field
cupy,16,64,64,1024,gpu,1,0.24184107780456543,3.6902019928675145e-06,test_field
cupy,16,64,64,1024,gpu,2,0.24555206298828125,3.746827132999897e-06,test_field
cupy,16,64,64,1024,gpu,3,0.23737502098083496,3.6220553738530725e-06,test_field
cupy,16,64,64,1024,gpu,4,0.24756455421447754,3.777535312110558e-06,test_field
numpy,16,64,64,1024,cpu,0,0.6826930046081543,1.0417068551760167e-05,test_field
numpy,16,64,64,1024,cpu,1,0.6752135753631592,1.0302941518602893e-05,test_field
numpy,16,64,64,1024,cpu,2,0.6798670291900635,1.0373947588959709e-05,test_field
numpy,16,64,64,1024,cpu,3,0.6775717735290527,1.0338924766983837e-05,test_field
numpy,16,64,64,1024,cpu,4,0.686389684677124,1.0473475413164124e-05,test_field
fortran,16,64,64,1024,cpu,0,0.06623713,1.0106983947753907e-06,test_field
fortran,16,64,64,1024,cpu,1,0.067588705,1.031321792602539e-06,test_field
fortran,16,64,64,1024,cpu,2,0.067975574,1.0372249450683593e-06,test_field
fortran,16,64,64,1024,cpu,3,0.065326277,9.967998809814453e-07,test_field
fortran,16,64,64,1024,cpu,4,0.06754157,1.030602569580078e-06,test_field
numba,16,128,16,1024,cpu,0,0.11533141136169434,3.5196353564970195e-06,test_field
numba,16,128,16,1024,cpu,1,0.12049388885498047,3.6771816667169333e-06,test_field
numba,16,128,16,1024,cpu,2,0.11827373504638672,3.609427949413657e-06,test_field
numba,16,128,16,1024,cpu,3,0.11266112327575684,3.438144631218165e-06,test_field
numba,16,128,16,1024,cpu,4,0.11793851852416992,3.5991979530081153e-06,test_field
jax,16,128,16,1024,cpu,0,0.16947722434997559,5.172034434508532e-06,test_field
jax,16,128,16,1024,cpu,1,0.17006945610046387,5.190107913222164e-06,test_field
jax,16,128,16,1024,cpu,2,0.16718840599060059,5.102185241412371e-06,test_field
jax,16,128,16,1024,cpu,3,0.16791248321533203,5.1242823246866465e-06,test_field
jax,16,128,16,1024,cpu,4,0.16762852668762207,5.115616659168154e-06,test_field
jax,16,128,16,1024,gpu,0,0.1206674575805664,3.6824785638600588e-06,test_field
jax,16,128,16,1024,gpu,1,0.12043428421020508,3.6753626773133874e-06,test_field
jax,16,128,16,1024,gpu,2,0.11947464942932129,3.646076947916299e-06,test_field
jax,16,128,16,1024,gpu,3,0.11592292785644531,3.5376870073378086e-06,test_field
jax,16,128,16,1024,gpu,4,0.11908221244812012,3.634100721683353e-06,test_field
torch,16,128,16,1024,cpu,0,3.2166225910186768,9.816353122005239e-05,test_field
torch,16,128,16,1024,cpu,1,3.205491065979004,9.782382403500378e-05,test_field
torch,16,128,16,1024,cpu,2,4.279688835144043,0.00013060573837719858,test_field
torch,16,128,16,1024,cpu,3,4.16025972366333,0.0001269610511371866,test_field
torch,16,128,16,1024,cpu,4,3.9207706451416016,0.00011965242447331548,test_field
torch,16,128,16,1024,gpu,0,0.35996222496032715,1.0985175322275609e-05,test_field
torch,16,128,16,1024,gpu,1,0.3296806812286377,1.0061055945698172e-05,test_field
torch,16,128,16,1024,gpu,2,0.3146061897277832,9.601018973626196e-06,test_field
torch,16,128,16,1024,gpu,3,0.38265013694763184,1.1677555448841304e-05,test_field
torch,16,128,16,1024,gpu,4,0.3128199577331543,9.546507499180734e-06,test_field
gt4py,16,128,16,1024,cpu,0,0.3102998733520508,9.469600627198815e-06,test_field
gt4py,16,128,16,1024,cpu,1,0.29853153228759766,9.110459359362721e-06,test_field
gt4py,16,128,16,1024,cpu,2,0.32733988761901855,9.989620593842119e-06,test_field
gt4py,16,128,16,1024,cpu,3,0.31162190437316895,9.509945812169462e-06,test_field
gt4py,16,128,16,1024,cpu,4,0.31594276428222656,9.641807992011309e-06,test_field
cupy,16,128,16,1024,gpu,0,0.22533154487609863,6.8765730247832835e-06,test_field
cupy,16,128,16,1024,gpu,1,0.23720002174377441,7.238770194817334e-06,test_field
cupy,16,128,16,1024,gpu,2,0.25052380561828613,7.645379810128361e-06,test_field
cupy,16,128,16,1024,gpu,3,0.2445991039276123,7.464572263415903e-06,test_field
cupy,16,128,16,1024,gpu,4,0.26026439666748047,7.942639058455825e-06,test_field
numpy,16,128,16,1024,cpu,0,0.3414185047149658,1.041926589095965e-05,test_field
numpy,16,128,16,1024,cpu,1,0.3452637195587158,1.05366125353612e-05,test_field
numpy,16,128,16,1024,cpu,2,0.3480989933013916,1.062313822330907e-05,test_field
numpy,16,128,16,1024,cpu,3,0.346846342086792,1.058491034200415e-05,test_field
numpy,16,128,16,1024,cpu,4,0.34537482261657715,1.054000313160941e-05,test_field
fortran,16,128,16,1024,cpu,0,0.03334575,1.0176315307617188e-06,test_field
fortran,16,128,16,1024,cpu,1,0.035629203,1.0873169860839843e-06,test_field
fortran,16,128,16,1024,cpu,2,0.036876172,1.1253714599609375e-06,test_field
fortran,16,128,16,1024,cpu,3,0.039642489,1.2097927551269532e-06,test_field
fortran,16,128,16,1024,cpu,4,0.037394526,1.1411903686523437e-06,test_field
numba,16,128,32,1024,cpu,0,0.11937117576599121,1.8214595911558717e-06,test_field
numba,16,128,32,1024,cpu,1,0.12049627304077148,1.8386272131465375e-06,test_field
numba,16,128,32,1024,cpu,2,0.12065243721008301,1.8410100892651826e-06,test_field
numba,16,128,32,1024,cpu,3,0.1194467544555664,1.8226128304377198e-06,test_field
numba,16,128,32,1024,cpu,4,0.12101483345031738,1.846539817051962e-06,test_field
jax,16,128,32,1024,cpu,0,0.21242785453796387,3.241391823394224e-06,test_field
jax,16,128,32,1024,cpu,1,0.2106635570526123,3.2144707802217454e-06,test_field
jax,16,128,32,1024,cpu,2,0.2129981517791748,3.2500938687007874e-06,test_field
jax,16,128,32,1024,cpu,3,0.21273255348205566,3.2460411603096873e-06,test_field
jax,16,128,32,1024,cpu,4,0.2126321792602539,3.2445095712319016e-06,test_field
jax,16,128,32,1024,gpu,0,0.12041807174682617,1.8374339560978115e-06,test_field
jax,16,128,32,1024,gpu,1,0.11998701095581055,1.8308564904145896e-06,test_field
jax,16,128,32,1024,gpu,2,0.1210019588470459,1.846343366196379e-06,test_field
jax,16,128,32,1024,gpu,3,0.12131953239440918,1.8511891539674252e-06,test_field
jax,16,128,32,1024,gpu,4,0.12029695510864258,1.8355858628638089e-06,test_field
torch,16,128,32,1024,cpu,0,7.664295434951782,0.00011694786735461093,test_field
torch,16,128,32,1024,cpu,1,7.3867926597595215,0.00011271351104369387,test_field
torch,16,128,32,1024,cpu,2,9.991923570632935,0.00015246465409290977,test_field
torch,16,128,32,1024,cpu,3,7.439746379852295,0.00011352152068866417,test_field
torch,16,128,32,1024,cpu,4,7.527784585952759,0.00011486487710499205,test_field
torch,16,128,32,1024,gpu,0,0.30877161026000977,4.71148086944595e-06,test_field
torch,16,128,32,1024,gpu,1,0.3179893493652344,4.85213240608573e-06,test_field
torch,16,128,32,1024,gpu,2,0.31632351875305176,4.82671384816058e-06,test_field
torch,16,128,32,1024,gpu,3,0.40401411056518555,6.164766091387719e-06,test_field
torch,16,128,32,1024,gpu,4,0.38960981369018555,5.944973963778466e-06,test_field
gt4py,16,128,32,1024,cpu,0,0.38368892669677734,5.85462839808315e-06,test_field
gt4py,16,128,32,1024,cpu,1,0.3825876712799072,5.837824573973194e-06,test_field
gt4py,16,128,32,1024,cpu,2,0.38846731185913086,5.9275407693348825e-06,test_field
gt4py,16,128,32,1024,cpu,3,0.39231276512145996,5.986217729514465e-06,test_field
gt4py,16,128,32,1024,cpu,4,0.3837587833404541,5.855694325873628e-06,test_field
cupy,16,128,32,1024,gpu,0,0.2654995918273926,4.051202267874032e-06,test_field
cupy,16,128,32,1024,gpu,1,0.24397706985473633,3.722794645000249e-06,test_field
cupy,16,128,32,1024,gpu,2,0.23914790153503418,3.6491073842626065e-06,test_field
cupy,16,128,32,1024,gpu,3,0.25057411193847656,3.823457518592477e-06,test_field
cupy,16,128,32,1024,gpu,4,0.24008822441101074,3.6634555726777762e-06,test_field
numpy,16,128,32,1024,cpu,0,0.7363865375518799,1.123636684496887e-05,test_field
numpy,16,128,32,1024,cpu,1,0.6522781848907471,9.952975233318284e-06,test_field
numpy,16,128,32,1024,cpu,2,0.6588785648345947,1.0053689038613811e-05,test_field
numpy,16,128,32,1024,cpu,3,0.6593754291534424,1.006127058644779e-05,test_field
numpy,16,128,32,1024,cpu,4,0.6587333679199219,1.0051473509520292e-05,test_field
fortran,16,128,32,1024,cpu,0,0.060659277,9.255871124267578e-07,test_field
fortran,16,128,32,1024,cpu,1,0.061976357,9.456841583251954e-07,test_field
fortran,16,128,32,1024,cpu,2,0.061445173,9.375789337158203e-07,test_field
fortran,16,128,32,1024,cpu,3,0.086154163,1.3146082000732423e-06,test_field
fortran,16,128,32,1024,cpu,4,0.061749484,9.422223510742188e-07,test_field
numba,16,128,64,1024,cpu,0,0.12727975845336914,9.710674930829555e-07,test_field
numba,16,128,64,1024,cpu,1,0.1260216236114502,9.61468686000444e-07,test_field
numba,16,128,64,1024,cpu,2,0.12896347045898438,9.839131962507963e-07,test_field
numba,16,128,64,1024,cpu,3,0.12640070915222168,9.64360879152082e-07,test_field
numba,16,128,64,1024,cpu,4,0.12531280517578125,9.560608305037022e-07,test_field
jax,16,128,64,1024,cpu,0,0.3224925994873047,2.460423274897039e-06,test_field
jax,16,128,64,1024,cpu,1,0.32031869888305664,2.443837729515508e-06,test_field
jax,16,128,64,1024,cpu,2,0.3172311782836914,2.420281816739589e-06,test_field
jax,16,128,64,1024,cpu,3,0.32385969161987305,2.470853360136971e-06,test_field
jax,16,128,64,1024,cpu,4,0.31857848167419434,2.4305609258590266e-06,test_field
jax,16,128,64,1024,gpu,0,0.11640405654907227,8.880924724508077e-07,test_field
jax,16,128,64,1024,gpu,1,0.11472582817077637,8.752886060392484e-07,test_field
jax,16,128,64,1024,gpu,2,0.11590075492858887,8.842525858199224e-07,test_field
jax,16,128,64,1024,gpu,3,0.11542725563049316,8.806400728644803e-07,test_field
jax,16,128,64,1024,gpu,4,0.11628460884094238,8.871811587596312e-07,test_field
torch,16,128,64,1024,cpu,0,7.773578643798828,5.930769839324057e-05,test_field
torch,16,128,64,1024,cpu,1,10.127358436584473,7.726561307208613e-05,test_field
torch,16,128,64,1024,cpu,2,9.399827003479004,7.171498873503879e-05,test_field
torch,16,128,64,1024,cpu,3,7.7027060985565186,5.8766983784153126e-05,test_field
torch,16,128,64,1024,cpu,4,7.563290357589722,5.770332609245088e-05,test_field
torch,16,128,64,1024,gpu,0,0.3127892017364502,2.386392225162126e-06,test_field
torch,16,128,64,1024,gpu,1,0.3371105194091797,2.5719491532072425e-06,test_field
torch,16,128,64,1024,gpu,2,0.38629651069641113,2.9472084861481562e-06,test_field
torch,16,128,64,1024,gpu,3,0.3706550598144531,2.8278736863285303e-06,test_field
torch,16,128,64,1024,gpu,4,0.3152339458465576,2.4050441425060853e-06,test_field
gt4py,16,128,64,1024,cpu,0,0.5237493515014648,3.99589043809101e-06,test_field
gt4py,16,128,64,1024,cpu,1,0.5310933589935303,4.051920768688433e-06,test_field
gt4py,16,128,64,1024,cpu,2,0.534674882888794,4.079245627508499e-06,test_field
gt4py,16,128,64,1024,cpu,3,0.540921688079834,4.126904968870804e-06,test_field
gt4py,16,128,64,1024,cpu,4,0.5238995552062988,3.997036401415244e-06,test_field
cupy,16,128,64,1024,gpu,0,0.24065756797790527,1.8360715330345556e-06,test_field
cupy,16,128,64,1024,gpu,1,0.2461400032043457,1.8778991943690926e-06,test_field
cupy,16,128,64,1024,gpu,2,0.24051809310913086,1.8350074242334813e-06,test_field
cupy,16,128,64,1024,gpu,3,0.24765825271606445,1.8894825188908726e-06,test_field
cupy,16,128,64,1024,gpu,4,0.2516746520996094,1.920125214383006e-06,test_field
numpy,16,128,64,1024,cpu,0,1.2447309494018555,9.496543498244137e-06,test_field
numpy,16,128,64,1024,cpu,1,1.2533178329467773,9.562056220602244e-06,test_field
numpy,16,128,64,1024,cpu,2,1.2385685443878174,9.449528079130687e-06,test_field
numpy,16,128,64,1024,cpu,3,1.2397096157073975,9.458233762416057e-06,test_field
numpy,16,128,64,1024,cpu,4,1.2391278743743896,9.453795428271405e-06,test_field
fortran,16,128,64,1024,cpu,0,0.113711114,8.675469512939453e-07,test_field
fortran,16,128,64,1024,cpu,1,0.11596484,8.847415161132812e-07,test_field
fortran,16,128,64,1024,cpu,2,0.115400409,8.804352493286132e-07,test_field
fortran,16,128,64,1024,cpu,3,0.113208473,8.637121047973633e-07,test_field
fortran,16,128,64,1024,cpu,4,0.113581711,8.66559684753418e-07,test_field
numba,16,256,16,1024,cpu,0,0.12420415878295898,1.8952050595544279e-06,test_field
numba,16,256,16,1024,cpu,1,0.12626290321350098,1.926619006553665e-06,test_field
numba,16,256,16,1024,cpu,2,0.12813043594360352,1.955115294549614e-06,test_field
numba,16,256,16,1024,cpu,3,0.12438392639160156,1.897948095574975e-06,test_field
numba,16,256,16,1024,cpu,4,0.12497448921203613,1.9069593690801412e-06,test_field
jax,16,256,16,1024,cpu,0,0.2164168357849121,3.3022588468156755e-06,test_field
jax,16,256,16,1024,cpu,1,0.21326279640197754,3.2541320251766592e-06,test_field
jax,16,256,16,1024,cpu,2,0.21448183059692383,3.272733010817319e-06,test_field
jax,16,256,16,1024,cpu,3,0.2140059471130371,3.265471605118364e-06,test_field
jax,16,256,16,1024,cpu,4,0.21290922164916992,3.2487369026057422e-06,test_field
jax,16,256,16,1024,gpu,0,0.12134170532226562,1.8515274859964848e-06,test_field
jax,16,256,16,1024,gpu,1,0.12111759185791016,1.8481077859178185e-06,test_field
jax,16,256,16,1024,gpu,2,0.11667013168334961,1.7802449292503297e-06,test_field
jax,16,256,16,1024,gpu,3,0.12129783630371094,1.8508580978959799e-06,test_field
jax,16,256,16,1024,gpu,4,0.12090396881103516,1.8448481569066644e-06,test_field
torch,16,256,16,1024,cpu,0,7.6684088706970215,0.00011701063340296969,test_field
torch,16,256,16,1024,cpu,1,9.86067509651184,0.000150461961311521,test_field
torch,16,256,16,1024,cpu,2,7.6852617263793945,0.00011726778757292777,test_field
torch,16,256,16,1024,cpu,3,7.818115711212158,0.00011929497850360349,test_field
torch,16,256,16,1024,cpu,4,7.6262900829315186,0.00011636795170488767,test_field
torch,16,256,16,1024,gpu,0,0.39228010177612305,5.985719326417893e-06,test_field
torch,16,256,16,1024,gpu,1,0.3179318904876709,4.8512556531932205e-06,test_field
torch,16,256,16,1024,gpu,2,0.38276124000549316,5.8404730225447565e-06,test_field
torch,16,256,16,1024,gpu,3,0.38900017738342285,5.9356716519687325e-06,test_field
torch,16,256,16,1024,gpu,4,0.30042576789855957,4.584133421303704e-06,test_field
gt4py,16,256,16,1024,cpu,0,0.3886401653289795,5.930178303970024e-06,test_field
gt4py,16,256,16,1024,cpu,1,0.37732934951782227,5.757588951382786e-06,test_field
gt4py,16,256,16,1024,cpu,2,0.3862006664276123,5.892954504815862e-06,test_field
gt4py,16,256,16,1024,cpu,3,0.3823354244232178,5.833975592395291e-06,test_field
gt4py,16,256,16,1024,cpu,4,0.4048192501068115,6.177051545819268e-06,test_field
cupy,16,256,16,1024,gpu,0,0.24379897117614746,3.7200770748313516e-06,test_field
cupy,16,256,16,1024,gpu,1,0.2523167133331299,3.85004750569351e-06,test_field
cupy,16,256,16,1024,gpu,2,0.24375295639038086,3.719374944921583e-06,test_field
cupy,16,256,16,1024,gpu,3,0.2418677806854248,3.6906094464939088e-06,test_field
cupy,16,256,16,1024,gpu,4,0.24037599563598633,3.667846613097936e-06,test_field
numpy,16,256,16,1024,cpu,0,0.641141414642334,9.783041605260223e-06,test_field
numpy,16,256,16,1024,cpu,1,0.6374239921569824,9.72631823970005e-06,test_field
numpy,16,256,16,1024,cpu,2,0.63956618309021,9.759005479281768e-06,test_field
numpy,16,256,16,1024,cpu,3,0.639927864074707,9.764524293132126e-06,test_field
numpy,16,256,16,1024,cpu,4,0.6386785507202148,9.745461284182966e-06,test_field
fortran,16,256,16,1024,cpu,0,0.059922819,9.143496551513672e-07,test_field
fortran,16,256,16,1024,cpu,1,0.06131388,9.355755615234375e-07,test_field
fortran,16,256,16,1024,cpu,2,0.062751915,9.575182342529298e-07,test_field
fortran,16,256,16,1024,cpu,3,0.063474037,9.685369415283203e-07,test_field
fortran,16,256,16,1024,cpu,4,0.061579087,9.396222991943359e-07,test_field
numba,16,256,32,1024,cpu,0,0.1474766731262207,1.125157723436132e-06,test_field
numba,16,256,32,1024,cpu,1,0.12942051887512207,9.874001989373937e-07,test_field
numba,16,256,32,1024,cpu,2,0.13112998008728027,1.0004423529608175e-06,test_field
numba,16,256,32,1024,cpu,3,0.13013195991516113,9.928280633175746e-07,test_field
numba,16,256,32,1024,cpu,4,0.13166117668151855,1.0044950613519177e-06,test_field
jax,16,256,32,1024,cpu,0,0.31836962699890137,2.4289674911415204e-06,test_field
jax,16,256,32,1024,cpu,1,0.31750059127807617,2.422337274765596e-06,test_field
jax,16,256,32,1024,cpu,2,0.3123745918273926,2.38322900258936e-06,test_field
jax,16,256,32,1024,cpu,3,0.3139307498931885,2.3951015464263037e-06,test_field
jax,16,256,32,1024,cpu,4,0.3131217956542969,2.3889297153800726e-06,test_field
jax,16,256,32,1024,gpu,0,0.11623954772949219,8.86837369762361e-07,test_field
jax,16,256,32,1024,gpu,1,0.11132240295410156,8.493225323036313e-07,test_field
jax,16,256,32,1024,gpu,2,0.11566686630249023,8.824681572150439e-07,test_field
jax,16,256,32,1024,gpu,3,0.11603784561157227,8.852985047269613e-07,test_field
jax,16,256,32,1024,gpu,4,0.11606907844543457,8.855367923388258e-07,test_field
torch,16,256,32,1024,cpu,0,10.276478290557861,7.84033072704915e-05,test_field
torch,16,256,32,1024,cpu,1,7.6204845905303955,5.8139683460467495e-05,test_field
torch,16,256,32,1024,cpu,2,10.236461877822876,7.809800627001096e-05,test_field
torch,16,256,32,1024,cpu,3,10.313119888305664,7.868286047596484e-05,test_field
torch,16,256,32,1024,cpu,4,7.82646369934082,5.97111793467775e-05,test_field
torch,16,256,32,1024,gpu,0,0.37599921226501465,2.8686463338090107e-06,test_field
torch,16,256,32,1024,gpu,1,0.3836500644683838,2.9270177037687972e-06,test_field
torch,16,256,32,1024,gpu,2,0.3379020690917969,2.5779881980270147e-06,test_field
torch,16,256,32,1024,gpu,3,0.3848416805267334,2.9361090128077194e-06,test_field
torch,16,256,32,1024,gpu,4,0.37840867042541504,2.887029040721245e-06,test_field
gt4py,16,256,32,1024,cpu,0,0.5376884937286377,4.102237653569318e-06,test_field
gt4py,16,256,32,1024,cpu,1,0.5227346420288086,3.988148819189519e-06,test_field
gt4py,16,256,32,1024,cpu,2,0.5134718418121338,3.917479261872359e-06,test_field
gt4py,16,256,32,1024,cpu,3,0.5390610694885254,4.112709575565532e-06,test_field
gt4py,16,256,32,1024,cpu,4,0.5615694522857666,4.2844349081860855e-06,test_field
cupy,16,256,32,1024,gpu,0,0.2438335418701172,1.86030229087919e-06,test_field
cupy,16,256,32,1024,gpu,1,0.23705124855041504,1.808557499316521e-06,test_field
cupy,16,256,32,1024,gpu,2,0.24781346321105957,1.890666680992581e-06,test_field
cupy,16,256,32,1024,gpu,3,0.24476408958435059,1.8674018065212294e-06,test_field
cupy,16,256,32,1024,gpu,4,0.23562359809875488,1.7976653907680884e-06,test_field
numpy,16,256,32,1024,cpu,0,1.2311439514160156,9.392882930114865e-06,test_field
numpy,16,256,32,1024,cpu,1,1.2206895351409912,9.313122063758783e-06,test_field
numpy,16,256,32,1024,cpu,2,1.220404863357544,9.31095019041095e-06,test_field
numpy,16,256,32,1024,cpu,3,1.2142531871795654,9.264016625820659e-06,test_field
numpy,16,256,32,1024,cpu,4,1.2173118591308594,9.287352440878749e-06,test_field
fortran,16,256,32,1024,cpu,0,0.112287365,8.566846084594727e-07,test_field
fortran,16,256,32,1024,cpu,1,0.107388157,8.193066177368164e-07,test_field
fortran,16,256,32,1024,cpu,2,0.112182408,8.558838500976562e-07,test_field
fortran,16,256,32,1024,cpu,3,0.10930525,8.339328765869141e-07,test_field
fortran,16,256,32,1024,cpu,4,0.111058443,8.473086776733399e-07,test_field
numba,16,256,64,1024,cpu,0,0.1483612060546875,5.659530870616436e-07,test_field
numba,16,256,64,1024,cpu,1,0.14336252212524414,5.468846211442724e-07,test_field
numba,16,256,64,1024,cpu,2,0.1436753273010254,5.480778781929985e-07,test_field
numba,16,256,64,1024,cpu,3,0.15575695037841797,5.941656127106398e-07,test_field
numba,16,256,64,1024,cpu,4,0.14826703071594238,5.655938366544433e-07,test_field
jax,16,256,64,1024,cpu,0,0.5550529956817627,2.117359144904185e-06,test_field
jax,16,256,64,1024,cpu,1,0.5535998344421387,2.111815774696879e-06,test_field
jax,16,256,64,1024,cpu,2,0.5530788898468018,2.1098285287735052e-06,test_field
jax,16,256,64,1024,cpu,3,0.5527544021606445,2.1085907064843923e-06,test_field
jax,16,256,64,1024,cpu,4,0.560356855392456,2.1375917640398256e-06,test_field
jax,16,256,64,1024,gpu,0,0.1285700798034668,4.904559318674728e-07,test_field
jax,16,256,64,1024,gpu,1,0.1281442642211914,4.888315743301064e-07,test_field
jax,16,256,64,1024,gpu,2,0.12768054008483887,4.87062607135158e-07,test_field
jax,16,256,64,1024,gpu,3,0.12872862815856934,4.910607458441518e-07,test_field
jax,16,256,64,1024,gpu,4,0.12873148918151855,4.910716597805731e-07,test_field
torch,16,256,64,1024,cpu,0,8.77988886833191,3.349261805851711e-05,test_field
torch,16,256,64,1024,cpu,1,6.794447898864746,2.5918761821230873e-05,test_field
torch,16,256,64,1024,cpu,2,12.587450504302979,4.80173130199546e-05,test_field
torch,16,256,64,1024,cpu,3,9.069335699081421,3.4596770092321094e-05,test_field
torch,16,256,64,1024,cpu,4,8.91655945777893,3.401397498237202e-05,test_field
torch,16,256,64,1024,gpu,0,0.27377867698669434,1.044382770487573e-06,test_field
torch,16,256,64,1024,gpu,1,0.3741886615753174,1.4274164641392417e-06,test_field
torch,16,256,64,1024,gpu,2,0.3073093891143799,1.172292286355514e-06,test_field
torch,16,256,64,1024,gpu,3,0.37400031089782715,1.4266979633248411e-06,test_field
torch,16,256,64,1024,gpu,4,0.3592374324798584,1.3703820513910614e-06,test_field
gt4py,16,256,64,1024,cpu,0,0.7759606838226318,2.960055098810699e-06,test_field
gt4py,16,256,64,1024,cpu,1,0.7925610542297363,3.0233804864110425e-06,test_field
gt4py,16,256,64,1024,cpu,2,0.7950413227081299,3.0328419597935863e-06,test_field
gt4py,16,256,64,1024,cpu,3,0.755903959274292,2.883544766518753e-06,test_field
gt4py,16,256,64,1024,cpu,4,0.7763056755065918,2.9613711376441643e-06,test_field
cupy,16,256,64,1024,gpu,0,0.2137279510498047,8.153074304573238e-07,test_field
cupy,16,256,64,1024,gpu,1,0.2444007396697998,9.323148333351128e-07,test_field
cupy,16,256,64,1024,gpu,2,0.23762035369873047,9.064497135113925e-07,test_field
cupy,16,256,64,1024,gpu,3,0.22147774696350098,8.448705557384528e-07,test_field
cupy,16,256,64,1024,gpu,4,0.24885129928588867,9.49292370933108e-07,test_field
numpy,16,256,64,1024,cpu,0,2.424607276916504,9.249142749467865e-06,test_field
numpy,16,256,64,1024,cpu,1,2.3917338848114014,9.123740710492712e-06,test_field
numpy,16,256,64,1024,cpu,2,2.3749046325683594,9.059542207978666e-06,test_field
numpy,16,256,64,1024,cpu,3,2.411759853363037,9.200133717968129e-06,test_field
numpy,16,256,64,1024,cpu,4,2.3753392696380615,9.061200216819998e-06,test_field
fortran,16,256,64,1024,cpu,0,0.212212506,8.095264663696289e-07,test_field
fortran,16,256,64,1024,cpu,1,0.215417147,8.217512016296387e-07,test_field
fortran,16,256,64,1024,cpu,2,0.21567906,8.227503204345703e-07,test_field
fortran,16,256,64,1024,cpu,3,0.214919723,8.198536796569824e-07,test_field
fortran,16,256,64,1024,cpu,4,0.215349853,8.214944953918457e-07,test_field
numba,16,512,16,1024,cpu,0,0.14735198020935059,1.1242063919780776e-06,test_field
numba,16,512,16,1024,cpu,1,0.14736080169677734,1.1242736945860088e-06,test_field
numba,16,512,16,1024,cpu,2,0.14864182472229004,1.1340471246512607e-06,test_field
numba,16,512,16,1024,cpu,3,0.1464848518371582,1.1175907275173813e-06,test_field
numba,16,512,16,1024,cpu,4,0.15040278434753418,1.1474821803858504e-06,test_field
jax,16,512,16,1024,cpu,0,0.3177945613861084,2.424580088700168e-06,test_field
jax,16,512,16,1024,cpu,1,0.31321239471435547,2.38962093135342e-06,test_field
jax,16,512,16,1024,cpu,2,0.3113851547241211,2.3756801965646446e-06,test_field
jax,16,512,16,1024,cpu,3,0.3152298927307129,2.405013219686225e-06,test_field
jax,16,512,16,1024,cpu,4,0.31241321563720703,2.3835236788727343e-06,test_field
jax,16,512,16,1024,gpu,0,0.11941957473754883,9.110990504268557e-07,test_field
jax,16,512,16,1024,gpu,1,0.11585521697998047,8.839051588438451e-07,test_field
jax,16,512,16,1024,gpu,2,0.11631155014038086,8.873867045622319e-07,test_field
jax,16,512,16,1024,gpu,3,0.11569476127624512,8.826809789752588e-07,test_field
jax,16,512,16,1024,gpu,4,0.1177055835723877,8.980223356047645e-07,test_field
torch,16,512,16,1024,cpu,0,10.359502077102661,7.903672849352006e-05,test_field
torch,16,512,16,1024,cpu,1,7.8441736698150635,5.984629569866229e-05,test_field
torch,16,512,16,1024,cpu,2,9.98673415184021,7.61927349230973e-05,test_field
torch,16,512,16,1024,cpu,3,7.741076946258545,5.905973011977039e-05,test_field
torch,16,512,16,1024,cpu,4,9.338494777679443,7.124706098693423e-05,test_field
torch,16,512,16,1024,gpu,0,0.3894023895263672,2.970904461108148e-06,test_field
torch,16,512,16,1024,gpu,1,0.300060510635376,2.28928001888562e-06,test_field
torch,16,512,16,1024,gpu,2,0.3648335933685303,2.783459422062151e-06,test_field
torch,16,512,16,1024,gpu,3,0.3579680919647217,2.7310798031976447e-06,test_field
torch,16,512,16,1024,gpu,4,0.39830875396728516,3.038854629267007e-06,test_field
gt4py,16,512,16,1024,cpu,0,0.5027570724487305,3.835732059087604e-06,test_field
gt4py,16,512,16,1024,cpu,1,0.5148735046386719,3.928173100575805e-06,test_field
gt4py,16,512,16,1024,cpu,2,0.5111777782440186,3.89997694583144e-06,test_field
gt4py,16,512,16,1024,cpu,3,0.5140151977539062,3.92162473872304e-06,test_field
gt4py,16,512,16,1024,cpu,4,0.5054645538330078,3.856388502754271e-06,test_field
cupy,16,512,16,1024,gpu,0,0.23383569717407227,1.784024789230898e-06,test_field
cupy,16,512,16,1024,gpu,1,0.2576286792755127,1.9655508367577568e-06,test_field
cupy,16,512,16,1024,gpu,2,0.2433919906616211,1.856933522503823e-06,test_field
cupy,16,512,16,1024,gpu,3,0.23016595840454102,1.7560269043315202e-06,test_field
cupy,16,512,16,1024,gpu,4,0.24843692779541016,1.8954233382828534e-06,test_field
numpy,16,512,16,1024,cpu,0,1.202174425125122,9.171862984658219e-06,test_field
numpy,16,512,16,1024,cpu,1,1.2064905166625977,9.20479214983061e-06,test_field
numpy,16,512,16,1024,cpu,2,1.233544111251831,9.411194696440361e-06,test_field
numpy,16,512,16,1024,cpu,3,1.2146868705749512,9.267325367545709e-06,test_field
numpy,16,512,16,1024,cpu,4,1.215667724609375,9.274808689951897e-06,test_field
fortran,16,512,16,1024,cpu,0,0.105292841,8.033206253051758e-07,test_field
fortran,16,512,16,1024,cpu,1,0.107883579,8.230863876342773e-07,test_field
fortran,16,512,16,1024,cpu,2,0.111170554,8.481640167236328e-07,test_field
fortran,16,512,16,1024,cpu,3,0.107816701,8.225761489868164e-07,test_field
fortran,16,512,16,1024,cpu,4,0.107728896,8.2190625e-07,test_field
numba,16,512,32,1024,cpu,0,0.16294169425964355,6.21573235548567e-07,test_field
numba,16,512,32,1024,cpu,1,0.1574699878692627,6.007003321428783e-07,test_field
numba,16,512,32,1024,cpu,2,0.1594867706298828,6.083937478251755e-07,test_field
numba,16,512,32,1024,cpu,3,0.15572428703308105,5.940410119364969e-07,test_field
numba,16,512,32,1024,cpu,4,0.15831851959228516,6.039372237864882e-07,test_field
jax,16,512,32,1024,cpu,0,0.5483758449554443,2.0918878362863325e-06,test_field
jax,16,512,32,1024,cpu,1,0.5504434108734131,2.0997749743401073e-06,test_field
jax,16,512,32,1024,cpu,2,0.5470461845397949,2.086815584334545e-06,test_field
jax,16,512,32,1024,cpu,3,0.5504791736602783,2.0999113985453732e-06,test_field
jax,16,512,32,1024,cpu,4,0.5462949275970459,2.0839497665292583e-06,test_field
jax,16,512,32,1024,gpu,0,0.13005924224853516,4.961366357747465e-07,test_field
jax,16,512,32,1024,gpu,1,0.12883567810058594,4.914691089652479e-07,test_field
jax,16,512,32,1024,gpu,2,0.12952971458435059,4.941166480421089e-07,test_field
jax,16,512,32,1024,gpu,3,0.12955880165100098,4.942276063957252e-07,test_field
jax,16,512,32,1024,gpu,4,0.12933611869812012,4.933781383442692e-07,test_field
torch,16,512,32,1024,cpu,0,8.584722995758057,3.274811933806632e-05,test_field
torch,16,512,32,1024,cpu,1,8.650235414505005,3.299802938272478e-05,test_field
torch,16,512,32,1024,cpu,2,8.18502426147461,3.122338966932148e-05,test_field
torch,16,512,32,1024,cpu,3,8.809837341308594,3.360686241649091e-05,test_field
torch,16,512,32,1024,cpu,4,8.635205268859863,3.2940693927230313e-05,test_field
torch,16,512,32,1024,gpu,0,0.35096311569213867,1.338818037766032e-06,test_field
torch,16,512,32,1024,gpu,1,0.41807007789611816,1.5948107829899527e-06,test_field
torch,16,512,32,1024,gpu,2,0.3871030807495117,1.476681063650176e-06,test_field
torch,16,512,32,1024,gpu,3,0.3338778018951416,1.2736427379422821e-06,test_field
torch,16,512,32,1024,gpu,4,0.33087587356567383,1.2621912901522592e-06,test_field
gt4py,16,512,32,1024,cpu,0,0.7827646732330322,2.9860102586098947e-06,test_field
gt4py,16,512,32,1024,cpu,1,0.7652230262756348,2.9190941859269515e-06,test_field
gt4py,16,512,32,1024,cpu,2,0.7575294971466064,2.889745701395441e-06,test_field
gt4py,16,512,32,1024,cpu,3,0.7739741802215576,2.952477188955527e-06,test_field
gt4py,16,512,32,1024,cpu,4,0.7709512710571289,2.940945705631748e-06,test_field
cupy,16,512,32,1024,gpu,0,0.24131035804748535,9.205259630107321e-07,test_field
cupy,16,512,32,1024,gpu,1,0.242997407913208,9.269615475204773e-07,test_field
cupy,16,512,32,1024,gpu,2,0.24360084533691406,9.292634786106646e-07,test_field
cupy,16,512,32,1024,gpu,3,0.24091267585754395,9.190089258481748e-07,test_field
cupy,16,512,32,1024,gpu,4,0.23339295387268066,8.903234629542567e-07,test_field
numpy,16,512,32,1024,cpu,0,2.4005768299102783,9.15747386898147e-06,test_field
numpy,16,512,32,1024,cpu,1,2.3671154975891113,9.029829016071744e-06,test_field
numpy,16,512,32,1024,cpu,2,2.404247283935547,9.171475539915264e-06,test_field
numpy,16,512,32,1024,cpu,3,2.3580949306488037,8.995418284030166e-06,test_field
numpy,16,512,32,1024,cpu,4,2.3719799518585205,9.048385436472017e-06,test_field
fortran,16,512,32,1024,cpu,0,0.225201741,8.590764656066895e-07,test_field
fortran,16,512,32,1024,cpu,1,0.221917168,8.465468139648437e-07,test_field
fortran,16,512,32,1024,cpu,2,0.218547188,8.336913604736328e-07,test_field
fortran,16,512,32,1024,cpu,3,0.214950592,8.19971435546875e-07,test_field
fortran,16,512,32,1024,cpu,4,0.219836301,8.386089363098145e-07,test_field
numba,16,512,64,1024,cpu,0,0.17325615882873535,3.304598976683337e-07,test_field
numba,16,512,64,1024,cpu,1,0.17756438255310059,3.3867718229885213e-07,test_field
numba,16,512,64,1024,cpu,2,0.17579174041748047,3.3529613574501127e-07,test_field
numba,16,512,64,1024,cpu,3,0.17455101013183594,3.329296305309981e-07,test_field
numba,16,512,64,1024,cpu,4,0.1755824089050293,3.3489686757093295e-07,test_field
jax,16,512,64,1024,cpu,0,1.0191214084625244,1.9438198251009453e-06,test_field
jax,16,512,64,1024,cpu,1,1.0298395156860352,1.9642629922600463e-06,test_field
jax,16,512,64,1024,cpu,2,1.0156152248382568,1.937132310558809e-06,test_field
jax,16,512,64,1024,cpu,3,1.0217978954315186,1.9489248188619968e-06,test_field
jax,16,512,64,1024,cpu,4,1.0183007717132568,1.942254584719194e-06,test_field
jax,16,512,64,1024,gpu,0,0.1350419521331787,2.575720827735495e-07,test_field
jax,16,512,64,1024,gpu,1,0.13157224655151367,2.5095414457609877e-07,test_field
jax,16,512,64,1024,gpu,2,0.1325061321258545,2.5273538994952105e-07,test_field
jax,16,512,64,1024,gpu,3,0.13247895240783691,2.5268354875152e-07,test_field
jax,16,512,64,1024,gpu,4,0.13248443603515625,2.526940079405904e-07,test_field
torch,16,512,64,1024,cpu,0,8.384364366531372,1.5991905911505455e-05,test_field
torch,16,512,64,1024,cpu,1,6.702195644378662,1.2783423699147534e-05,test_field
torch,16,512,64,1024,cpu,2,11.53855037689209,2.2008038286003284e-05,test_field
torch,16,512,64,1024,cpu,3,11.226701259613037,2.1413233298517298e-05,test_field
torch,16,512,64,1024,cpu,4,8.437385082244873,1.609303490113234e-05,test_field
torch,16,512,64,1024,gpu,0,0.2943406105041504,5.614101610262878e-07,test_field
torch,16,512,64,1024,gpu,1,0.3222196102142334,6.145851330074947e-07,test_field
torch,16,512,64,1024,gpu,2,0.36415767669677734,6.945756467757747e-07,test_field
torch,16,512,64,1024,gpu,3,0.29895734786987305,5.702158887288533e-07,test_field
torch,16,512,64,1024,gpu,4,0.3005518913269043,5.73257239011582e-07,test_field
gt4py,16,512,64,1024,cpu,0,1.279322624206543,2.4401142582064494e-06,test_field
gt4py,16,512,64,1024,cpu,1,1.296879768371582,2.4736018531257287e-06,test_field
gt4py,16,512,64,1024,cpu,2,1.2988982200622559,2.4774517441983335e-06,test_field
gt4py,16,512,64,1024,cpu,3,1.3091330528259277,2.4969731384771876e-06,test_field
gt4py,16,512,64,1024,cpu,4,1.2788910865783691,2.439291165501345e-06,test_field
cupy,16,512,64,1024,gpu,0,0.2522313594818115,4.810931386600714e-07,test_field
cupy,16,512,64,1024,gpu,1,0.24189496040344238,4.6137802200973965e-07,test_field
cupy,16,512,64,1024,gpu,2,0.2320098876953125,4.4252374209463596e-07,test_field
cupy,16,512,64,1024,gpu,3,0.242997407913208,4.6348077376023866e-07,test_field
cupy,16,512,64,1024,gpu,4,0.2572758197784424,4.907146831101272e-07,test_field
numpy,16,512,64,1024,cpu,0,4.8641157150268555,9.277564458898269e-06,test_field
numpy,16,512,64,1024,cpu,1,4.824100494384766,9.201241482514888e-06,test_field
numpy,16,512,64,1024,cpu,2,4.809523582458496,9.17343822948169e-06,test_field
numpy,16,512,64,1024,cpu,3,4.778627634048462,9.114508884522365e-06,test_field
numpy,16,512,64,1024,cpu,4,4.8584582805633545,9.266773759009084e-06,test_field
fortran,16,512,64,1024,cpu,0,0.381380025,7.274246692657471e-07,test_field
fortran,16,512,64,1024,cpu,1,0.3807123,7.261510848999024e-07,test_field
fortran,16,512,64,1024,cpu,2,0.382251871,7.290875835418702e-07,test_field
fortran,16,512,64,1024,cpu,3,0.388380459,7.407769374847412e-07,test_field
fortran,16,512,64,1024,cpu,4,0.384964208,7.342609558105468e-07,test_field
numba,32,16,16,1024,cpu,0,0.11394476890563965,1.3909273548051715e-05,test_field
numba,32,16,16,1024,cpu,1,0.11587142944335938,1.414446160197258e-05,test_field
numba,32,16,16,1024,cpu,2,0.11398506164550781,1.3914192095398903e-05,test_field
numba,32,16,16,1024,cpu,3,0.11416482925415039,1.393613638356328e-05,test_field
numba,32,16,16,1024,cpu,4,0.11867189407348633,1.4486315194517374e-05,test_field
jax,32,16,16,1024,cpu,0,0.11803936958312988,1.440910273231566e-05,test_field
jax,32,16,16,1024,cpu,1,0.11565637588500977,1.4118209946900606e-05,test_field
jax,32,16,16,1024,cpu,2,0.11482048034667969,1.4016171917319298e-05,test_field
jax,32,16,16,1024,cpu,3,0.11479544639587402,1.401311601512134e-05,test_field
jax,32,16,16,1024,cpu,4,0.11631560325622559,1.4198682038113475e-05,test_field
jax,32,16,16,1024,gpu,0,0.11944270133972168,1.4580407878383994e-05,test_field
jax,32,16,16,1024,gpu,1,0.11963605880737305,1.4604011084884405e-05,test_field
jax,32,16,16,1024,gpu,2,0.12050151824951172,1.4709657989442348e-05,test_field
jax,32,16,16,1024,gpu,3,0.12018465995788574,1.467097899876535e-05,test_field
jax,32,16,16,1024,gpu,4,0.1214604377746582,1.4826713595539331e-05,test_field
torch,32,16,16,1024,cpu,0,0.1863694190979004,2.275017322972417e-05,test_field
torch,32,16,16,1024,cpu,1,0.1755046844482422,2.1423911675810814e-05,test_field
torch,32,16,16,1024,cpu,2,0.17606282234191895,2.1492043742910028e-05,test_field
torch,32,16,16,1024,cpu,3,0.18062448501586914,2.2048887331038713e-05,test_field
torch,32,16,16,1024,cpu,4,0.1724410057067871,2.1049927454441786e-05,test_field
torch,32,16,16,1024,gpu,0,0.3383018970489502,4.129661829210818e-05,test_field
torch,32,16,16,1024,gpu,1,0.39128565788269043,4.776436253450811e-05,test_field
torch,32,16,16,1024,gpu,2,0.3477821350097656,4.245387390255928e-05,test_field
torch,32,16,16,1024,gpu,3,0.3152639865875244,3.8484373362734914e-05,test_field
torch,32,16,16,1024,gpu,4,0.3807373046875,4.647672176361084e-05,test_field
gt4py,32,16,16,1024,cpu,0,0.24865961074829102,3.0353956390172243e-05,test_field
gt4py,32,16,16,1024,cpu,1,0.25443267822265625,3.105867654085159e-05,test_field
gt4py,32,16,16,1024,cpu,2,0.25585269927978516,3.12320189550519e-05,test_field
gt4py,32,16,16,1024,cpu,3,0.26486992835998535,3.2332754926756024e-05,test_field
gt4py,32,16,16,1024,cpu,4,0.2462904453277588,3.006475162692368e-05,test_field
cupy,32,16,16,1024,gpu,0,0.2549018859863281,3.1115952879190445e-05,test_field
cupy,32,16,16,1024,gpu,1,0.22993898391723633,2.8068723622709513e-05,test_field
cupy,32,16,16,1024,gpu,2,0.2608301639556885,3.183961962349713e-05,test_field
cupy,32,16,16,1024,gpu,3,0.2550983428955078,3.1139934435486794e-05,test_field
cupy,32,16,16,1024,gpu,4,0.23181700706481934,2.8297974495217204e-05,test_field
numpy,32,16,16,1024,cpu,0,0.07709908485412598,9.411509381607175e-06,test_field
numpy,32,16,16,1024,cpu,1,0.0747976303100586,9.130570106208324e-06,test_field
numpy,32,16,16,1024,cpu,2,0.07579565048217773,9.252398740500212e-06,test_field
numpy,32,16,16,1024,cpu,3,0.07638788223266602,9.324692655354738e-06,test_field
numpy,32,16,16,1024,cpu,4,0.07607793807983398,9.286857675760984e-06,test_field
fortran,32,16,16,1024,cpu,0,0.019672537,2.4014327392578125e-06,test_field
fortran,32,16,16,1024,cpu,1,0.021836217,2.6655538330078127e-06,test_field
fortran,32,16,16,1024,cpu,2,0.021949654,2.679401123046875e-06,test_field
fortran,32,16,16,1024,cpu,3,0.020218569,2.4680870361328123e-06,test_field
fortran,32,16,16,1024,cpu,4,0.022030644,2.68928759765625e-06,test_field
numba,32,16,32,1024,cpu,0,0.11238861083984375,6.859656423330307e-06,test_field
numba,32,16,32,1024,cpu,1,0.11643719673156738,7.1067624958232045e-06,test_field
numba,32,16,32,1024,cpu,2,0.11305522918701172,6.900343578308821e-06,test_field
numba,32,16,32,1024,cpu,3,0.1132364273071289,6.9114030338823795e-06,test_field
numba,32,16,32,1024,cpu,4,0.11458158493041992,6.993504939600825e-06,test_field
jax,32,16,32,1024,cpu,0,0.14512109756469727,8.857488865032792e-06,test_field
jax,32,16,32,1024,cpu,1,0.146256685256958,8.926799637265503e-06,test_field
jax,32,16,32,1024,cpu,2,0.14447307586669922,8.817936759442091e-06,test_field
jax,32,16,32,1024,cpu,3,0.14578986167907715,8.898306987248361e-06,test_field
jax,32,16,32,1024,cpu,4,0.14395999908447266,8.786621037870646e-06,test_field
jax,32,16,32,1024,gpu,0,0.12125706672668457,7.400944014079869e-06,test_field
jax,32,16,32,1024,gpu,1,0.12024140357971191,7.338952855207026e-06,test_field
jax,32,16,32,1024,gpu,2,0.11933016777038574,7.283335435204208e-06,test_field
jax,32,16,32,1024,gpu,3,0.12126016616821289,7.4011331889778376e-06,test_field
jax,32,16,32,1024,gpu,4,0.12021160125732422,7.33713386580348e-06,test_field
torch,32,16,32,1024,cpu,0,0.2252185344696045,1.3746248441748321e-05,test_field
torch,32,16,32,1024,cpu,1,0.25089025497436523,1.5313125913962722e-05,test_field
torch,32,16,32,1024,cpu,2,0.2425384521484375,1.4803372323513031e-05,test_field
torch,32,16,32,1024,cpu,3,0.24799013137817383,1.5136116417124867e-05,test_field
torch,32,16,32,1024,cpu,4,0.2788212299346924,1.7017897334881127e-05,test_field
torch,32,16,32,1024,gpu,0,0.2927379608154297,1.786730717867613e-05,test_field
torch,32,16,32,1024,gpu,1,0.30751991271972656,1.8769525922834873e-05,test_field
torch,32,16,32,1024,gpu,2,0.28759098052978516,1.7553160432726145e-05,test_field
torch,32,16,32,1024,gpu,3,0.39601755142211914,2.417099312879145e-05,test_field
torch,32,16,32,1024,gpu,4,0.30156731605529785,1.8406208255328238e-05,test_field
gt4py,32,16,32,1024,cpu,0,0.26987147331237793,1.6471647541038692e-05,test_field
gt4py,32,16,32,1024,cpu,1,0.2747669219970703,1.677044201642275e-05,test_field
gt4py,32,16,32,1024,cpu,2,0.27289366722106934,1.665610761847347e-05,test_field
gt4py,32,16,32,1024,cpu,3,0.26523876190185547,1.6188889276236296e-05,test_field
gt4py,32,16,32,1024,cpu,4,0.25920820236206055,1.5820813132449985e-05,test_field
cupy,32,16,32,1024,gpu,0,0.25960397720336914,1.5844969311729074e-05,test_field
cupy,32,16,32,1024,gpu,1,0.2457294464111328,1.4998135156929493e-05,test_field
cupy,32,16,32,1024,gpu,2,0.24924302101135254,1.5212586731649935e-05,test_field
cupy,32,16,32,1024,gpu,3,0.24030160903930664,1.4666846254840493e-05,test_field
cupy,32,16,32,1024,gpu,4,0.24477243423461914,1.4939723769202828e-05,test_field
numpy,32,16,32,1024,cpu,0,0.14713478088378906,8.980394341051579e-06,test_field
numpy,32,16,32,1024,cpu,1,0.14726924896240234,8.988601621240377e-06,test_field
numpy,32,16,32,1024,cpu,2,0.1430959701538086,8.733884897083044e-06,test_field
numpy,32,16,32,1024,cpu,3,0.14682316780090332,8.961374987848103e-06,test_field
numpy,32,16,32,1024,cpu,4,0.14534449577331543,8.871124009601772e-06,test_field
fortran,32,16,32,1024,cpu,0,0.024140915,1.4734445190429687e-06,test_field
fortran,32,16,32,1024,cpu,1,0.027361651,1.6700226440429688e-06,test_field
fortran,32,16,32,1024,cpu,2,0.024601446,1.5015531005859374e-06,test_field
fortran,32,16,32,1024,cpu,3,0.023599971,1.4404279174804688e-06,test_field
fortran,32,16,32,1024,cpu,4,0.026917185,1.6428945922851562e-06,test_field
numba,32,16,64,1024,cpu,0,0.12051105499267578,3.6777055356651545e-06,test_field
numba,32,16,64,1024,cpu,1,0.11527442932128906,3.5178964026272297e-06,test_field
numba,32,16,64,1024,cpu,2,0.1168220043182373,3.5651246435008943e-06,test_field
numba,32,16,64,1024,cpu,3,0.11740303039550781,3.5828561522066593e-06,test_field
numba,32,16,64,1024,cpu,4,0.1166536808013916,3.559987817425281e-06,test_field
jax,32,16,64,1024,cpu,0,0.1715865135192871,5.236404831521213e-06,test_field
jax,32,16,64,1024,cpu,1,0.17169642448425293,5.239759047981352e-06,test_field
jax,32,16,64,1024,cpu,2,0.17382264137268066,5.304646037984639e-06,test_field
jax,32,16,64,1024,cpu,3,0.17435145378112793,5.320784111972898e-06,test_field
jax,32,16,64,1024,cpu,4,0.1718134880065918,5.243331543169916e-06,test_field
jax,32,16,64,1024,gpu,0,0.12205648422241211,3.7248682929202914e-06,test_field
jax,32,16,64,1024,gpu,1,0.11994433403015137,3.6604105844162405e-06,test_field
jax,32,16,64,1024,gpu,2,0.1213524341583252,3.7033823900856078e-06,test_field
jax,32,16,64,1024,gpu,3,0.12106060981750488,3.6944766179658473e-06,test_field
jax,32,16,64,1024,gpu,4,0.12114477157592773,3.697045031003654e-06,test_field
torch,32,16,64,1024,cpu,0,3.888277053833008,0.00011866079876199365,test_field
torch,32,16,64,1024,cpu,1,4.145416021347046,0.00012650805729208514,test_field
torch,32,16,64,1024,cpu,2,3.8838577270507812,0.00011852593161165714,test_field
torch,32,16,64,1024,cpu,3,3.91841983795166,0.00011958068353123963,test_field
torch,32,16,64,1024,cpu,4,3.2537028789520264,9.929513180395588e-05,test_field
torch,32,16,64,1024,gpu,0,0.3054201602935791,9.320683602709323e-06,test_field
torch,32,16,64,1024,gpu,1,0.28725409507751465,8.766299288254231e-06,test_field
torch,32,16,64,1024,gpu,2,0.38495659828186035,1.1747943062800914e-05,test_field
torch,32,16,64,1024,gpu,3,0.38237667083740234,1.1669209925457835e-05,test_field
torch,32,16,64,1024,gpu,4,0.3169407844543457,9.67226515058428e-06,test_field
gt4py,32,16,64,1024,cpu,0,0.31174254417419434,9.51362744672224e-06,test_field
gt4py,32,16,64,1024,cpu,1,0.3013572692871094,9.196694009006023e-06,test_field
gt4py,32,16,64,1024,cpu,2,0.2956254482269287,9.02177271200344e-06,test_field
gt4py,32,16,64,1024,cpu,3,0.2912266254425049,8.887531294021755e-06,test_field
gt4py,32,16,64,1024,cpu,4,0.30286169052124023,9.24260530155152e-06,test_field
cupy,32,16,64,1024,gpu,0,0.25184130668640137,7.685586751904339e-06,test_field
cupy,32,16,64,1024,gpu,1,0.23115229606628418,7.054208253975958e-06,test_field
cupy,32,16,64,1024,gpu,2,0.2264559268951416,6.9108864408917725e-06,test_field
cupy,32,16,64,1024,gpu,3,0.2373969554901123,7.24478013580665e-06,test_field
cupy,32,16,64,1024,gpu,4,0.2628006935119629,8.020040695555508e-06,test_field
numpy,32,16,64,1024,cpu,0,0.3330399990081787,1.0163574188482016e-05,test_field
numpy,32,16,64,1024,cpu,1,0.3307366371154785,1.009328116197139e-05,test_field
numpy,32,16,64,1024,cpu,2,0.3277618885040283,1.0002499038819224e-05,test_field
numpy,32,16,64,1024,cpu,3,0.33011937141418457,1.007444370770827e-05,test_field
numpy,32,16,64,1024,cpu,4,0.3381073474884033,1.0318217391613871e-05,test_field
fortran,32,16,64,1024,cpu,0,0.034689169,1.058629425048828e-06,test_field
fortran,32,16,64,1024,cpu,1,0.036184323,1.1042579040527343e-06,test_field
fortran,32,16,64,1024,cpu,2,0.036639126,1.1181373901367188e-06,test_field
fortran,32,16,64,1024,cpu,3,0.035283454,1.0767655639648437e-06,test_field
fortran,32,16,64,1024,cpu,4,0.03610679,1.1018917846679687e-06,test_field
numba,32,32,16,1024,cpu,0,0.13386249542236328,8.170318324118853e-06,test_field
numba,32,32,16,1024,cpu,1,0.11419486999511719,6.969901733100414e-06,test_field
numba,32,32,16,1024,cpu,2,0.11953449249267578,7.295806426554918e-06,test_field
numba,32,32,16,1024,cpu,3,0.11942672729492188,7.2892289608716965e-06,test_field
numba,32,32,16,1024,cpu,4,0.11343979835510254,6.9238158175721765e-06,test_field
jax,32,32,16,1024,cpu,0,0.14621615409851074,8.924325811676681e-06,test_field
jax,32,32,16,1024,cpu,1,0.14579319953918457,8.898510714061558e-06,test_field
jax,32,32,16,1024,cpu,2,0.1459949016571045,8.910821634344757e-06,test_field
jax,32,32,16,1024,cpu,3,0.14633822441101074,8.931776392273605e-06,test_field
jax,32,32,16,1024,cpu,4,0.1478877067565918,9.026349289342761e-06,test_field
jax,32,32,16,1024,gpu,0,0.12044548988342285,7.351409294642508e-06,test_field
jax,32,32,16,1024,gpu,1,0.11960721015930176,7.30024476069957e-06,test_field
jax,32,32,16,1024,gpu,2,0.11968874931335449,7.305221515707672e-06,test_field
jax,32,32,16,1024,gpu,3,0.12268590927124023,7.488153642043471e-06,test_field
jax,32,32,16,1024,gpu,4,0.12223553657531738,7.460665074177086e-06,test_field
torch,32,32,16,1024,cpu,0,0.24258732795715332,1.4806355466134846e-05,test_field
torch,32,32,16,1024,cpu,1,0.23280644416809082,1.4209377695806324e-05,test_field
torch,32,32,16,1024,cpu,2,0.23855280876159668,1.4560107956640422e-05,test_field
torch,32,32,16,1024,cpu,3,0.24810361862182617,1.514304312877357e-05,test_field
torch,32,32,16,1024,cpu,4,0.2496330738067627,1.5236393664963543e-05,test_field
torch,32,32,16,1024,gpu,0,0.3115720748901367,1.9016850274056196e-05,test_field
torch,32,32,16,1024,gpu,1,0.3728501796722412,2.2756968974135816e-05,test_field
torch,32,32,16,1024,gpu,2,0.36216259002685547,2.2104650270193815e-05,test_field
torch,32,32,16,1024,gpu,3,0.29945921897888184,1.827754022087902e-05,test_field
torch,32,32,16,1024,gpu,4,0.30684685707092285,1.8728445866145194e-05,test_field
gt4py,32,32,16,1024,cpu,0,1.5224888324737549,9.29253437789157e-05,test_field
gt4py,32,32,16,1024,cpu,1,0.2598872184753418,1.5862256987020373e-05,test_field
gt4py,32,32,16,1024,cpu,2,0.2607147693634033,1.5912766684778035e-05,test_field
gt4py,32,32,16,1024,cpu,3,0.25023722648620605,1.5273268218152225e-05,test_field
gt4py,32,32,16,1024,cpu,4,0.2551994323730469,1.5576137229800224e-05,test_field
cupy,32,32,16,1024,gpu,0,0.22994661331176758,1.4034827472642064e-05,test_field
cupy,32,32,16,1024,gpu,1,0.2484734058380127,1.5165613149292767e-05,test_field
cupy,32,32,16,1024,gpu,2,0.24334025382995605,1.4852310414426029e-05,test_field
cupy,32,32,16,1024,gpu,3,0.2448573112487793,1.4944904251024127e-05,test_field
cupy,32,32,16,1024,gpu,4,0.2416231632232666,1.474750752095133e-05,test_field
numpy,32,32,16,1024,cpu,0,0.13880157470703125,8.4717757999897e-06,test_field
numpy,32,32,16,1024,cpu,1,0.13573265075683594,8.284463547170162e-06,test_field
numpy,32,32,16,1024,cpu,2,0.14944672584533691,9.121504263021052e-06,test_field
numpy,32,32,16,1024,cpu,3,0.1324772834777832,8.085771696642041e-06,test_field
numpy,32,32,16,1024,cpu,4,0.13580632209777832,8.288960088975728e-06,test_field
fortran,32,32,16,1024,cpu,0,0.015640978,9.546495361328125e-07,test_field
fortran,32,32,16,1024,cpu,1,0.024858625,1.5172500610351562e-06,test_field
fortran,32,32,16,1024,cpu,2,0.025058939,1.5294762573242187e-06,test_field
fortran,32,32,16,1024,cpu,3,0.024192213,1.4765755004882813e-06,test_field
fortran,32,32,16,1024,cpu,4,0.023524904,1.43584619140625e-06,test_field
numba,32,32,32,1024,cpu,0,0.10963034629821777,3.3456526580266654e-06,test_field
numba,32,32,32,1024,cpu,1,0.11641073226928711,3.552573616616428e-06,test_field
numba,32,32,32,1024,cpu,2,0.1142892837524414,3.4878321457654238e-06,test_field
numba,32,32,32,1024,cpu,3,0.11554479598999023,3.5261473385617137e-06,test_field
numba,32,32,32,1024,cpu,4,0.11501550674438477,3.5099947126582265e-06,test_field
jax,32,32,32,1024,cpu,0,0.17236948013305664,5.2602990763261914e-06,test_field
jax,32,32,32,1024,cpu,1,0.17056560516357422,5.20524918101728e-06,test_field
jax,32,32,32,1024,cpu,2,0.16738104820251465,5.108064215164632e-06,test_field
jax,32,32,32,1024,cpu,3,0.171220064163208,5.225221684668213e-06,test_field
jax,32,32,32,1024,cpu,4,0.1675269603729248,5.112517101224512e-06,test_field
jax,32,32,32,1024,gpu,0,0.1243751049041748,3.7956269807182252e-06,test_field
jax,32,32,32,1024,gpu,1,0.12026047706604004,3.6700585042126477e-06,test_field
jax,32,32,32,1024,gpu,2,0.12056159973144531,3.6792480386793613e-06,test_field
jax,32,32,32,1024,gpu,3,0.12080526351928711,3.686684067361057e-06,test_field
jax,32,32,32,1024,gpu,4,0.12060332298278809,3.6805213312618434e-06,test_field
torch,32,32,32,1024,cpu,0,3.973942279815674,0.00012127509398851544,test_field
torch,32,32,32,1024,cpu,1,4.015445232391357,0.00012254166358616203,test_field
torch,32,32,32,1024,cpu,2,4.263530969619751,0.00013011263945372775,test_field
torch,32,32,32,1024,cpu,3,3.1491212844848633,9.610355482436717e-05,test_field
torch,32,32,32,1024,cpu,4,4.111489295959473,0.00012547269579954445,test_field
torch,32,32,32,1024,gpu,0,0.3193933963775635,9.747112926561385e-06,test_field
torch,32,32,32,1024,gpu,1,0.38814735412597656,1.184531720355153e-05,test_field
torch,32,32,32,1024,gpu,2,0.3911244869232178,1.193617208627984e-05,test_field
torch,32,32,32,1024,gpu,3,0.3186488151550293,9.72439011093229e-06,test_field
torch,32,32,32,1024,gpu,4,0.3361475467681885,1.0258409020025283e-05,test_field
gt4py,32,32,32,1024,cpu,0,0.29340147972106934,8.953902579378337e-06,test_field
gt4py,32,32,32,1024,cpu,1,0.2767002582550049,8.444221748504788e-06,test_field
gt4py,32,32,32,1024,cpu,2,0.28383374214172363,8.661918400321156e-06,test_field
gt4py,32,32,32,1024,cpu,3,0.2776153087615967,8.472146873828024e-06,test_field
gt4py,32,32,32,1024,cpu,4,0.2860887050628662,8.730734407436103e-06,test_field
cupy,32,32,32,1024,gpu,0,0.2631857395172119,8.031791367102414e-06,test_field
cupy,32,32,32,1024,gpu,1,0.2379298210144043,7.26104190107435e-06,test_field
cupy,32,32,32,1024,gpu,2,0.2515265941619873,7.675982487853616e-06,test_field
cupy,32,32,32,1024,gpu,3,0.2372150421142578,7.239228580147028e-06,test_field
cupy,32,32,32,1024,gpu,4,0.2633018493652344,8.035334758460522e-06,test_field
numpy,32,32,32,1024,cpu,0,0.3102843761444092,9.469127689953893e-06,test_field
numpy,32,32,32,1024,cpu,1,0.3109104633331299,9.488234354648739e-06,test_field
numpy,32,32,32,1024,cpu,2,0.31275486946105957,9.544521162752062e-06,test_field
numpy,32,32,32,1024,cpu,3,0.3215184211730957,9.811963536776602e-06,test_field
numpy,32,32,32,1024,cpu,4,0.31186747550964355,9.517440048512071e-06,test_field
fortran,32,32,32,1024,cpu,0,0.027784519,8.479162292480469e-07,test_field
fortran,32,32,32,1024,cpu,1,0.031020424,9.46668212890625e-07,test_field
fortran,32,32,32,1024,cpu,2,0.02991076,9.12803955078125e-07,test_field
fortran,32,32,32,1024,cpu,3,0.030331611,9.256473083496094e-07,test_field
fortran,32,32,32,1024,cpu,4,0.030072067,9.177266540527344e-07,test_field
numba,32,32,64,1024,cpu,0,0.11682462692260742,1.7826023395173252e-06,test_field
numba,32,32,64,1024,cpu,1,0.1207726001739502,1.8428436305839568e-06,test_field
numba,32,32,64,1024,cpu,2,0.12394309043884277,1.8912214727606624e-06,test_field
numba,32,32,64,1024,cpu,3,0.11910891532897949,1.8174578144680709e-06,test_field
numba,32,32,64,1024,cpu,4,0.12020349502563477,1.834159775171429e-06,test_field
jax,32,32,64,1024,cpu,0,0.22025227546691895,3.36078301188536e-06,test_field
jax,32,32,64,1024,cpu,1,0.22150850296020508,3.379951522219926e-06,test_field
jax,32,32,64,1024,cpu,2,0.2191774845123291,3.3443830034229904e-06,test_field
jax,32,32,64,1024,cpu,3,0.22131824493408203,3.377048415131867e-06,test_field
jax,32,32,64,1024,cpu,4,0.22083759307861328,3.36971424985677e-06,test_field
jax,32,32,64,1024,gpu,0,0.12333297729492188,1.8819118849933147e-06,test_field
jax,32,32,64,1024,gpu,1,0.12259435653686523,1.8706414266489446e-06,test_field
jax,32,32,64,1024,gpu,2,0.12138557434082031,1.8521968740969896e-06,test_field
jax,32,32,64,1024,gpu,3,0.11749482154846191,1.79282869794406e-06,test_field
jax,32,32,64,1024,gpu,4,0.12150049209594727,1.8539503798820078e-06,test_field
torch,32,32,64,1024,cpu,0,7.810148477554321,0.0001191734081658069,test_field
torch,32,32,64,1024,cpu,1,7.543852090835571,0.00011511004777275957,test_field
torch,32,32,64,1024,cpu,2,7.56955623626709,0.00011550226190593094,test_field
torch,32,32,64,1024,cpu,3,7.6245667934417725,0.00011634165639407001,test_field
torch,32,32,64,1024,cpu,4,7.525362253189087,0.000114827915240312,test_field
torch,32,32,64,1024,gpu,0,0.38914990425109863,5.937956302659586e-06,test_field
torch,32,32,64,1024,gpu,1,0.29419732093811035,4.4890948629472405e-06,test_field
torch,32,32,64,1024,gpu,2,0.3154158592224121,4.812864062841982e-06,test_field
torch,32,32,64,1024,gpu,3,0.29874539375305176,4.558492946671322e-06,test_field
torch,32,32,64,1024,gpu,4,0.3659169673919678,5.583449819823727e-06,test_field
gt4py,32,32,64,1024,cpu,0,0.34757280349731445,5.3035400924272835e-06,test_field
gt4py,32,32,64,1024,cpu,1,0.33624958992004395,5.130761564942077e-06,test_field
gt4py,32,32,64,1024,cpu,2,0.3406524658203125,5.1979441195726395e-06,test_field
gt4py,32,32,64,1024,cpu,3,0.3271825313568115,4.992409230908379e-06,test_field
gt4py,32,32,64,1024,cpu,4,0.3358190059661865,5.124191375216469e-06,test_field
cupy,32,32,64,1024,gpu,0,0.2501564025878906,3.817083779722452e-06,test_field
cupy,32,32,64,1024,gpu,1,0.2426135540008545,3.7019890442024916e-06,test_field
cupy,32,32,64,1024,gpu,2,0.2500021457672119,3.814730007434264e-06,test_field
cupy,32,32,64,1024,gpu,3,0.2327747344970703,3.551860572770238e-06,test_field
cupy,32,32,64,1024,gpu,4,0.23560166358947754,3.5949960874859244e-06,test_field
numpy,32,32,64,1024,cpu,0,0.5961794853210449,9.09697700990364e-06,test_field
numpy,32,32,64,1024,cpu,1,0.597867488861084,9.122733899857849e-06,test_field
numpy,32,32,64,1024,cpu,2,0.5872712135314941,8.961047569755465e-06,test_field
numpy,32,32,64,1024,cpu,3,0.5910446643829346,9.018625860335305e-06,test_field
numpy,32,32,64,1024,cpu,4,0.6002688407897949,9.159375622402877e-06,test_field
fortran,32,32,64,1024,cpu,0,0.046096957,7.033837432861328e-07,test_field
fortran,32,32,64,1024,cpu,1,0.046912613,7.158296661376953e-07,test_field
fortran,32,32,64,1024,cpu,2,0.047263835,7.211888885498046e-07,test_field
fortran,32,32,64,1024,cpu,3,0.047810186,7.295255432128906e-07,test_field
fortran,32,32,64,1024,cpu,4,0.046350901,7.072586212158203e-07,test_field
numba,32,64,16,1024,cpu,0,0.1194770336151123,3.646149707492441e-06,test_field
numba,32,64,16,1024,cpu,1,0.11343812942504883,3.461856977082789e-06,test_field
numba,32,64,16,1024,cpu,2,0.11883854866027832,3.6266646930016577e-06,test_field
numba,32,64,16,1024,cpu,3,0.1140139102935791,3.479428414721042e-06,test_field
numba,32,64,16,1024,cpu,4,0.1156167984008789,3.528344677761197e-06,test_field
jax,32,64,16,1024,cpu,0,0.1688368320465088,5.152491212356836e-06,test_field
jax,32,64,16,1024,cpu,1,0.1688675880432129,5.153429810889065e-06,test_field
jax,32,64,16,1024,cpu,2,0.16794300079345703,5.125213647261262e-06,test_field
jax,32,64,16,1024,cpu,3,0.1673886775970459,5.1082970458082855e-06,test_field
jax,32,64,16,1024,cpu,4,0.16820716857910156,5.133275408297777e-06,test_field
jax,32,64,16,1024,gpu,0,0.12057113647460938,3.6795390769839287e-06,test_field
jax,32,64,16,1024,gpu,1,0.11908268928527832,3.6341152735985816e-06,test_field
jax,32,64,16,1024,gpu,2,0.12007617950439453,3.664434188976884e-06,test_field
jax,32,64,16,1024,gpu,3,0.12068867683410645,3.683126124087721e-06,test_field
jax,32,64,16,1024,gpu,4,0.11939144134521484,3.643537638708949e-06,test_field
torch,32,64,16,1024,cpu,0,4.012102127075195,0.00012243964010849595,test_field
torch,32,64,16,1024,cpu,1,3.2827234268188477,0.0001001807686407119,test_field
torch,32,64,16,1024,cpu,2,3.8698318004608154,0.00011809789430117235,test_field
torch,32,64,16,1024,cpu,3,3.863213539123535,0.00011789592099376023,test_field
torch,32,64,16,1024,cpu,4,3.8028159141540527,0.0001160527317551896,test_field
torch,32,64,16,1024,gpu,0,0.2942850589752197,8.9808672782965e-06,test_field
torch,32,64,16,1024,gpu,1,0.3612992763519287,1.102597889257595e-05,test_field
torch,32,64,16,1024,gpu,2,0.36977243423461914,1.1284559150226414e-05,test_field
torch,32,64,16,1024,gpu,3,0.3276326656341553,9.998555469792336e-06,test_field
torch,32,64,16,1024,gpu,4,0.2680988311767578,8.181727025657892e-06,test_field
gt4py,32,64,16,1024,cpu,0,0.2714574337005615,8.284223440568894e-06,test_field
gt4py,32,64,16,1024,cpu,1,0.2726278305053711,8.31994111649692e-06,test_field
gt4py,32,64,16,1024,cpu,2,0.27402400970458984,8.362549124285579e-06,test_field
gt4py,32,64,16,1024,cpu,3,0.366992712020874,1.119972876040265e-05,test_field
gt4py,32,64,16,1024,cpu,4,0.2704458236694336,8.253351552411914e-06,test_field
cupy,32,64,16,1024,gpu,0,0.22551679611206055,6.882226443849504e-06,test_field
cupy,32,64,16,1024,gpu,1,0.2446601390838623,7.466434908565134e-06,test_field
cupy,32,64,16,1024,gpu,2,0.25583481788635254,7.807459041941911e-06,test_field
cupy,32,64,16,1024,gpu,3,0.2399585247039795,7.322953024413437e-06,test_field
cupy,32,64,16,1024,gpu,4,0.24445486068725586,7.460170309059322e-06,test_field
numpy,32,64,16,1024,cpu,0,0.3018612861633301,9.212075383402407e-06,test_field
numpy,32,64,16,1024,cpu,1,0.29627442359924316,9.041577868629247e-06,test_field
numpy,32,64,16,1024,cpu,2,0.2973179817199707,9.073424735106528e-06,test_field
numpy,32,64,16,1024,cpu,3,0.2983245849609375,9.10414382815361e-06,test_field
numpy,32,64,16,1024,cpu,4,0.29713964462280273,9.067982318811119e-06,test_field
fortran,32,64,16,1024,cpu,0,0.026169193,7.986203918457031e-07,test_field
fortran,32,64,16,1024,cpu,1,0.027313382,8.335382690429688e-07,test_field
fortran,32,64,16,1024,cpu,2,0.027635196,8.433592529296875e-07,test_field
fortran,32,64,16,1024,cpu,3,0.028359942,8.654767456054687e-07,test_field
fortran,32,64,16,1024,cpu,4,0.028762202,8.777527465820313e-07,test_field
numba,32,64,32,1024,cpu,0,0.1180872917175293,1.8018690752796829e-06,test_field
numba,32,64,32,1024,cpu,1,0.11724090576171875,1.7889542505145073e-06,test_field
numba,32,64,32,1024,cpu,2,0.11736655235290527,1.7908714653458446e-06,test_field
numba,32,64,32,1024,cpu,3,0.11814451217651367,1.8027421901933849e-06,test_field
numba,32,64,32,1024,cpu,4,0.11916470527648926,1.8183091015089303e-06,test_field
jax,32,64,32,1024,cpu,0,0.21932196617126465,3.346587618580088e-06,test_field
jax,32,64,32,1024,cpu,1,0.21963047981262207,3.3512951631564647e-06,test_field
jax,32,64,32,1024,cpu,2,0.21588969230651855,3.2942152756731957e-06,test_field
jax,32,64,32,1024,cpu,3,0.21742916107177734,3.317705704830587e-06,test_field
jax,32,64,32,1024,cpu,4,0.22102141380310059,3.3725191315170377e-06,test_field
jax,32,64,32,1024,gpu,0,0.12044858932495117,1.8378996173851192e-06,test_field
jax,32,64,32,1024,gpu,1,0.12078714370727539,1.8430655472911894e-06,test_field
jax,32,64,32,1024,gpu,2,0.12044644355773926,1.8378668755758554e-06,test_field
jax,32,64,32,1024,gpu,3,0.1227729320526123,1.8733662727754563e-06,test_field
jax,32,64,32,1024,gpu,4,0.12200117111206055,1.8615901353769004e-06,test_field
torch,32,64,32,1024,cpu,0,10.514808177947998,0.00016044324001995847,test_field
torch,32,64,32,1024,cpu,1,9.711965322494507,0.00014819283023825847,test_field
torch,32,64,32,1024,cpu,2,9.816503286361694,0.00014978795297793113,test_field
torch,32,64,32,1024,cpu,3,9.7555570602417,0.0001488579873694107,test_field
torch,32,64,32,1024,cpu,4,9.080886840820312,0.00013856333680450916,test_field
torch,32,64,32,1024,gpu,0,0.33313798904418945,5.083282303530723e-06,test_field
torch,32,64,32,1024,gpu,1,0.2776200771331787,4.236146196490154e-06,test_field
torch,32,64,32,1024,gpu,2,0.37601423263549805,5.737521860282868e-06,test_field
torch,32,64,32,1024,gpu,3,0.30943894386291504,4.7216635721269995e-06,test_field
torch,32,64,32,1024,gpu,4,0.31168603897094727,4.755951522383839e-06,test_field
gt4py,32,64,32,1024,cpu,0,0.32365942001342773,4.938650818075985e-06,test_field
gt4py,32,64,32,1024,cpu,1,0.3260219097137451,4.9746995500754565e-06,test_field
gt4py,32,64,32,1024,cpu,2,0.3255133628845215,4.96693974127993e-06,test_field
gt4py,32,64,32,1024,cpu,3,0.3280200958251953,5.005189450457692e-06,test_field
gt4py,32,64,32,1024,cpu,4,0.3222477436065674,4.917110345559195e-06,test_field
cupy,32,64,32,1024,gpu,0,0.24285483360290527,3.7056706787552685e-06,test_field
cupy,32,64,32,1024,gpu,1,0.23512983322143555,3.58779652742669e-06,test_field
cupy,32,64,32,1024,gpu,2,0.24260306358337402,3.7018289731349796e-06,test_field
cupy,32,64,32,1024,gpu,3,0.24619436264038086,3.756627847906202e-06,test_field
cupy,32,64,32,1024,gpu,4,0.25885462760925293,3.949808160541579e-06,test_field
numpy,32,64,32,1024,cpu,0,0.5614664554595947,8.567298209527507e-06,test_field
numpy,32,64,32,1024,cpu,1,0.5670759677886963,8.652892574900761e-06,test_field
numpy,32,64,32,1024,cpu,2,0.5653328895568848,8.626295311842114e-06,test_field
numpy,32,64,32,1024,cpu,3,0.5700681209564209,8.698549208929762e-06,test_field
numpy,32,64,32,1024,cpu,4,0.5643646717071533,8.611521479906514e-06,test_field
fortran,32,64,32,1024,cpu,0,0.040870618,6.236361389160156e-07,test_field
fortran,32,64,32,1024,cpu,1,0.040505157,6.180596466064453e-07,test_field
fortran,32,64,32,1024,cpu,2,0.04112373,6.274983215332031e-07,test_field
fortran,32,64,32,1024,cpu,3,0.041831293,6.382948760986328e-07,test_field
fortran,32,64,32,1024,cpu,4,0.042174899,6.435378875732422e-07,test_field
numba,32,64,64,1024,cpu,0,0.1232147216796875,9.400537237524986e-07,test_field
numba,32,64,64,1024,cpu,1,0.12622809410095215,9.630439308239147e-07,test_field
numba,32,64,64,1024,cpu,2,0.12380218505859375,9.445357136428356e-07,test_field
numba,32,64,64,1024,cpu,3,0.12513470649719238,9.547020454192534e-07,test_field
numba,32,64,64,1024,cpu,4,0.12380480766296387,9.445557225262746e-07,test_field
jax,32,64,64,1024,cpu,0,0.3193984031677246,2.436816430417821e-06,test_field
jax,32,64,64,1024,cpu,1,0.32036256790161133,2.4441724235657603e-06,test_field
jax,32,64,64,1024,cpu,2,0.3166835308074951,2.416103598079644e-06,test_field
jax,32,64,64,1024,cpu,3,0.31792211532592773,2.425553248031065e-06,test_field
jax,32,64,64,1024,cpu,4,0.317643404006958,2.4234268494183198e-06,test_field
jax,32,64,64,1024,gpu,0,0.1168975830078125,8.918577805161476e-07,test_field
jax,32,64,64,1024,gpu,1,0.1161947250366211,8.864953997544944e-07,test_field
jax,32,64,64,1024,gpu,2,0.11739826202392578,8.956776582635939e-07,test_field
jax,32,64,64,1024,gpu,3,0.1169440746307373,8.922124834498391e-07,test_field
jax,32,64,64,1024,gpu,4,0.11207914352416992,8.550960046704859e-07,test_field
torch,32,64,64,1024,cpu,0,7.674200534820557,5.854950359207578e-05,test_field
torch,32,64,64,1024,cpu,1,9.586114645004272,7.313625064853113e-05,test_field
torch,32,64,64,1024,cpu,2,10.014777898788452,7.640669173269998e-05,test_field
torch,32,64,64,1024,cpu,3,9.830719470977783,7.500243737013079e-05,test_field
torch,32,64,64,1024,cpu,4,9.992720603942871,7.623840792803094e-05,test_field
torch,32,64,64,1024,gpu,0,0.31029391288757324,2.367354682064615e-06,test_field
torch,32,64,64,1024,gpu,1,0.3465752601623535,2.644159394549206e-06,test_field
torch,32,64,64,1024,gpu,2,0.38231921195983887,2.9168641049182042e-06,test_field
torch,32,64,64,1024,gpu,3,0.3720686435699463,2.8386584745021537e-06,test_field
torch,32,64,64,1024,gpu,4,0.3004798889160156,2.292479621246457e-06,test_field
gt4py,32,64,64,1024,cpu,0,0.4088716506958008,3.1194431358017027e-06,test_field
gt4py,32,64,64,1024,cpu,1,0.42055606842041016,3.208588168490678e-06,test_field
gt4py,32,64,64,1024,cpu,2,0.41122961044311523,3.1374329410027713e-06,test_field
gt4py,32,64,64,1024,cpu,3,0.4066014289855957,3.102122718701139e-06,test_field
gt4py,32,64,64,1024,cpu,4,0.4125196933746338,3.147275492665358e-06,test_field
cupy,32,64,64,1024,gpu,0,0.24382352828979492,1.860225893324241e-06,test_field
cupy,32,64,64,1024,gpu,1,0.2453470230102539,1.871849235612899e-06,test_field
cupy,32,64,64,1024,gpu,2,0.2420635223388672,1.8467981135472655e-06,test_field
cupy,32,64,64,1024,gpu,3,0.2666618824005127,2.034468707279302e-06,test_field
cupy,32,64,64,1024,gpu,4,0.2374744415283203,1.8117862055078149e-06,test_field
numpy,32,64,64,1024,cpu,0,1.0545673370361328,8.045710274018347e-06,test_field
numpy,32,64,64,1024,cpu,1,1.0540251731872559,8.041573892114684e-06,test_field
numpy,32,64,64,1024,cpu,2,1.0556182861328125,8.053728379309177e-06,test_field
numpy,32,64,64,1024,cpu,3,1.0650522708892822,8.125703971018083e-06,test_field
numpy,32,64,64,1024,cpu,4,1.0641510486602783,8.11882819107268e-06,test_field
fortran,32,64,64,1024,cpu,0,0.069963033,5.337755813598632e-07,test_field
fortran,32,64,64,1024,cpu,1,0.072784677,5.553030166625977e-07,test_field
fortran,32,64,64,1024,cpu,2,0.073864677,5.635427627563477e-07,test_field
fortran,32,64,64,1024,cpu,3,0.070668804,5.391601867675781e-07,test_field
fortran,32,64,64,1024,cpu,4,0.068120561,5.19718635559082e-07,test_field
numba,32,128,16,1024,cpu,0,0.12274932861328125,1.8730061128735542e-06,test_field
numba,32,128,16,1024,cpu,1,0.12274646759033203,1.8729624571278691e-06,test_field
numba,32,128,16,1024,cpu,2,0.12247443199157715,1.8688115233089775e-06,test_field
numba,32,128,16,1024,cpu,3,0.12336325645446777,1.8823739083018154e-06,test_field
numba,32,128,16,1024,cpu,4,0.12247824668884277,1.868869730969891e-06,test_field
jax,32,128,16,1024,cpu,0,0.21688270568847656,3.3093674574047327e-06,test_field
jax,32,128,16,1024,cpu,1,0.21526694297790527,3.284712875029072e-06,test_field
jax,32,128,16,1024,cpu,2,0.21515583992004395,3.2830175769049674e-06,test_field
jax,32,128,16,1024,cpu,3,0.21639108657836914,3.3018659451045096e-06,test_field
jax,32,128,16,1024,cpu,4,0.21484923362731934,3.2783391361590475e-06,test_field
jax,32,128,16,1024,gpu,0,0.12113308906555176,1.8483442545402795e-06,test_field
jax,32,128,16,1024,gpu,1,0.12014532089233398,1.8332721083424985e-06,test_field
jax,32,128,16,1024,gpu,2,0.12104940414428711,1.8470673239789903e-06,test_field
jax,32,128,16,1024,gpu,3,0.12001156806945801,1.83123120223172e-06,test_field
jax,32,128,16,1024,gpu,4,0.12089228630065918,1.8446698959451169e-06,test_field
torch,32,128,16,1024,cpu,0,10.178858041763306,0.0001553170477563981,test_field
torch,32,128,16,1024,cpu,1,7.70063591003418,0.00011750237899832428,test_field
torch,32,128,16,1024,cpu,2,7.72600531578064,0.00011788948540925048,test_field
torch,32,128,16,1024,cpu,3,10.326326131820679,0.0001575672322360333,test_field
torch,32,128,16,1024,cpu,4,9.775261640548706,0.0001491586554038804,test_field
torch,32,128,16,1024,gpu,0,0.3437519073486328,5.245237844064832e-06,test_field
torch,32,128,16,1024,gpu,1,0.3757960796356201,5.734193109674379e-06,test_field
torch,32,128,16,1024,gpu,2,0.2906804084777832,4.435431037563831e-06,test_field
torch,32,128,16,1024,gpu,3,0.2990896701812744,4.563746188068762e-06,test_field
torch,32,128,16,1024,gpu,4,0.3122985363006592,4.7652974899392575e-06,test_field
gt4py,32,128,16,1024,cpu,0,0.31954407691955566,4.875855665886775e-06,test_field
gt4py,32,128,16,1024,cpu,1,0.3299088478088379,5.034009518567473e-06,test_field
gt4py,32,128,16,1024,cpu,2,0.3257887363433838,4.971141606802121e-06,test_field
gt4py,32,128,16,1024,cpu,3,0.3295102119445801,5.027926818002015e-06,test_field
gt4py,32,128,16,1024,cpu,4,0.3174874782562256,4.8444744606968015e-06,test_field
cupy,32,128,16,1024,gpu,0,0.2545204162597656,3.883673343807459e-06,test_field
cupy,32,128,16,1024,gpu,1,0.24776005744934082,3.7805184547323734e-06,test_field
cupy,32,128,16,1024,gpu,2,0.26535487174987793,4.048994014738128e-06,test_field
cupy,32,128,16,1024,gpu,3,0.24065876007080078,3.6721612559631467e-06,test_field
cupy,32,128,16,1024,gpu,4,0.2583796977996826,3.9425613067578524e-06,test_field
numpy,32,128,16,1024,cpu,0,0.5404844284057617,8.247137884609401e-06,test_field
numpy,32,128,16,1024,cpu,1,0.540642499923706,8.249549864558503e-06,test_field
numpy,32,128,16,1024,cpu,2,0.5426383018493652,8.280003385152668e-06,test_field
numpy,32,128,16,1024,cpu,3,0.5406720638275146,8.250000973930582e-06,test_field
numpy,32,128,16,1024,cpu,4,0.5440628528594971,8.30174030852504e-06,test_field
fortran,32,128,16,1024,cpu,0,0.038386047,5.857245941162109e-07,test_field
fortran,32,128,16,1024,cpu,1,0.039504737,6.02794448852539e-07,test_field
fortran,32,128,16,1024,cpu,2,0.039759418,6.066805725097656e-07,test_field
fortran,32,128,16,1024,cpu,3,0.041952446,6.401435241699218e-07,test_field
fortran,32,128,16,1024,cpu,4,0.040539781,6.185879669189453e-07,test_field
numba,32,128,32,1024,cpu,0,0.1280508041381836,9.769501048140228e-07,test_field
numba,32,128,32,1024,cpu,1,0.12917590141296387,9.855339158093557e-07,test_field
numba,32,128,32,1024,cpu,2,0.12776732444763184,9.747873264132068e-07,test_field
numba,32,128,32,1024,cpu,3,0.14544415473937988,1.1096508387709036e-06,test_field
numba,32,128,32,1024,cpu,4,0.12999176979064941,9.917584975482896e-07,test_field
jax,32,128,32,1024,cpu,0,0.31009650230407715,2.3658485588384792e-06,test_field
jax,32,128,32,1024,cpu,1,0.3129916191101074,2.3879365471657366e-06,test_field
jax,32,128,32,1024,cpu,2,0.31180691719055176,2.378897988819517e-06,test_field
jax,32,128,32,1024,cpu,3,0.31003379821777344,2.3653701646253467e-06,test_field
jax,32,128,32,1024,cpu,4,0.30765509605407715,2.3472221073461697e-06,test_field
jax,32,128,32,1024,gpu,0,0.11954021453857422,9.120194590650499e-07,test_field
jax,32,128,32,1024,gpu,1,0.11671233177185059,8.904444257495925e-07,test_field
jax,32,128,32,1024,gpu,2,0.11525130271911621,8.792976586846635e-07,test_field
jax,32,128,32,1024,gpu,3,0.11719989776611328,8.941642590798438e-07,test_field
jax,32,128,32,1024,gpu,4,0.11641478538513184,8.881743269739673e-07,test_field
torch,32,128,32,1024,cpu,0,9.803694725036621,7.479625492123887e-05,test_field
torch,32,128,32,1024,cpu,1,10.07322072982788,7.685257514822297e-05,test_field
torch,32,128,32,1024,cpu,2,7.569039583206177,5.7747189202927984e-05,test_field
torch,32,128,32,1024,cpu,3,7.4332356452941895,5.6711087381700054e-05,test_field
torch,32,128,32,1024,cpu,4,7.589984655380249,5.790698742202949e-05,test_field
torch,32,128,32,1024,gpu,0,0.2908437252044678,2.2189615265233442e-06,test_field
torch,32,128,32,1024,gpu,1,0.386751651763916,2.9506809369195253e-06,test_field
torch,32,128,32,1024,gpu,2,0.3706045150756836,2.8274880605749786e-06,test_field
torch,32,128,32,1024,gpu,3,0.297640323638916,2.270815457450226e-06,test_field
torch,32,128,32,1024,gpu,4,0.30464816093444824,2.3242810129886493e-06,test_field
gt4py,32,128,32,1024,cpu,0,0.39810991287231445,3.03733759210445e-06,test_field
gt4py,32,128,32,1024,cpu,1,0.40256237983703613,3.0713072192156687e-06,test_field
gt4py,32,128,32,1024,cpu,2,0.39299607276916504,2.998322088387795e-06,test_field
gt4py,32,128,32,1024,cpu,3,0.3984706401824951,3.0400897230720147e-06,test_field
gt4py,32,128,32,1024,cpu,4,0.3900322914123535,2.9757102311123163e-06,test_field
cupy,32,128,32,1024,gpu,0,0.2547588348388672,1.9436556613072753e-06,test_field
cupy,32,128,32,1024,gpu,1,0.24195289611816406,1.8459541024640203e-06,test_field
cupy,32,128,32,1024,gpu,2,0.2630143165588379,2.006639988394454e-06,test_field
cupy,32,128,32,1024,gpu,3,0.24881935119628906,1.898340997286141e-06,test_field
cupy,32,128,32,1024,gpu,4,0.24587345123291016,1.8758655642159283e-06,test_field
numpy,32,128,32,1024,cpu,0,1.0112018585205078,7.714857929386199e-06,test_field
numpy,32,128,32,1024,cpu,1,1.0160737037658691,7.752027158858255e-06,test_field
numpy,32,128,32,1024,cpu,2,1.0205323696136475,7.786044079693966e-06,test_field
numpy,32,128,32,1024,cpu,3,1.0200610160827637,7.782447937643155e-06,test_field
numpy,32,128,32,1024,cpu,4,1.0147335529327393,7.741802619420923e-06,test_field
fortran,32,128,32,1024,cpu,0,0.065517368,4.998578491210938e-07,test_field
fortran,32,128,32,1024,cpu,1,0.063964965,4.880139541625976e-07,test_field
fortran,32,128,32,1024,cpu,2,0.066911792,5.104964599609375e-07,test_field
fortran,32,128,32,1024,cpu,3,0.066296834,5.058047027587891e-07,test_field
fortran,32,128,32,1024,cpu,4,0.065932748,5.030269470214844e-07,test_field
numba,32,128,64,1024,cpu,0,0.14574742317199707,5.55982296646107e-07,test_field
numba,32,128,64,1024,cpu,1,0.14083123207092285,5.372285158955492e-07,test_field
numba,32,128,64,1024,cpu,2,0.14746904373168945,5.625497578876093e-07,test_field
numba,32,128,64,1024,cpu,3,0.1417078971862793,5.405727279139683e-07,test_field
numba,32,128,64,1024,cpu,4,0.14460396766662598,5.51620360056404e-07,test_field
jax,32,128,64,1024,cpu,0,0.5450799465179443,2.0793149815290235e-06,test_field
jax,32,128,64,1024,cpu,1,0.5406584739685059,2.0624484022846445e-06,test_field
jax,32,128,64,1024,cpu,2,0.5415675640106201,2.0659163055825047e-06,test_field
jax,32,128,64,1024,cpu,3,0.5407207012176514,2.0626857804018073e-06,test_field
jax,32,128,64,1024,cpu,4,0.5406029224395752,2.0622364900191315e-06,test_field
jax,32,128,64,1024,gpu,0,0.13042140007019043,4.975181582267396e-07,test_field
jax,32,128,64,1024,gpu,1,0.12888360023498535,4.916519174003042e-07,test_field
jax,32,128,64,1024,gpu,2,0.1289052963256836,4.917346814181656e-07,test_field
jax,32,128,64,1024,gpu,3,0.1301875114440918,4.966259439243004e-07,test_field
jax,32,128,64,1024,gpu,4,0.12398052215576172,4.7294815885834396e-07,test_field
torch,32,128,64,1024,cpu,0,7.628205060958862,2.909929298766656e-05,test_field
torch,32,128,64,1024,cpu,1,7.620831251144409,2.9071164135530125e-05,test_field
torch,32,128,64,1024,cpu,2,7.46098256111145,2.846138977474766e-05,test_field
torch,32,128,64,1024,cpu,3,9.961204051971436,3.7998977859388106e-05,test_field
torch,32,128,64,1024,cpu,4,7.753559589385986,2.957748256449122e-05,test_field
torch,32,128,64,1024,gpu,0,0.28838109970092773,1.1000865924870595e-06,test_field
torch,32,128,64,1024,gpu,1,0.3561859130859375,1.3587414287030697e-06,test_field
torch,32,128,64,1024,gpu,2,0.29906368255615234,1.1408374120946974e-06,test_field
torch,32,128,64,1024,gpu,3,0.37079286575317383,1.41446253110189e-06,test_field
torch,32,128,64,1024,gpu,4,0.27944207191467285,1.0659869076334871e-06,test_field
gt4py,32,128,64,1024,cpu,0,0.5492792129516602,2.09533391171135e-06,test_field
gt4py,32,128,64,1024,cpu,1,0.5412881374359131,2.064850377792027e-06,test_field
gt4py,32,128,64,1024,cpu,2,0.5403201580047607,2.0611578293028288e-06,test_field
gt4py,32,128,64,1024,cpu,3,0.5610716342926025,2.140318429155741e-06,test_field
gt4py,32,128,64,1024,cpu,4,0.5860996246337891,2.235792635474354e-06,test_field
cupy,32,128,64,1024,gpu,0,0.24820375442504883,9.468221833230928e-07,test_field
cupy,32,128,64,1024,gpu,1,0.23824048042297363,9.088153092307039e-07,test_field
cupy,32,128,64,1024,gpu,2,0.24477672576904297,9.337491064798087e-07,test_field
cupy,32,128,64,1024,gpu,3,0.259122371673584,9.884734026854858e-07,test_field
cupy,32,128,64,1024,gpu,4,0.24610352516174316,9.38810444495175e-07,test_field
numpy,32,128,64,1024,cpu,0,2.009082078933716,7.664039912924636e-06,test_field
numpy,32,128,64,1024,cpu,1,2.0110390186309814,7.671505045436788e-06,test_field
numpy,32,128,64,1024,cpu,2,1.972886323928833,7.525964065280277e-06,test_field
numpy,32,128,64,1024,cpu,3,1.9743213653564453,7.5314383138902485e-06,test_field
numpy,32,128,64,1024,cpu,4,1.9828271865844727,7.5638854468706995e-06,test_field
fortran,32,128,64,1024,cpu,0,0.114419043,4.364740104675293e-07,test_field
fortran,32,128,64,1024,cpu,1,0.115765532,4.4161045837402345e-07,test_field
fortran,32,128,64,1024,cpu,2,0.117236272,4.4722088623046876e-07,test_field
fortran,32,128,64,1024,cpu,3,0.117258703,4.47306453704834e-07,test_field
fortran,32,128,64,1024,cpu,4,0.117193265,4.4705682754516603e-07,test_field
numba,32,256,16,1024,cpu,0,0.13730549812316895,1.0475578164914623e-06,test_field
numba,32,256,16,1024,cpu,1,0.13898110389709473,1.0603416740195826e-06,test_field
numba,32,256,16,1024,cpu,2,0.14098453521728516,1.0756266419775784e-06,test_field
numba,32,256,16,1024,cpu,3,0.13818860054016113,1.0542953532421961e-06,test_field
numba,32,256,16,1024,cpu,4,0.14224982261657715,1.0852800187421963e-06,test_field
jax,32,256,16,1024,cpu,0,0.3070957660675049,2.342954758205451e-06,test_field
jax,32,256,16,1024,cpu,1,0.30832481384277344,2.35233164858073e-06,test_field
jax,32,256,16,1024,cpu,2,0.31106019020080566,2.3732009140076116e-06,test_field
jax,32,256,16,1024,cpu,3,0.3087639808654785,2.3556822270620614e-06,test_field
jax,32,256,16,1024,cpu,4,0.3101921081542969,2.366577973589301e-06,test_field
jax,32,256,16,1024,gpu,0,0.11593174934387207,8.844890544423833e-07,test_field
jax,32,256,16,1024,gpu,1,0.11639022827148438,8.87986971065402e-07,test_field
jax,32,256,16,1024,gpu,2,0.11653351783752441,8.890801836969331e-07,test_field
jax,32,256,16,1024,gpu,3,0.11541438102722168,8.805418474366888e-07,test_field
jax,32,256,16,1024,gpu,4,0.11572670936584473,8.829247235553339e-07,test_field
torch,32,256,16,1024,cpu,0,9.751601696014404,7.439881665050052e-05,test_field
torch,32,256,16,1024,cpu,1,10.53495454788208,8.037532461457886e-05,test_field
torch,32,256,16,1024,cpu,2,10.112978458404541,7.715590254520066e-05,test_field
torch,32,256,16,1024,cpu,3,7.8034868240356445,5.953587969997898e-05,test_field
torch,32,256,16,1024,cpu,4,8.01388168334961,6.114106508903205e-05,test_field
torch,32,256,16,1024,gpu,0,0.30278587341308594,2.3100728867575526e-06,test_field
torch,32,256,16,1024,gpu,1,0.30826854705810547,2.351902367081493e-06,test_field
torch,32,256,16,1024,gpu,2,0.3150320053100586,2.403503458481282e-06,test_field
torch,32,256,16,1024,gpu,3,0.32256364822387695,2.4609653337392956e-06,test_field
torch,32,256,16,1024,gpu,4,0.2998208999633789,2.2874519345350564e-06,test_field
gt4py,32,256,16,1024,cpu,0,0.39327025413513184,3.0004139262018725e-06,test_field
gt4py,32,256,16,1024,cpu,1,0.39352965354919434,3.0023929866729304e-06,test_field
gt4py,32,256,16,1024,cpu,2,0.41660618782043457,3.178452971042134e-06,test_field
gt4py,32,256,16,1024,cpu,3,0.38844799995422363,2.963623046525754e-06,test_field
gt4py,32,256,16,1024,cpu,4,0.3762216567993164,2.870343450922519e-06,test_field
cupy,32,256,16,1024,gpu,0,0.2584812641143799,1.9720555428648368e-06,test_field
cupy,32,256,16,1024,gpu,1,0.24864649772644043,1.8970222299685702e-06,test_field
cupy,32,256,16,1024,gpu,2,0.24855566024780273,1.8963291950058192e-06,test_field
cupy,32,256,16,1024,gpu,3,0.23134851455688477,1.7650490917731076e-06,test_field
cupy,32,256,16,1024,gpu,4,0.24680638313293457,1.8829832697520033e-06,test_field
numpy,32,256,16,1024,cpu,0,1.0068011283874512,7.681283022975549e-06,test_field
numpy,32,256,16,1024,cpu,1,1.0010945796966553,7.637745511601679e-06,test_field
numpy,32,256,16,1024,cpu,2,1.0055091381072998,7.671425919397734e-06,test_field
numpy,32,256,16,1024,cpu,3,1.0047194957733154,7.66540142649319e-06,test_field
numpy,32,256,16,1024,cpu,4,1.0172173976898193,7.760752851027064e-06,test_field
fortran,32,256,16,1024,cpu,0,0.061620196,4.7012478637695314e-07,test_field
fortran,32,256,16,1024,cpu,1,0.064644873,4.932012405395508e-07,test_field
fortran,32,256,16,1024,cpu,2,0.064555725,4.925210952758789e-07,test_field
fortran,32,256,16,1024,cpu,3,0.065183449,4.973102493286133e-07,test_field
fortran,32,256,16,1024,cpu,4,0.064260757,4.902706680297852e-07,test_field
numba,32,256,32,1024,cpu,0,0.14702844619750977,5.608690116787329e-07,test_field
numba,32,256,32,1024,cpu,1,0.1491544246673584,5.689789759344421e-07,test_field
numba,32,256,32,1024,cpu,2,0.1459980010986328,5.569381755776703e-07,test_field
numba,32,256,32,1024,cpu,3,0.14807438850402832,5.648589649354108e-07,test_field
numba,32,256,32,1024,cpu,4,0.15126752853393555,5.770398274762556e-07,test_field
jax,32,256,32,1024,cpu,0,0.5277330875396729,2.0131419660174288e-06,test_field
jax,32,256,32,1024,cpu,1,0.531048059463501,2.0257875803508796e-06,test_field
jax,32,256,32,1024,cpu,2,0.5292353630065918,2.0188726921333e-06,test_field
jax,32,256,32,1024,cpu,3,0.5350542068481445,2.04106981982477e-06,test_field
jax,32,256,32,1024,cpu,4,0.5283238887786865,2.015395693888422e-06,test_field
jax,32,256,32,1024,gpu,0,0.1293485164642334,4.934254320687614e-07,test_field
jax,32,256,32,1024,gpu,1,0.1289653778076172,4.919638740830123e-07,test_field
jax,32,256,32,1024,gpu,2,0.12807512283325195,4.885678208665922e-07,test_field
jax,32,256,32,1024,gpu,3,0.12737464904785156,4.858957254327834e-07,test_field
jax,32,256,32,1024,gpu,4,0.1278066635131836,4.875437298323959e-07,test_field
torch,32,256,32,1024,cpu,0,9.39158010482788,3.582603494578507e-05,test_field
torch,32,256,32,1024,cpu,1,10.101373195648193,3.853368070849683e-05,test_field
torch,32,256,32,1024,cpu,2,7.685952186584473,2.9319580789888278e-05,test_field
torch,32,256,32,1024,cpu,3,7.843167781829834,2.9919310691184364e-05,test_field
torch,32,256,32,1024,cpu,4,10.470888137817383,3.994326834799722e-05,test_field
torch,32,256,32,1024,gpu,0,0.3018314838409424,1.1513957360875793e-06,test_field
torch,32,256,32,1024,gpu,1,0.3624544143676758,1.3826538634020835e-06,test_field
torch,32,256,32,1024,gpu,2,0.3807492256164551,1.4524430298479274e-06,test_field
torch,32,256,32,1024,gpu,3,0.3756890296936035,1.4331399142974988e-06,test_field
torch,32,256,32,1024,gpu,4,0.30350208282470703,1.1577685654629022e-06,test_field
gt4py,32,256,32,1024,cpu,0,0.5593612194061279,2.133793714165222e-06,test_field
gt4py,32,256,32,1024,cpu,1,0.5350253582000732,2.0409597709658556e-06,test_field
gt4py,32,256,32,1024,cpu,2,0.5340683460235596,2.037309059232939e-06,test_field
gt4py,32,256,32,1024,cpu,3,0.5485188961029053,2.0924335331073962e-06,test_field
gt4py,32,256,32,1024,cpu,4,0.5373313426971436,2.0497564037214033e-06,test_field
cupy,32,256,32,1024,gpu,0,0.2361922264099121,9.010018402477726e-07,test_field
cupy,32,256,32,1024,gpu,1,0.25686049461364746,9.79845026449766e-07,test_field
cupy,32,256,32,1024,gpu,2,0.24502968788146973,9.347140803583898e-07,test_field
cupy,32,256,32,1024,gpu,3,0.27133941650390625,1.0350777301937342e-06,test_field
cupy,32,256,32,1024,gpu,4,0.259763240814209,9.909181244438514e-07,test_field
numpy,32,256,32,1024,cpu,0,1.9898860454559326,7.590812856506091e-06,test_field
numpy,32,256,32,1024,cpu,1,1.9622762203216553,7.4854897320619784e-06,test_field
numpy,32,256,32,1024,cpu,2,1.9550755023956299,7.4580211730790325e-06,test_field
numpy,32,256,32,1024,cpu,3,1.9804725646972656,7.55490327719599e-06,test_field
numpy,32,256,32,1024,cpu,4,1.9345171451568604,7.379597263934556e-06,test_field
fortran,32,256,32,1024,cpu,0,0.10950155,4.1771526336669923e-07,test_field
fortran,32,256,32,1024,cpu,1,0.107274413,4.0921940994262695e-07,test_field
fortran,32,256,32,1024,cpu,2,0.110838087,4.2281374740600587e-07,test_field
fortran,32,256,32,1024,cpu,3,0.111546611,4.2551655197143556e-07,test_field
fortran,32,256,32,1024,cpu,4,0.110535056,4.216577758789063e-07,test_field
numba,32,256,64,1024,cpu,0,0.16686367988586426,3.1826721169636585e-07,test_field
numba,32,256,64,1024,cpu,1,0.16704034805297852,3.186041794833727e-07,test_field
numba,32,256,64,1024,cpu,2,0.17060089111328125,3.2539537642151117e-07,test_field
numba,32,256,64,1024,cpu,3,0.16883063316345215,3.220188773411792e-07,test_field
numba,32,256,64,1024,cpu,4,0.1661396026611328,3.1688614399172366e-07,test_field
jax,32,256,64,1024,cpu,0,0.9722075462341309,1.8543387341196649e-06,test_field
jax,32,256,64,1024,cpu,1,0.9670169353485107,1.8444384295435157e-06,test_field
jax,32,256,64,1024,cpu,2,0.9672696590423584,1.8449204617354553e-06,test_field
jax,32,256,64,1024,cpu,3,0.9660322666168213,1.8425603229843546e-06,test_field
jax,32,256,64,1024,cpu,4,0.9697916507720947,1.8497307792131323e-06,test_field
jax,32,256,64,1024,gpu,0,0.13051199913024902,2.4893188310670666e-07,test_field
jax,32,256,64,1024,gpu,1,0.13027739524841309,2.484844117134344e-07,test_field
jax,32,256,64,1024,gpu,2,0.1303999423980713,2.4871815185179e-07,test_field
jax,32,256,64,1024,gpu,3,0.13068199157714844,2.492561179678887e-07,test_field
jax,32,256,64,1024,gpu,4,0.12982416152954102,2.476199369993992e-07,test_field
torch,32,256,64,1024,cpu,0,10.324391603469849,1.969221420949907e-05,test_field
torch,32,256,64,1024,cpu,1,11.649288654327393,2.221925478806952e-05,test_field
torch,32,256,64,1024,cpu,2,11.672330379486084,2.226320339104859e-05,test_field
torch,32,256,64,1024,cpu,3,10.577889204025269,2.01757225113397e-05,test_field
torch,32,256,64,1024,cpu,4,11.05252456665039,2.108101762132719e-05,test_field
torch,32,256,64,1024,gpu,0,0.38532352447509766,7.349462975980714e-07,test_field
torch,32,256,64,1024,gpu,1,0.36771607398986816,7.013627509877551e-07,test_field
torch,32,256,64,1024,gpu,2,0.30740904808044434,5.863362275704276e-07,test_field
torch,32,256,64,1024,gpu,3,0.3804199695587158,7.255935088323895e-07,test_field
torch,32,256,64,1024,gpu,4,0.30029773712158203,5.72772478335537e-07,test_field
gt4py,32,256,64,1024,cpu,0,0.8338677883148193,1.5904765859886538e-06,test_field
gt4py,32,256,64,1024,cpu,1,0.8289518356323242,1.5811001503607258e-06,test_field
gt4py,32,256,64,1024,cpu,2,0.815345287322998,1.5551477190456353e-06,test_field
gt4py,32,256,64,1024,cpu,3,0.8434381484985352,1.6087305994005874e-06,test_field
gt4py,32,256,64,1024,cpu,4,0.8299756050109863,1.5830528354854323e-06,test_field
cupy,32,256,64,1024,gpu,0,0.23090672492980957,4.404196261020843e-07,test_field
cupy,32,256,64,1024,gpu,1,0.23658347129821777,4.51247160526691e-07,test_field
cupy,32,256,64,1024,gpu,2,0.2378227710723877,4.5361093725659885e-07,test_field
cupy,32,256,64,1024,gpu,3,0.23337769508361816,4.451326276466716e-07,test_field
cupy,32,256,64,1024,gpu,4,0.2497882843017578,4.764333425555378e-07,test_field
numpy,32,256,64,1024,cpu,0,4.108222961425781,7.835813448764384e-06,test_field
numpy,32,256,64,1024,cpu,1,3.975844144821167,7.583320893900236e-06,test_field
numpy,32,256,64,1024,cpu,2,4.009789228439331,7.648066002730047e-06,test_field
numpy,32,256,64,1024,cpu,3,4.012030363082886,7.65234062782838e-06,test_field
numpy,32,256,64,1024,cpu,4,4.028627872467041,7.683997864660341e-06,test_field
fortran,32,256,64,1024,cpu,0,0.229565913,4.3786223030090334e-07,test_field
fortran,32,256,64,1024,cpu,1,0.214901955,4.098929500579834e-07,test_field
fortran,32,256,64,1024,cpu,2,0.221497764,4.224734573364258e-07,test_field
fortran,32,256,64,1024,cpu,3,0.22437032,4.2795242309570315e-07,test_field
fortran,32,256,64,1024,cpu,4,0.221800571,4.2305101585388184e-07,test_field
numba,32,512,16,1024,cpu,0,0.1795797348022461,6.850423233117908e-07,test_field
numba,32,512,16,1024,cpu,1,0.18310117721557617,6.98475560056977e-07,test_field
numba,32,512,16,1024,cpu,2,0.17945432662963867,6.845639290986583e-07,test_field
numba,32,512,16,1024,cpu,3,0.1798255443572998,6.859800123493187e-07,test_field
numba,32,512,16,1024,cpu,4,0.18102359771728516,6.905502232257277e-07,test_field
jax,32,512,16,1024,cpu,0,0.5309438705444336,2.025390131166205e-06,test_field
jax,32,512,16,1024,cpu,1,0.5278964042663574,2.0137649698881432e-06,test_field
jax,32,512,16,1024,cpu,2,0.5314836502075195,2.0274492271710187e-06,test_field
jax,32,512,16,1024,cpu,3,0.5293424129486084,2.019281055254396e-06,test_field
jax,32,512,16,1024,cpu,4,0.5292222499847412,2.0188226699247025e-06,test_field
jax,32,512,16,1024,gpu,0,0.1294083595275879,4.936537152389064e-07,test_field
jax,32,512,16,1024,gpu,1,0.1289210319519043,4.917947080684826e-07,test_field
jax,32,512,16,1024,gpu,2,0.12889361381530762,4.916901161777787e-07,test_field
jax,32,512,16,1024,gpu,3,0.1289198398590088,4.917901605949737e-07,test_field
jax,32,512,16,1024,gpu,4,0.12813091278076172,4.887806426268071e-07,test_field
torch,32,512,16,1024,cpu,0,9.615594625473022,3.6680582525150385e-05,test_field
torch,32,512,16,1024,cpu,1,10.013319253921509,3.8197781577764545e-05,test_field
torch,32,512,16,1024,cpu,2,9.73048448562622,3.711885256052483e-05,test_field
torch,32,512,16,1024,cpu,3,10.21527361869812,3.896817634085892e-05,test_field
torch,32,512,16,1024,cpu,4,7.6737401485443115,2.9272995561768766e-05,test_field
torch,32,512,16,1024,gpu,0,0.2861340045928955,1.0915146049228497e-06,test_field
torch,32,512,16,1024,gpu,1,0.2960782051086426,1.1294487194390967e-06,test_field
torch,32,512,16,1024,gpu,2,0.2944655418395996,1.1232968972763047e-06,test_field
torch,32,512,16,1024,gpu,3,0.29654812812805176,1.1312413334962912e-06,test_field
torch,32,512,16,1024,gpu,4,0.28270840644836426,1.0784469850477763e-06,test_field
gt4py,32,512,16,1024,cpu,0,0.537142276763916,2.0490351744228974e-06,test_field
gt4py,32,512,16,1024,cpu,1,0.5607163906097412,2.1389632820500992e-06,test_field
gt4py,32,512,16,1024,cpu,2,0.535029411315918,2.0409752323757857e-06,test_field
gt4py,32,512,16,1024,cpu,3,0.5323793888092041,2.0308661987655796e-06,test_field
gt4py,32,512,16,1024,cpu,4,0.5475645065307617,2.088792825816199e-06,test_field
cupy,32,512,16,1024,gpu,0,0.2377936840057373,9.071109161595814e-07,test_field
cupy,32,512,16,1024,gpu,1,0.2755601406097412,1.0511785148992203e-06,test_field
cupy,32,512,16,1024,gpu,2,0.23927092552185059,9.127461453317665e-07,test_field
cupy,32,512,16,1024,gpu,3,0.2444908618927002,9.32658622332383e-07,test_field
cupy,32,512,16,1024,gpu,4,0.23401713371276855,8.927045200834982e-07,test_field
numpy,32,512,16,1024,cpu,0,1.925020694732666,7.343371180468239e-06,test_field
numpy,32,512,16,1024,cpu,1,2.056966781616211,7.846705557312816e-06,test_field
numpy,32,512,16,1024,cpu,2,1.928999423980713,7.3585488280514255e-06,test_field
numpy,32,512,16,1024,cpu,3,1.9355661869049072,7.383599040622357e-06,test_field
numpy,32,512,16,1024,cpu,4,1.920048475265503,7.3244036684627645e-06,test_field
fortran,32,512,16,1024,cpu,0,0.106422113,4.0596814346313476e-07,test_field
fortran,32,512,16,1024,cpu,1,0.108661403,4.145103569030762e-07,test_field
fortran,32,512,16,1024,cpu,2,0.110973012,4.233284454345703e-07,test_field
fortran,32,512,16,1024,cpu,3,0.110929652,4.231630401611328e-07,test_field
fortran,32,512,16,1024,cpu,4,0.107177929,4.088513526916504e-07,test_field
numba,32,512,32,1024,cpu,0,0.19752192497253418,3.7674317354685627e-07,test_field
numba,32,512,32,1024,cpu,1,0.19107937812805176,3.6445499063120224e-07,test_field
numba,32,512,32,1024,cpu,2,0.19191837310791016,3.660552465589717e-07,test_field
numba,32,512,32,1024,cpu,3,0.20166516304016113,3.8464577301056124e-07,test_field
numba,32,512,32,1024,cpu,4,0.1903057098388672,3.6297933547757566e-07,test_field
jax,32,512,32,1024,cpu,0,0.9572069644927979,1.8257273950439412e-06,test_field
jax,32,512,32,1024,cpu,1,0.9531304836273193,1.8179521248384845e-06,test_field
jax,32,512,32,1024,cpu,2,0.9657900333404541,1.842098299675854e-06,test_field
jax,32,512,32,1024,cpu,3,0.9603915214538574,1.8318014554097317e-06,test_field
jax,32,512,32,1024,cpu,4,0.958726167678833,1.8286250451637898e-06,test_field
jax,32,512,32,1024,gpu,0,0.1300191879272461,2.4799192033242434e-07,test_field
jax,32,512,32,1024,gpu,1,0.13118672370910645,2.5021881810971536e-07,test_field
jax,32,512,32,1024,gpu,2,0.13064241409301758,2.4918062990764156e-07,test_field
jax,32,512,32,1024,gpu,3,0.1306154727935791,2.491292434569914e-07,test_field
jax,32,512,32,1024,gpu,4,0.13080096244812012,2.4948303689598106e-07,test_field
torch,32,512,32,1024,cpu,0,8.58751654624939,1.6379387943743495e-05,test_field
torch,32,512,32,1024,cpu,1,11.569268465042114,2.2066628389438847e-05,test_field
torch,32,512,32,1024,cpu,2,8.891455888748169,1.6959106233116472e-05,test_field
torch,32,512,32,1024,cpu,3,11.455718040466309,2.1850048142368905e-05,test_field
torch,32,512,32,1024,cpu,4,9.127801418304443,1.740989955578698e-05,test_field
torch,32,512,32,1024,gpu,0,0.37520527839660645,7.156472747738007e-07,test_field
torch,32,512,32,1024,gpu,1,0.3066980838775635,5.849801709700841e-07,test_field
torch,32,512,32,1024,gpu,2,0.26988720893859863,5.147689989826176e-07,test_field
torch,32,512,32,1024,gpu,3,0.2642829418182373,5.040797077526804e-07,test_field
torch,32,512,32,1024,gpu,4,0.29860925674438477,5.695519575965591e-07,test_field
gt4py,32,512,32,1024,cpu,0,0.819014310836792,1.5621458260284271e-06,test_field
gt4py,32,512,32,1024,cpu,1,0.8200128078460693,1.5640503079339396e-06,test_field
gt4py,32,512,32,1024,cpu,2,0.8147616386413574,1.5540344975306652e-06,test_field
gt4py,32,512,32,1024,cpu,3,0.8067543506622314,1.5387618077511434e-06,test_field
gt4py,32,512,32,1024,cpu,4,0.8356826305389404,1.5939381228236016e-06,test_field
cupy,32,512,32,1024,gpu,0,0.23791170120239258,4.537805580184795e-07,test_field
cupy,32,512,32,1024,gpu,1,0.2697889804840088,5.145816430740524e-07,test_field
cupy,32,512,32,1024,gpu,2,0.2548365592956543,4.860621629632078e-07,test_field
cupy,32,512,32,1024,gpu,3,0.24190258979797363,4.61392573924968e-07,test_field
cupy,32,512,32,1024,gpu,4,0.23544573783874512,4.490771061682608e-07,test_field
numpy,32,512,32,1024,cpu,0,3.98437762260437,7.5995972110831644e-06,test_field
numpy,32,512,32,1024,cpu,1,3.8786282539367676,7.397896297334228e-06,test_field
numpy,32,512,32,1024,cpu,2,3.918743371963501,7.47440981285763e-06,test_field
numpy,32,512,32,1024,cpu,3,3.916409730911255,7.469958745787153e-06,test_field
numpy,32,512,32,1024,cpu,4,3.9455149173736572,7.525472483393969e-06,test_field
fortran,32,512,32,1024,cpu,0,0.227222811,4.333931179046631e-07,test_field
fortran,32,512,32,1024,cpu,1,0.221519146,4.225142402648926e-07,test_field
fortran,32,512,32,1024,cpu,2,0.223841315,4.2694342613220217e-07,test_field
fortran,32,512,32,1024,cpu,3,0.225406643,4.2992905235290525e-07,test_field
fortran,32,512,32,1024,cpu,4,0.22784548,4.345807647705078e-07,test_field
numba,32,512,64,1024,cpu,0,0.22358059883117676,2.132230747520225e-07,test_field
numba,32,512,64,1024,cpu,1,0.22377681732177734,2.134102032869123e-07,test_field
numba,32,512,64,1024,cpu,2,0.22031712532043457,2.1011078388255555e-07,test_field
numba,32,512,64,1024,cpu,3,0.22176504135131836,2.114916242135223e-07,test_field
numba,32,512,64,1024,cpu,4,0.22126388549804688,2.1101368474774063e-07,test_field
jax,32,512,64,1024,cpu,0,1.7622151374816895,1.680579316598596e-06,test_field
jax,32,512,64,1024,cpu,1,1.7540957927703857,1.6728361060813768e-06,test_field
jax,32,512,64,1024,cpu,2,1.7599823474884033,1.6784499621280702e-06,test_field
jax,32,512,64,1024,cpu,3,1.7494938373565674,1.6684473393979715e-06,test_field
jax,32,512,64,1024,cpu,4,1.7571382522583008,1.6757376215537079e-06,test_field
jax,32,512,64,1024,gpu,0,0.13626670837402344,1.2995405995752662e-07,test_field
jax,32,512,64,1024,gpu,1,0.13521647453308105,1.289524789171992e-07,test_field
jax,32,512,64,1024,gpu,2,0.13566946983337402,1.2938448890054133e-07,test_field
jax,32,512,64,1024,gpu,3,0.13615918159484863,1.2985151442990173e-07,test_field
jax,32,512,64,1024,gpu,4,0.1348574161529541,1.2861005416198168e-07,test_field
torch,32,512,64,1024,cpu,0,6.920010566711426,6.599436346732546e-06,test_field
torch,32,512,64,1024,cpu,1,8.529873132705688,8.134720928865136e-06,test_field
torch,32,512,64,1024,cpu,2,8.585079669952393,8.187369985535042e-06,test_field
torch,32,512,64,1024,cpu,3,11.37399435043335,1.0847086286958074e-05,test_field
torch,32,512,64,1024,cpu,4,11.431999206542969,1.0902404028456658e-05,test_field
torch,32,512,64,1024,gpu,0,0.3825974464416504,3.648733581940178e-07,test_field
torch,32,512,64,1024,gpu,1,0.3729088306427002,3.5563357414503116e-07,test_field
torch,32,512,64,1024,gpu,2,0.3700094223022461,3.52868482877966e-07,test_field
torch,32,512,64,1024,gpu,3,0.2959117889404297,2.822034730343148e-07,test_field
torch,32,512,64,1024,gpu,4,0.3825643062591553,3.648417532531312e-07,test_field
gt4py,32,512,64,1024,cpu,0,1.4402377605438232,1.373517761749099e-06,test_field
gt4py,32,512,64,1024,cpu,1,1.3799452781677246,1.3160183698346373e-06,test_field
gt4py,32,512,64,1024,cpu,2,1.4127466678619385,1.3473002127284417e-06,test_field
gt4py,32,512,64,1024,cpu,3,1.4560704231262207,1.3886169654142577e-06,test_field
gt4py,32,512,64,1024,cpu,4,1.4620778560638428,1.3943460999144008e-06,test_field
cupy,32,512,64,1024,gpu,0,0.23951959609985352,2.284236870764289e-07,test_field
cupy,32,512,64,1024,gpu,1,0.24665546417236328,2.3522898118244484e-07,test_field
cupy,32,512,64,1024,gpu,2,0.24832725524902344,2.3682332539465278e-07,test_field
cupy,32,512,64,1024,gpu,3,0.24429011344909668,2.3297320694837254e-07,test_field
cupy,32,512,64,1024,gpu,4,0.2400217056274414,2.2890253603691235e-07,test_field
numpy,32,512,64,1024,cpu,0,7.874424695968628,7.509636589020374e-06,test_field
numpy,32,512,64,1024,cpu,1,7.882941961288452,7.517759286201908e-06,test_field
numpy,32,512,64,1024,cpu,2,8.005728006362915,7.634857183802524e-06,test_field
numpy,32,512,64,1024,cpu,3,8.01817798614502,7.646730409760494e-06,test_field
numpy,32,512,64,1024,cpu,4,8.0182363986969,7.646786116310977e-06,test_field
fortran,32,512,64,1024,cpu,0,0.391853551,3.7370066738128664e-07,test_field
fortran,32,512,64,1024,cpu,1,0.404207871,3.854826650619507e-07,test_field
fortran,32,512,64,1024,cpu,2,0.412041142,3.929530544281006e-07,test_field
fortran,32,512,64,1024,cpu,3,0.402472658,3.8382783699035643e-07,test_field
fortran,32,512,64,1024,cpu,4,0.407171367,3.8830887508392335e-07,test_field
numba,64,16,16,1024,cpu,0,0.11580371856689453,7.068098057061434e-06,test_field
numba,64,16,16,1024,cpu,1,0.11823916435241699,7.216745871119201e-06,test_field
numba,64,16,16,1024,cpu,2,0.11819911003112793,7.2143011493608356e-06,test_field
numba,64,16,16,1024,cpu,3,0.11684870719909668,7.131879101507366e-06,test_field
numba,64,16,16,1024,cpu,4,0.1163935661315918,7.104099495336413e-06,test_field
jax,64,16,16,1024,cpu,0,0.16147255897521973,9.855502867139876e-06,test_field
jax,64,16,16,1024,cpu,1,0.16034817695617676,9.786876034922898e-06,test_field
jax,64,16,16,1024,cpu,2,0.15950274467468262,9.735274943523109e-06,test_field
jax,64,16,16,1024,cpu,3,0.16063690185546875,9.80449840426445e-06,test_field
jax,64,16,16,1024,cpu,4,0.15932416915893555,9.724375559017062e-06,test_field
jax,64,16,16,1024,gpu,0,0.11910820007324219,7.269787602126598e-06,test_field
jax,64,16,16,1024,gpu,1,0.12007808685302734,7.328984793275595e-06,test_field
jax,64,16,16,1024,gpu,2,0.11928510665893555,7.2805851232260466e-06,test_field
jax,64,16,16,1024,gpu,3,0.11968088150024414,7.3047413025051355e-06,test_field
jax,64,16,16,1024,gpu,4,0.12012267112731934,7.331706001423299e-06,test_field
torch,64,16,16,1024,cpu,0,0.224959135055542,1.3730415957979858e-05,test_field
torch,64,16,16,1024,cpu,1,0.2242279052734375,1.3685785233974457e-05,test_field
torch,64,16,16,1024,cpu,2,0.22736334800720215,1.387715747114271e-05,test_field
torch,64,16,16,1024,cpu,3,0.22703862190246582,1.3857337762601674e-05,test_field
torch,64,16,16,1024,cpu,4,0.23755741119384766,1.449935371056199e-05,test_field
torch,64,16,16,1024,gpu,0,0.28879332542419434,1.76265457412228e-05,test_field
torch,64,16,16,1024,gpu,1,0.30256223678588867,1.8466933397576213e-05,test_field
torch,64,16,16,1024,gpu,2,0.28235578536987305,1.7233629478141665e-05,test_field
torch,64,16,16,1024,gpu,3,0.31464624404907227,1.920448266901076e-05,test_field
torch,64,16,16,1024,gpu,4,0.29673075675964355,1.8111008103005588e-05,test_field
gt4py,64,16,16,1024,cpu,0,0.2532014846801758,1.545419218018651e-05,test_field
gt4py,64,16,16,1024,cpu,1,0.2512397766113281,1.5334459021687508e-05,test_field
gt4py,64,16,16,1024,cpu,2,0.24550437927246094,1.4984398148953915e-05,test_field
gt4py,64,16,16,1024,cpu,3,0.2497859001159668,1.5245721442624927e-05,test_field
gt4py,64,16,16,1024,cpu,4,0.2542686462402344,1.551932655274868e-05,test_field
cupy,64,16,16,1024,gpu,0,0.2501852512359619,1.527009590063244e-05,test_field
cupy,64,16,16,1024,gpu,1,0.24883103370666504,1.5187441022135317e-05,test_field
cupy,64,16,16,1024,gpu,2,0.2487328052520752,1.518144563306123e-05,test_field
cupy,64,16,16,1024,gpu,3,0.24166059494018555,1.4749792171642184e-05,test_field
cupy,64,16,16,1024,gpu,4,0.23757648468017578,1.450051786378026e-05,test_field
numpy,64,16,16,1024,cpu,0,0.12543177604675293,7.655748049728572e-06,test_field
numpy,64,16,16,1024,cpu,1,0.12444138526916504,7.5952993938699365e-06,test_field
numpy,64,16,16,1024,cpu,2,0.12872529029846191,7.856768206693232e-06,test_field
numpy,64,16,16,1024,cpu,3,0.146270751953125,8.927658200263977e-06,test_field
numpy,64,16,16,1024,cpu,4,0.1374497413635254,8.38926644064486e-06,test_field
fortran,64,16,16,1024,cpu,0,0.021926655,1.3382968139648437e-06,test_field
fortran,64,16,16,1024,cpu,1,0.021458731,1.3097369995117189e-06,test_field
fortran,64,16,16,1024,cpu,2,0.023487416,1.43355810546875e-06,test_field
fortran,64,16,16,1024,cpu,3,0.021441099,1.3086608276367189e-06,test_field
fortran,64,16,16,1024,cpu,4,0.022358773,1.3646712036132812e-06,test_field
numba,64,16,32,1024,cpu,0,0.11724138259887695,3.577923052944243e-06,test_field
numba,64,16,32,1024,cpu,1,0.11765313148498535,3.5904886317439377e-06,test_field
numba,64,16,32,1024,cpu,2,0.11898469924926758,3.631124855019152e-06,test_field
numba,64,16,32,1024,cpu,3,0.12001562118530273,3.6625860957428813e-06,test_field
numba,64,16,32,1024,cpu,4,0.11777448654174805,3.594192094169557e-06,test_field
jax,64,16,32,1024,cpu,0,0.1863269805908203,5.6862481869757175e-06,test_field
jax,64,16,32,1024,cpu,1,0.1835622787475586,5.6018761824816465e-06,test_field
jax,64,16,32,1024,cpu,2,0.18293261528015137,5.582660378422588e-06,test_field
jax,64,16,32,1024,cpu,3,0.18448209762573242,5.629946826957166e-06,test_field
jax,64,16,32,1024,cpu,4,0.18129992485046387,5.53283462068066e-06,test_field
jax,64,16,32,1024,gpu,0,0.1206369400024414,3.6815472412854433e-06,test_field
jax,64,16,32,1024,gpu,1,0.12112212181091309,3.6963538150303066e-06,test_field
jax,64,16,32,1024,gpu,2,0.12018990516662598,3.6679048207588494e-06,test_field
jax,64,16,32,1024,gpu,3,0.12013411521911621,3.6662022466771305e-06,test_field
jax,64,16,32,1024,gpu,4,0.12049245834350586,3.677138010971248e-06,test_field
torch,64,16,32,1024,cpu,0,3.2231287956237793,9.836208482738584e-05,test_field
torch,64,16,32,1024,cpu,1,3.111637592315674,9.495964332018048e-05,test_field
torch,64,16,32,1024,cpu,2,3.162266969680786,9.65047292993404e-05,test_field
torch,64,16,32,1024,cpu,3,4.0234010219573975,0.00012278445501578972,test_field
torch,64,16,32,1024,cpu,4,3.163386821746826,9.653890447225422e-05,test_field
torch,64,16,32,1024,gpu,0,0.37621259689331055,1.1481097317300737e-05,test_field
torch,64,16,32,1024,gpu,1,0.3612809181213379,1.1025418643839657e-05,test_field
torch,64,16,32,1024,gpu,2,0.36932921409606934,1.1271033145021647e-05,test_field
torch,64,16,32,1024,gpu,3,0.35590600967407227,1.0861389455385506e-05,test_field
torch,64,16,32,1024,gpu,4,0.29236888885498047,8.922390406951308e-06,test_field
gt4py,64,16,32,1024,cpu,0,0.26539182662963867,8.099115802906454e-06,test_field
gt4py,64,16,32,1024,cpu,1,0.280287504196167,8.553695806767792e-06,test_field
gt4py,64,16,32,1024,cpu,2,0.26960277557373047,8.227623766288161e-06,test_field
gt4py,64,16,32,1024,cpu,3,0.27844667434692383,8.497518138028681e-06,test_field
gt4py,64,16,32,1024,cpu,4,0.26966190338134766,8.229428203776479e-06,test_field
cupy,64,16,32,1024,gpu,0,0.24908232688903809,7.601389370393008e-06,test_field
cupy,64,16,32,1024,gpu,1,0.2486569881439209,7.588409062009305e-06,test_field
cupy,64,16,32,1024,gpu,2,0.24230623245239258,7.394599379040301e-06,test_field
cupy,64,16,32,1024,gpu,3,0.24497175216674805,7.4759445851668715e-06,test_field
cupy,64,16,32,1024,gpu,4,0.25116920471191406,7.665075827389956e-06,test_field
numpy,64,16,32,1024,cpu,0,0.28973865509033203,8.842122042551637e-06,test_field
numpy,64,16,32,1024,cpu,1,0.28929758071899414,8.828661520965397e-06,test_field
numpy,64,16,32,1024,cpu,2,0.29261040687561035,8.929760952014476e-06,test_field
numpy,64,16,32,1024,cpu,3,0.29261088371276855,8.929775503929704e-06,test_field
numpy,64,16,32,1024,cpu,4,0.29225730895996094,8.91898525878787e-06,test_field
fortran,64,16,32,1024,cpu,0,0.051917324,1.5843909912109375e-06,test_field
fortran,64,16,32,1024,cpu,1,0.02913689,8.891873168945312e-07,test_field
fortran,64,16,32,1024,cpu,2,0.026693857,8.146318664550782e-07,test_field
fortran,64,16,32,1024,cpu,3,0.028541004,8.710023193359374e-07,test_field
fortran,64,16,32,1024,cpu,4,0.028448239,8.681713562011719e-07,test_field
numba,64,16,64,1024,cpu,0,0.11890196800231934,1.8143000488635153e-06,test_field
numba,64,16,64,1024,cpu,1,0.11796331405639648,1.7999773262999952e-06,test_field
numba,64,16,64,1024,cpu,2,0.11825942993164062,1.804495695978403e-06,test_field
numba,64,16,64,1024,cpu,3,0.12001323699951172,1.8312566680833697e-06,test_field
numba,64,16,64,1024,cpu,4,0.11686277389526367,1.7831844161264598e-06,test_field
jax,64,16,64,1024,cpu,0,0.23536109924316406,3.591325366869569e-06,test_field
jax,64,16,64,1024,cpu,1,0.2325148582458496,3.547895175870508e-06,test_field
jax,64,16,64,1024,cpu,2,0.23105621337890625,3.525638021528721e-06,test_field
jax,64,16,64,1024,cpu,3,0.23137760162353516,3.5305420169606805e-06,test_field
jax,64,16,64,1024,cpu,4,0.23072552680969238,3.5205921449232846e-06,test_field
jax,64,16,64,1024,gpu,0,0.12247180938720703,1.8687715055420995e-06,test_field
jax,64,16,64,1024,gpu,1,0.12059569358825684,1.8401442503090948e-06,test_field
jax,64,16,64,1024,gpu,2,0.12229347229003906,1.8660502973943949e-06,test_field
jax,64,16,64,1024,gpu,3,0.11738371849060059,1.7911333998199552e-06,test_field
jax,64,16,64,1024,gpu,4,0.11719632148742676,1.7882739484775811e-06,test_field
torch,64,16,64,1024,cpu,0,8.842792749404907,0.0001349303092865739,test_field
torch,64,16,64,1024,cpu,1,9.96560025215149,0.00015206299212877639,test_field
torch,64,16,64,1024,cpu,2,9.256868839263916,0.0001412486089975573,test_field
torch,64,16,64,1024,cpu,3,7.5691001415252686,0.00011549530245247297,test_field
torch,64,16,64,1024,cpu,4,7.476138591766357,0.00011407682177377865,test_field
torch,64,16,64,1024,gpu,0,0.3501262664794922,5.342502845451236e-06,test_field
torch,64,16,64,1024,gpu,1,0.2890326976776123,4.41028896602802e-06,test_field
torch,64,16,64,1024,gpu,2,0.3798239231109619,5.795653123641387e-06,test_field
torch,64,16,64,1024,gpu,3,0.38782167434692383,5.917689122725278e-06,test_field
torch,64,16,64,1024,gpu,4,0.32715511322021484,4.991990863345563e-06,test_field
gt4py,64,16,64,1024,cpu,0,0.31910157203674316,4.8691035772208124e-06,test_field
gt4py,64,16,64,1024,cpu,1,0.3151531219482422,4.808855010196567e-06,test_field
gt4py,64,16,64,1024,cpu,2,0.3187439441680908,4.863646609010175e-06,test_field
gt4py,64,16,64,1024,cpu,3,0.31891703605651855,4.8662877816241235e-06,test_field
gt4py,64,16,64,1024,cpu,4,0.33762216567993164,5.151705408934504e-06,test_field
cupy,64,16,64,1024,gpu,0,0.23956561088562012,3.655481123132631e-06,test_field
cupy,64,16,64,1024,gpu,1,0.2494199275970459,3.805846063187346e-06,test_field
cupy,64,16,64,1024,gpu,2,0.2743957042694092,4.186946171103045e-06,test_field
cupy,64,16,64,1024,gpu,3,0.2421252727508545,3.694538463605568e-06,test_field
cupy,64,16,64,1024,gpu,4,0.2339024543762207,3.5690682125277817e-06,test_field
numpy,64,16,64,1024,cpu,0,0.5768218040466309,8.80160223459825e-06,test_field
numpy,64,16,64,1024,cpu,1,0.5547428131103516,8.464703569188714e-06,test_field
numpy,64,16,64,1024,cpu,2,0.5769631862640381,8.803759556030855e-06,test_field
numpy,64,16,64,1024,cpu,3,0.5757455825805664,8.785180398263037e-06,test_field
numpy,64,16,64,1024,cpu,4,0.56656813621521,8.645143680041656e-06,test_field
fortran,64,16,64,1024,cpu,0,0.041517749,6.335105743408203e-07,test_field
fortran,64,16,64,1024,cpu,1,0.04094823,6.248204040527344e-07,test_field
fortran,64,16,64,1024,cpu,2,0.040179582,6.130917663574219e-07,test_field
fortran,64,16,64,1024,cpu,3,0.042190401,6.437744293212891e-07,test_field
fortran,64,16,64,1024,cpu,4,0.040930151,6.245445404052734e-07,test_field
numba,64,32,16,1024,cpu,0,0.11812424659729004,3.604865923989564e-06,test_field
numba,64,32,16,1024,cpu,1,0.12588810920715332,3.841800207737833e-06,test_field
numba,64,32,16,1024,cpu,2,0.11572504043579102,3.5316479625180364e-06,test_field
numba,64,32,16,1024,cpu,3,0.12369751930236816,3.774948709178716e-06,test_field
numba,64,32,16,1024,cpu,4,0.11506056785583496,3.511369868647307e-06,test_field
jax,64,32,16,1024,cpu,0,0.18009495735168457,5.496061930898577e-06,test_field
jax,64,32,16,1024,cpu,1,0.18159222602844238,5.541754944715649e-06,test_field
jax,64,32,16,1024,cpu,2,0.18124079704284668,5.5310301831923425e-06,test_field
jax,64,32,16,1024,cpu,3,0.18059277534484863,5.511254130396992e-06,test_field
jax,64,32,16,1024,cpu,4,0.18058204650878906,5.510926712304354e-06,test_field
jax,64,32,16,1024,gpu,0,0.11978554725646973,3.6555647966451943e-06,test_field
jax,64,32,16,1024,gpu,1,0.11946892738342285,3.6459023249335587e-06,test_field
jax,64,32,16,1024,gpu,2,0.11926007270812988,3.639528586063534e-06,test_field
jax,64,32,16,1024,gpu,3,0.1192936897277832,3.640554496087134e-06,test_field
jax,64,32,16,1024,gpu,4,0.12035489082336426,3.6729397834278643e-06,test_field
torch,64,32,16,1024,cpu,0,3.237715482711792,9.88072351901792e-05,test_field
torch,64,32,16,1024,cpu,1,3.210252285003662,9.796912490855902e-05,test_field
torch,64,32,16,1024,cpu,2,3.9118669033050537,0.0001193807038362138,test_field
torch,64,32,16,1024,cpu,3,3.1778793334960938,9.698118083178997e-05,test_field
torch,64,32,16,1024,cpu,4,3.9751882553100586,0.00012131311814300716,test_field
torch,64,32,16,1024,gpu,0,0.29360198974609375,8.960021659731865e-06,test_field
torch,64,32,16,1024,gpu,1,0.29582929611206055,9.027993655763566e-06,test_field
torch,64,32,16,1024,gpu,2,0.3784661293029785,1.1549869668669999e-05,test_field
torch,64,32,16,1024,gpu,3,0.38739848136901855,1.182246342068538e-05,test_field
torch,64,32,16,1024,gpu,4,0.2955009937286377,9.017974662128836e-06,test_field
gt4py,64,32,16,1024,cpu,0,0.2697875499725342,8.233262633439153e-06,test_field
gt4py,64,32,16,1024,cpu,1,0.2649102210998535,8.084418368525803e-06,test_field
gt4py,64,32,16,1024,cpu,2,0.2561664581298828,7.81757989898324e-06,test_field
gt4py,64,32,16,1024,cpu,3,0.25223779678344727,7.697686669416726e-06,test_field
gt4py,64,32,16,1024,cpu,4,0.2566244602203369,7.831557013560086e-06,test_field
cupy,64,32,16,1024,gpu,0,0.2510247230529785,7.66066659707576e-06,test_field
cupy,64,32,16,1024,gpu,1,0.2417125701904297,7.376482244580984e-06,test_field
cupy,64,32,16,1024,gpu,2,0.23720097541809082,7.238799298647791e-06,test_field
cupy,64,32,16,1024,gpu,3,0.2579011917114258,7.870519766584039e-06,test_field
cupy,64,32,16,1024,gpu,4,0.24310779571533203,7.4190611485391855e-06,test_field
numpy,64,32,16,1024,cpu,0,0.2791621685028076,8.519353286828846e-06,test_field
numpy,64,32,16,1024,cpu,1,0.2821025848388672,8.60908767208457e-06,test_field
numpy,64,32,16,1024,cpu,2,0.27237796783447266,8.312315912917256e-06,test_field
numpy,64,32,16,1024,cpu,3,0.27921414375305176,8.520939445588738e-06,test_field
numpy,64,32,16,1024,cpu,4,0.27337098121643066,8.34262027638033e-06,test_field
fortran,64,32,16,1024,cpu,0,0.024573283,7.499170837402344e-07,test_field
fortran,64,32,16,1024,cpu,1,0.024555203,7.493653259277344e-07,test_field
fortran,64,32,16,1024,cpu,2,0.025130066,7.669087524414062e-07,test_field
fortran,64,32,16,1024,cpu,3,0.024604289,7.508633117675782e-07,test_field
fortran,64,32,16,1024,cpu,4,0.024220493,7.391507873535156e-07,test_field
numba,64,32,32,1024,cpu,0,0.12116551399230957,1.848839019658044e-06,test_field
numba,64,32,32,1024,cpu,1,0.1191854476928711,1.8186256056651473e-06,test_field
numba,64,32,32,1024,cpu,2,0.12051939964294434,1.8389800970908254e-06,test_field
numba,64,32,32,1024,cpu,3,0.12270832061767578,1.8723803805187345e-06,test_field
numba,64,32,32,1024,cpu,4,0.1215670108795166,1.8549653759691864e-06,test_field
jax,64,32,32,1024,cpu,0,0.2304840087890625,3.5169068723917007e-06,test_field
jax,64,32,32,1024,cpu,1,0.2285916805267334,3.488032234599814e-06,test_field
jax,64,32,32,1024,cpu,2,0.2260913848876953,3.449880750849843e-06,test_field
jax,64,32,32,1024,cpu,3,0.22937273979187012,3.4999502531718463e-06,test_field
jax,64,32,32,1024,cpu,4,0.22922086715698242,3.497632860671729e-06,test_field
jax,64,32,32,1024,gpu,0,0.1229555606842041,1.8761529645416886e-06,test_field
jax,64,32,32,1024,gpu,1,0.12099146842956543,1.846183295128867e-06,test_field
jax,64,32,32,1024,gpu,2,0.12075495719909668,1.842574420152232e-06,test_field
jax,64,32,32,1024,gpu,3,0.1206352710723877,1.840748154791072e-06,test_field
jax,64,32,32,1024,gpu,4,0.12101602554321289,1.8465580069459975e-06,test_field
torch,64,32,32,1024,cpu,0,9.646989345550537,0.00014720137551194057,test_field
torch,64,32,32,1024,cpu,1,7.522087812423706,0.0001147779512393754,test_field
torch,64,32,32,1024,cpu,2,7.863004207611084,0.00011997992260148749,test_field
torch,64,32,32,1024,cpu,3,9.64113163948059,0.00014711199401062913,test_field
torch,64,32,32,1024,cpu,4,7.5168890953063965,0.00011469862511148676,test_field
torch,64,32,32,1024,gpu,0,0.30715203285217285,4.686768079409376e-06,test_field
torch,64,32,32,1024,gpu,1,0.36594367027282715,5.583857273450121e-06,test_field
torch,64,32,32,1024,gpu,2,0.36629700660705566,5.589248758042231e-06,test_field
torch,64,32,32,1024,gpu,3,0.30213260650634766,4.610177711583674e-06,test_field
torch,64,32,32,1024,gpu,4,0.3617899417877197,5.5204764066729695e-06,test_field
gt4py,64,32,32,1024,cpu,0,0.3039689064025879,4.638197424355894e-06,test_field
gt4py,64,32,32,1024,cpu,1,0.2929348945617676,4.46983176516369e-06,test_field
gt4py,64,32,32,1024,cpu,2,0.29758715629577637,4.5408196456264704e-06,test_field
gt4py,64,32,32,1024,cpu,3,0.3107187747955322,4.741192242363468e-06,test_field
gt4py,64,32,32,1024,cpu,4,0.2909128665924072,4.438978066900745e-06,test_field
cupy,64,32,32,1024,gpu,0,0.24173903465270996,3.6886449379380792e-06,test_field
cupy,64,32,32,1024,gpu,1,0.24016523361206055,3.664630639832467e-06,test_field
cupy,64,32,32,1024,gpu,2,0.25091123580932617,3.8286016206257045e-06,test_field
cupy,64,32,32,1024,gpu,3,0.24668073654174805,3.764049324672669e-06,test_field
cupy,64,32,32,1024,gpu,4,0.2535383701324463,3.868688509101048e-06,test_field
numpy,64,32,32,1024,cpu,0,0.5265944004058838,8.035192877287045e-06,test_field
numpy,64,32,32,1024,cpu,1,0.5329649448394775,8.132399671012536e-06,test_field
numpy,64,32,32,1024,cpu,2,0.5323441028594971,8.122926374198869e-06,test_field
numpy,64,32,32,1024,cpu,3,0.5315039157867432,8.110106136882678e-06,test_field
numpy,64,32,32,1024,cpu,4,0.5155174732208252,7.866172381909564e-06,test_field
fortran,64,32,32,1024,cpu,0,0.033777589,5.154051055908203e-07,test_field
fortran,64,32,32,1024,cpu,1,0.032847121,5.012072906494141e-07,test_field
fortran,64,32,32,1024,cpu,2,0.034424353,5.25273941040039e-07,test_field
fortran,64,32,32,1024,cpu,3,0.034024109,5.191667022705078e-07,test_field
fortran,64,32,32,1024,cpu,4,0.032616695,4.976912689208985e-07,test_field
numba,64,32,64,1024,cpu,0,0.1216437816619873,9.28068402572535e-07,test_field
numba,64,32,64,1024,cpu,1,0.1229555606842041,9.380764822708443e-07,test_field
numba,64,32,64,1024,cpu,2,0.1232762336730957,9.405230230186135e-07,test_field
numba,64,32,64,1024,cpu,3,0.12331748008728027,9.408377081854269e-07,test_field
numba,64,32,64,1024,cpu,4,0.12285804748535156,9.37332515604794e-07,test_field
jax,64,32,64,1024,cpu,0,0.33119630813598633,2.526827302062884e-06,test_field
jax,64,32,64,1024,cpu,1,0.32935667037963867,2.512791979825124e-06,test_field
jax,64,32,64,1024,cpu,2,0.3297715187072754,2.515957021387294e-06,test_field
jax,64,32,64,1024,cpu,3,0.330214262008667,2.5193348847096786e-06,test_field
jax,64,32,64,1024,cpu,4,0.3339407444000244,2.5477656890871003e-06,test_field
jax,64,32,64,1024,gpu,0,0.116546630859375,8.891802281141281e-07,test_field
jax,64,32,64,1024,gpu,1,0.11608529090881348,8.856604836182669e-07,test_field
jax,64,32,64,1024,gpu,2,0.11554741859436035,8.815568435238674e-07,test_field
jax,64,32,64,1024,gpu,3,0.11675453186035156,8.907663868740201e-07,test_field
jax,64,32,64,1024,gpu,4,0.11703968048095703,8.929418982006609e-07,test_field
torch,64,32,64,1024,cpu,0,7.600320339202881,5.7985842431662604e-05,test_field
torch,64,32,64,1024,cpu,1,10.153939485549927,7.746841038169805e-05,test_field
torch,64,32,64,1024,cpu,2,7.3717310428619385,5.624184450425673e-05,test_field
torch,64,32,64,1024,cpu,3,7.59432053565979,5.794006756332237e-05,test_field
torch,64,32,64,1024,cpu,4,10.164564847946167,7.754947546345647e-05,test_field
torch,64,32,64,1024,gpu,0,0.3710641860961914,2.830995072145015e-06,test_field
torch,64,32,64,1024,gpu,1,0.38352060317993164,2.926029992522672e-06,test_field
torch,64,32,64,1024,gpu,2,0.3749394416809082,2.8605609259102494e-06,test_field
torch,64,32,64,1024,gpu,3,0.37703442573547363,2.876544385799207e-06,test_field
torch,64,32,64,1024,gpu,4,0.3302586078643799,2.519673216738738e-06,test_field
gt4py,64,32,64,1024,cpu,0,0.3669583797454834,2.799670255626552e-06,test_field
gt4py,64,32,64,1024,cpu,1,0.35002994537353516,2.6705165510065854e-06,test_field
gt4py,64,32,64,1024,cpu,2,0.3548719882965088,2.707458406803198e-06,test_field
gt4py,64,32,64,1024,cpu,3,0.3693685531616211,2.818058419506997e-06,test_field
gt4py,64,32,64,1024,cpu,4,0.3562190532684326,2.7177356969332322e-06,test_field
cupy,64,32,64,1024,gpu,0,0.2589089870452881,1.975318809854798e-06,test_field
cupy,64,32,64,1024,gpu,1,0.2505185604095459,1.9113049347652122e-06,test_field
cupy,64,32,64,1024,gpu,2,0.2396225929260254,1.828175300033763e-06,test_field
cupy,64,32,64,1024,gpu,3,0.26671862602233887,2.034901626757346e-06,test_field
cupy,64,32,64,1024,gpu,4,0.2519843578338623,1.922488081618212e-06,test_field
numpy,64,32,64,1024,cpu,0,0.9768767356872559,7.4529780249577016e-06,test_field
numpy,64,32,64,1024,cpu,1,0.991370677947998,7.563558028778061e-06,test_field
numpy,64,32,64,1024,cpu,2,0.9956622123718262,7.596299838041887e-06,test_field
numpy,64,32,64,1024,cpu,3,0.9924018383026123,7.571425157948397e-06,test_field
numpy,64,32,64,1024,cpu,4,1.001938819885254,7.644186553079635e-06,test_field
fortran,64,32,64,1024,cpu,0,0.053055254,4.047794647216797e-07,test_field
fortran,64,32,64,1024,cpu,1,0.055174775,4.2095012664794924e-07,test_field
fortran,64,32,64,1024,cpu,2,0.053289007,4.0656285858154296e-07,test_field
fortran,64,32,64,1024,cpu,3,0.054492139,4.1574202728271486e-07,test_field
fortran,64,32,64,1024,cpu,4,0.054701477,4.1733914947509764e-07,test_field
numba,64,64,16,1024,cpu,0,0.1219334602355957,1.8605569493956864e-06,test_field
numba,64,64,16,1024,cpu,1,0.12260603904724121,1.8708196876104921e-06,test_field
numba,64,64,16,1024,cpu,2,0.12196469306945801,1.8610335246194154e-06,test_field
numba,64,64,16,1024,cpu,3,0.12199258804321289,1.8614591681398451e-06,test_field
numba,64,64,16,1024,cpu,4,0.12187433242797852,1.8596547306515276e-06,test_field
jax,64,64,16,1024,cpu,0,0.22464585304260254,3.427823685342446e-06,test_field
jax,64,64,16,1024,cpu,1,0.2259073257446289,3.4470722312107682e-06,test_field
jax,64,64,16,1024,cpu,2,0.2258751392364502,3.446581104071811e-06,test_field
jax,64,64,16,1024,cpu,3,0.22359466552734375,3.4117838367819786e-06,test_field
jax,64,64,16,1024,cpu,4,0.2250046730041504,3.433298843447119e-06,test_field
jax,64,64,16,1024,gpu,0,0.11983466148376465,1.828531821956858e-06,test_field
jax,64,64,16,1024,gpu,1,0.12005448341369629,1.8318860384169966e-06,test_field
jax,64,64,16,1024,gpu,2,0.1197967529296875,1.8279533833265305e-06,test_field
jax,64,64,16,1024,gpu,3,0.1205136775970459,1.8388927855994552e-06,test_field
jax,64,64,16,1024,gpu,4,0.12137293815612793,1.8520040612202138e-06,test_field
torch,64,64,16,1024,cpu,0,7.631426095962524,0.00011644632104435004,test_field
torch,64,64,16,1024,cpu,1,7.359640836715698,0.00011229920710320584,test_field
torch,64,64,16,1024,cpu,2,10.061970710754395,0.0001535334886284545,test_field
torch,64,64,16,1024,cpu,3,7.740046262741089,0.00011810373325715773,test_field
torch,64,64,16,1024,cpu,4,7.442628383636475,0.00011356549657648429,test_field
torch,64,64,16,1024,gpu,0,0.34962987899780273,5.334928573574871e-06,test_field
torch,64,64,16,1024,gpu,1,0.38588547706604004,5.888145096832886e-06,test_field
torch,64,64,16,1024,gpu,2,0.32553553581237793,4.967278073308989e-06,test_field
torch,64,64,16,1024,gpu,3,0.39467906951904297,6.02232466917485e-06,test_field
torch,64,64,16,1024,gpu,4,0.3689427375793457,5.629619408864528e-06,test_field
gt4py,64,64,16,1024,cpu,0,0.28894972801208496,4.409022949403152e-06,test_field
gt4py,64,64,16,1024,cpu,1,0.29783129692077637,4.544544935924932e-06,test_field
gt4py,64,64,16,1024,cpu,2,0.28582143783569336,4.3612890294753015e-06,test_field
gt4py,64,64,16,1024,cpu,3,0.29041409492492676,4.431367415236309e-06,test_field
gt4py,64,64,16,1024,cpu,4,0.28662967681884766,4.373621777631342e-06,test_field
cupy,64,64,16,1024,gpu,0,0.24898719787597656,3.7992431316524744e-06,test_field
cupy,64,64,16,1024,gpu,1,0.255324125289917,3.895936970366165e-06,test_field
cupy,64,64,16,1024,gpu,2,0.2562601566314697,3.910219675162807e-06,test_field
cupy,64,64,16,1024,gpu,3,0.27359580993652344,4.174740752205253e-06,test_field
cupy,64,64,16,1024,gpu,4,0.23924946784973145,3.6506571632344276e-06,test_field
numpy,64,64,16,1024,cpu,0,0.5112547874450684,7.801128958817571e-06,test_field
numpy,64,64,16,1024,cpu,1,0.5066418647766113,7.730741344857961e-06,test_field
numpy,64,64,16,1024,cpu,2,0.5035879611968994,7.684142474317923e-06,test_field
numpy,64,64,16,1024,cpu,3,0.509183406829834,7.769522198941559e-06,test_field
numpy,64,64,16,1024,cpu,4,0.5016403198242188,7.654423825442791e-06,test_field
fortran,64,64,16,1024,cpu,0,0.02966615,4.5266952514648436e-07,test_field
fortran,64,64,16,1024,cpu,1,0.030002172,4.5779681396484376e-07,test_field
fortran,64,64,16,1024,cpu,2,0.029632135,4.5215049743652344e-07,test_field
fortran,64,64,16,1024,cpu,3,0.030563531,4.663624725341797e-07,test_field
fortran,64,64,16,1024,cpu,4,0.029523819,4.504977264404297e-07,test_field
numba,64,64,32,1024,cpu,0,0.12626338005065918,9.633131412556395e-07,test_field
numba,64,64,32,1024,cpu,1,0.1234903335571289,9.421564755029976e-07,test_field
numba,64,64,32,1024,cpu,2,0.1256868839263916,9.589148248778656e-07,test_field
numba,64,64,32,1024,cpu,3,0.12500858306884766,9.537398000247777e-07,test_field
numba,64,64,32,1024,cpu,4,0.12901735305786133,9.843242878559977e-07,test_field
jax,64,64,32,1024,cpu,0,0.3193857669830322,2.436720023979433e-06,test_field
jax,64,64,32,1024,cpu,1,0.3181636333465576,2.427395884296857e-06,test_field
jax,64,64,32,1024,cpu,2,0.3176305294036865,2.4233286239905283e-06,test_field
jax,64,64,32,1024,cpu,3,0.31844091415405273,2.4295113689731807e-06,test_field
jax,64,64,32,1024,cpu,4,0.31896376609802246,2.4335004127351567e-06,test_field
jax,64,64,32,1024,gpu,0,0.1155543327331543,8.816095942165703e-07,test_field
jax,64,64,32,1024,gpu,1,0.11494779586791992,8.769820851739496e-07,test_field
jax,64,64,32,1024,gpu,2,0.1151740550994873,8.787083061179146e-07,test_field
jax,64,64,32,1024,gpu,3,0.11642003059387207,8.882143447408453e-07,test_field
jax,64,64,32,1024,gpu,4,0.11564040184020996,8.822662493912503e-07,test_field
torch,64,64,32,1024,cpu,0,7.871487379074097,6.005468276271131e-05,test_field
torch,64,64,32,1024,cpu,1,7.425710201263428,5.665367280016653e-05,test_field
torch,64,64,32,1024,cpu,2,7.387966871261597,5.63657140446594e-05,test_field
torch,64,64,32,1024,cpu,3,7.761049747467041,5.9212110500084236e-05,test_field
torch,64,64,32,1024,cpu,4,9.751765966415405,7.440006993419956e-05,test_field
torch,64,64,32,1024,gpu,0,0.27105236053466797,2.067965397145599e-06,test_field
torch,64,64,32,1024,gpu,1,0.3063809871673584,2.3375014279736206e-06,test_field
torch,64,64,32,1024,gpu,2,0.3183426856994629,2.4287619453389198e-06,test_field
torch,64,64,32,1024,gpu,3,0.33971714973449707,2.5918361643562093e-06,test_field
torch,64,64,32,1024,gpu,4,0.36965346336364746,2.820232111844234e-06,test_field
gt4py,64,64,32,1024,cpu,0,0.3400449752807617,2.594337274786085e-06,test_field
gt4py,64,64,32,1024,cpu,1,0.34832286834716797,2.657492586877197e-06,test_field
gt4py,64,64,32,1024,cpu,2,0.33734726905822754,2.5737554096849635e-06,test_field
gt4py,64,64,32,1024,cpu,3,0.33806777000427246,2.579252395662479e-06,test_field
gt4py,64,64,32,1024,cpu,4,0.34256720542907715,2.6135803636861965e-06,test_field
cupy,64,64,32,1024,gpu,0,0.24572253227233887,1.8747141439234838e-06,test_field
cupy,64,64,32,1024,gpu,1,0.24173903465270996,1.8443224689690396e-06,test_field
cupy,64,64,32,1024,gpu,2,0.25343894958496094,1.9335857359692454e-06,test_field
cupy,64,64,32,1024,gpu,3,0.26728129386901855,2.0391944417497143e-06,test_field
cupy,64,64,32,1024,gpu,4,0.24002408981323242,1.8312384781893343e-06,test_field
numpy,64,64,32,1024,cpu,0,0.9605634212493896,7.3285173129988834e-06,test_field
numpy,64,64,32,1024,cpu,1,0.9412109851837158,7.180869943113066e-06,test_field
numpy,64,64,32,1024,cpu,2,0.9420404434204102,7.187198207248002e-06,test_field
numpy,64,64,32,1024,cpu,3,0.950045108795166,7.248268957482651e-06,test_field
numpy,64,64,32,1024,cpu,4,0.9492795467376709,7.242428182507865e-06,test_field
fortran,64,64,32,1024,cpu,0,0.043895237,3.3489408111572263e-07,test_field
fortran,64,64,32,1024,cpu,1,0.045128384,3.4430224609375e-07,test_field
fortran,64,64,32,1024,cpu,2,0.0455245,3.4732437133789064e-07,test_field
fortran,64,64,32,1024,cpu,3,0.044059136,3.3614453125e-07,test_field
fortran,64,64,32,1024,cpu,4,0.044634254,3.405323333740234e-07,test_field
numba,64,64,64,1024,cpu,0,0.13137578964233398,5.011588655179366e-07,test_field
numba,64,64,64,1024,cpu,1,0.13445806503295898,5.129168130224571e-07,test_field
numba,64,64,64,1024,cpu,2,0.13120198249816895,5.004958438803442e-07,test_field
numba,64,64,64,1024,cpu,3,0.13282442092895508,5.06684955325909e-07,test_field
numba,64,64,64,1024,cpu,4,0.13205623626708984,5.037545633967966e-07,test_field
jax,64,64,64,1024,cpu,0,0.5277197360992432,2.0130910343141295e-06,test_field
jax,64,64,64,1024,cpu,1,0.5280013084411621,2.0141651475569233e-06,test_field
jax,64,64,64,1024,cpu,2,0.5259966850280762,2.0065181161044165e-06,test_field
jax,64,64,64,1024,cpu,3,0.5274887084960938,2.0122097339481115e-06,test_field
jax,64,64,64,1024,cpu,4,0.5257282257080078,2.0054940250702202e-06,test_field
jax,64,64,64,1024,gpu,0,0.1273939609527588,4.85969394503627e-07,test_field
jax,64,64,64,1024,gpu,1,0.12735486030578613,4.858202373725362e-07,test_field
jax,64,64,64,1024,gpu,2,0.12850284576416016,4.901994543615729e-07,test_field
jax,64,64,64,1024,gpu,3,0.12743020057678223,4.861076376982965e-07,test_field
jax,64,64,64,1024,gpu,4,0.12790489196777344,4.879184416495264e-07,test_field
torch,64,64,64,1024,cpu,0,7.415279150009155,2.8287045097386e-05,test_field
torch,64,64,64,1024,cpu,1,10.352175951004028,3.949041729356395e-05,test_field
torch,64,64,64,1024,cpu,2,6.015527009963989,2.2947414436202962e-05,test_field
torch,64,64,64,1024,cpu,3,5.839151382446289,2.2274594812188298e-05,test_field
torch,64,64,64,1024,cpu,4,9.780466556549072,3.7309519029804505e-05,test_field
torch,64,64,64,1024,gpu,0,0.3218536376953125,1.227774191647768e-06,test_field
torch,64,64,64,1024,gpu,1,0.30934643745422363,1.180063009087462e-06,test_field
torch,64,64,64,1024,gpu,2,0.38947486877441406,1.485728716943413e-06,test_field
torch,64,64,64,1024,gpu,3,0.31948256492614746,1.2187292668386362e-06,test_field
torch,64,64,64,1024,gpu,4,0.3341207504272461,1.2745695130433887e-06,test_field
gt4py,64,64,64,1024,cpu,0,0.4376564025878906,1.6695266822353005e-06,test_field
gt4py,64,64,64,1024,cpu,1,0.44150733947753906,1.6842168406583369e-06,test_field
gt4py,64,64,64,1024,cpu,2,0.4353487491607666,1.6607236830168404e-06,test_field
gt4py,64,64,64,1024,cpu,3,0.4232456684112549,1.6145540939760394e-06,test_field
gt4py,64,64,64,1024,cpu,4,0.43180298805236816,1.6471976778120734e-06,test_field
cupy,64,64,64,1024,gpu,0,0.24036550521850586,9.16921635507606e-07,test_field
cupy,64,64,64,1024,gpu,1,0.2563130855560303,9.777568266144954e-07,test_field
cupy,64,64,64,1024,gpu,2,0.24696993827819824,9.421155482414179e-07,test_field
cupy,64,64,64,1024,gpu,3,0.24355816841125488,9.291006790590473e-07,test_field
cupy,64,64,64,1024,gpu,4,0.2593696117401123,9.894165486912243e-07,test_field
numpy,64,64,64,1024,cpu,0,1.8156681060791016,6.926224159542471e-06,test_field
numpy,64,64,64,1024,cpu,1,1.8188962936401367,6.938538717804477e-06,test_field
numpy,64,64,64,1024,cpu,2,1.824049711227417,6.9581974457832985e-06,test_field
numpy,64,64,64,1024,cpu,3,1.8367400169372559,7.006607120274566e-06,test_field
numpy,64,64,64,1024,cpu,4,1.817448377609253,6.93301535648061e-06,test_field
fortran,64,64,64,1024,cpu,0,0.078556064,2.996676025390625e-07,test_field
fortran,64,64,64,1024,cpu,1,0.078968884,3.012423858642578e-07,test_field
fortran,64,64,64,1024,cpu,2,0.077124618,2.942070693969727e-07,test_field
fortran,64,64,64,1024,cpu,3,0.07928609,3.0245243072509767e-07,test_field
fortran,64,64,64,1024,cpu,4,0.077845557,2.9695723342895506e-07,test_field
numba,64,128,16,1024,cpu,0,0.1431276798248291,1.091977537726052e-06,test_field
numba,64,128,16,1024,cpu,1,0.14209842681884766,1.0841249604709446e-06,test_field
numba,64,128,16,1024,cpu,2,0.14189434051513672,1.0825679055415094e-06,test_field
numba,64,128,16,1024,cpu,3,0.14241695404052734,1.086555130314082e-06,test_field
numba,64,128,16,1024,cpu,4,0.14064407348632812,1.073029125109315e-06,test_field
jax,64,128,16,1024,cpu,0,0.31531524658203125,2.4056644178926945e-06,test_field
jax,64,128,16,1024,cpu,1,0.31408023834228516,2.396242052782327e-06,test_field
jax,64,128,16,1024,cpu,2,0.31535840034484863,2.4059936549747363e-06,test_field
jax,64,128,16,1024,cpu,3,0.31778860092163086,2.424534613965079e-06,test_field
jax,64,128,16,1024,cpu,4,0.3154489994049072,2.4066848709480837e-06,test_field
jax,64,128,16,1024,gpu,0,0.11563467979431152,8.822225936455652e-07,test_field
jax,64,128,16,1024,gpu,1,0.11514878273010254,8.785154932411388e-07,test_field
jax,64,128,16,1024,gpu,2,0.11505317687988281,8.777860784903169e-07,test_field
jax,64,128,16,1024,gpu,3,0.11559462547302246,8.819170034257695e-07,test_field
jax,64,128,16,1024,gpu,4,0.11515974998474121,8.785991667537019e-07,test_field
torch,64,128,16,1024,cpu,0,10.193954229354858,7.777369864925276e-05,test_field
torch,64,128,16,1024,cpu,1,9.964069128036499,7.601981451443862e-05,test_field
torch,64,128,16,1024,cpu,2,9.710426092147827,7.408467172353994e-05,test_field
torch,64,128,16,1024,cpu,3,9.770731925964355,7.454476872226223e-05,test_field
torch,64,128,16,1024,cpu,4,10.167037010192871,7.756833656458184e-05,test_field
torch,64,128,16,1024,gpu,0,0.37575364112854004,2.8667727747233585e-06,test_field
torch,64,128,16,1024,gpu,1,0.3087761402130127,2.3557749955216423e-06,test_field
torch,64,128,16,1024,gpu,2,0.3758206367492676,2.867283910745755e-06,test_field
torch,64,128,16,1024,gpu,3,0.36608242988586426,2.7929872885579243e-06,test_field
torch,64,128,16,1024,gpu,4,0.311718225479126,2.378221324761398e-06,test_field
gt4py,64,128,16,1024,cpu,0,0.3182032108306885,2.4276978365378454e-06,test_field
gt4py,64,128,16,1024,cpu,1,0.31580448150634766,2.4093969841487706e-06,test_field
gt4py,64,128,16,1024,cpu,2,0.32196497917175293,2.456397851346992e-06,test_field
gt4py,64,128,16,1024,cpu,3,0.33626246452331543,2.56547900789883e-06,test_field
gt4py,64,128,16,1024,cpu,4,0.315838098526001,2.4096534616546705e-06,test_field
cupy,64,128,16,1024,gpu,0,0.23480820655822754,1.7914444470079616e-06,test_field
cupy,64,128,16,1024,gpu,1,0.23896050453186035,1.8231239664601162e-06,test_field
cupy,64,128,16,1024,gpu,2,0.25264930725097656,1.9275612430647016e-06,test_field
cupy,64,128,16,1024,gpu,3,0.26106810569763184,1.9917915778933093e-06,test_field
cupy,64,128,16,1024,gpu,4,0.24650931358337402,1.8807168089551851e-06,test_field
numpy,64,128,16,1024,cpu,0,0.9257156848907471,7.062650183797814e-06,test_field
numpy,64,128,16,1024,cpu,1,0.9298725128173828,7.094364264048636e-06,test_field
numpy,64,128,16,1024,cpu,2,0.9316744804382324,7.1081121859606355e-06,test_field
numpy,64,128,16,1024,cpu,3,0.9350905418395996,7.1341746661346406e-06,test_field
numpy,64,128,16,1024,cpu,4,0.9279880523681641,7.0799869718030095e-06,test_field
fortran,64,128,16,1024,cpu,0,0.040553178,3.0939619445800783e-07,test_field
fortran,64,128,16,1024,cpu,1,0.039209538,2.991450347900391e-07,test_field
fortran,64,128,16,1024,cpu,2,0.042458144,3.23929931640625e-07,test_field
fortran,64,128,16,1024,cpu,3,0.041265509,3.1483084869384765e-07,test_field
fortran,64,128,16,1024,cpu,4,0.04327492,3.3016143798828126e-07,test_field
numba,64,128,32,1024,cpu,0,0.14359641075134277,5.477768354467116e-07,test_field
numba,64,128,32,1024,cpu,1,0.14419889450073242,5.500751285580918e-07,test_field
numba,64,128,32,1024,cpu,2,0.14516520500183105,5.537613105843775e-07,test_field
numba,64,128,32,1024,cpu,3,0.14426016807556152,5.503088686964475e-07,test_field
numba,64,128,32,1024,cpu,4,0.14352011680603027,5.474857971421443e-07,test_field
jax,64,128,32,1024,cpu,0,0.5132052898406982,1.957722815859597e-06,test_field
jax,64,128,32,1024,cpu,1,0.5150604248046875,1.9647995941340923e-06,test_field
jax,64,128,32,1024,cpu,2,0.5144321918487549,1.9624030755949207e-06,test_field
jax,64,128,32,1024,cpu,3,0.5134484767913818,1.9586505004554056e-06,test_field
jax,64,128,32,1024,cpu,4,0.5119075775146484,1.952772436197847e-06,test_field
jax,64,128,32,1024,gpu,0,0.1293191909790039,4.933135642204434e-07,test_field
jax,64,128,32,1024,gpu,1,0.12845587730407715,4.900202839053236e-07,test_field
jax,64,128,32,1024,gpu,2,0.12845754623413086,4.90026650368236e-07,test_field
jax,64,128,32,1024,gpu,3,0.12874817848205566,4.911353244096972e-07,test_field
jax,64,128,32,1024,gpu,4,0.12842226028442383,4.898920451523736e-07,test_field
torch,64,128,32,1024,cpu,0,7.894966125488281,3.0116905691102147e-05,test_field
torch,64,128,32,1024,cpu,1,10.119835138320923,3.860410743072862e-05,test_field
torch,64,128,32,1024,cpu,2,7.831860542297363,2.987617699545808e-05,test_field
torch,64,128,32,1024,cpu,3,5.756504535675049,2.195932211179752e-05,test_field
torch,64,128,32,1024,cpu,4,9.920137166976929,3.7842320125491824e-05,test_field
torch,64,128,32,1024,gpu,0,0.37422633171081543,1.4275601643021218e-06,test_field
torch,64,128,32,1024,gpu,1,0.3719658851623535,1.4189372450346127e-06,test_field
torch,64,128,32,1024,gpu,2,0.32323265075683594,1.2330347090028226e-06,test_field
torch,64,128,32,1024,gpu,3,0.39472365379333496,1.505751242802944e-06,test_field
torch,64,128,32,1024,gpu,4,0.36560583114624023,1.394675564370118e-06,test_field
gt4py,64,128,32,1024,cpu,0,0.4142928123474121,1.5804016584297642e-06,test_field
gt4py,64,128,32,1024,cpu,1,0.4143986701965332,1.5808054740773514e-06,test_field
gt4py,64,128,32,1024,cpu,2,0.4126412868499756,1.5741015886305831e-06,test_field
gt4py,64,128,32,1024,cpu,3,0.4229588508605957,1.6134599718498066e-06,test_field
gt4py,64,128,32,1024,cpu,4,0.426586389541626,1.6272979337372817e-06,test_field
cupy,64,128,32,1024,gpu,0,0.24003100395202637,9.156456144410186e-07,test_field
cupy,64,128,32,1024,gpu,1,0.25309181213378906,9.654686436988413e-07,test_field
cupy,64,128,32,1024,gpu,2,0.24304866790771484,9.271570888813585e-07,test_field
cupy,64,128,32,1024,gpu,3,0.2367715835571289,9.032119123730808e-07,test_field
cupy,64,128,32,1024,gpu,4,0.23757481575012207,9.062760000233538e-07,test_field
numpy,64,128,32,1024,cpu,0,1.796687364578247,6.853818376839627e-06,test_field
numpy,64,128,32,1024,cpu,1,1.7867615222930908,6.815954293415416e-06,test_field
numpy,64,128,32,1024,cpu,2,1.7688050270080566,6.747455699951388e-06,test_field
numpy,64,128,32,1024,cpu,3,1.7707369327545166,6.754825335519854e-06,test_field
numpy,64,128,32,1024,cpu,4,1.7756292819976807,6.7734881668002345e-06,test_field
fortran,64,128,32,1024,cpu,0,0.068416072,2.609866027832031e-07,test_field
fortran,64,128,32,1024,cpu,1,0.06860637,2.6171253204345703e-07,test_field
fortran,64,128,32,1024,cpu,2,0.069249967,2.6416765975952147e-07,test_field
fortran,64,128,32,1024,cpu,3,0.068502757,2.613172798156738e-07,test_field
fortran,64,128,32,1024,cpu,4,0.070029271,2.671404685974121e-07,test_field
numba,64,128,64,1024,cpu,0,0.1629960536956787,3.1089030017028563e-07,test_field
numba,64,128,64,1024,cpu,1,0.16590332984924316,3.1643548936699517e-07,test_field
numba,64,128,64,1024,cpu,2,0.16643834114074707,3.174559424223844e-07,test_field
numba,64,128,64,1024,cpu,3,0.1646862030029297,3.1411400414071977e-07,test_field
numba,64,128,64,1024,cpu,4,0.18198323249816895,3.4710546970018186e-07,test_field
jax,64,128,64,1024,cpu,0,0.9143011569976807,1.7438910617784131e-06,test_field
jax,64,128,64,1024,cpu,1,0.91713547706604,1.7492970982857514e-06,test_field
jax,64,128,64,1024,cpu,2,0.9149320125579834,1.7450943232688587e-06,test_field
jax,64,128,64,1024,cpu,3,0.9156129360198975,1.7463930817029905e-06,test_field
jax,64,128,64,1024,cpu,4,0.9143884181976318,1.7440574993088376e-06,test_field
jax,64,128,64,1024,gpu,0,0.13095760345458984,2.4978180590551347e-07,test_field
jax,64,128,64,1024,gpu,1,0.1301586627960205,2.482579475326929e-07,test_field
jax,64,128,64,1024,gpu,2,0.1302039623260498,2.4834434952936135e-07,test_field
jax,64,128,64,1024,gpu,3,0.1306607723236084,2.492156454536598e-07,test_field
jax,64,128,64,1024,gpu,4,0.1302170753479004,2.483693606336601e-07,test_field
torch,64,128,64,1024,cpu,0,10.009313583374023,1.909125057864003e-05,test_field
torch,64,128,64,1024,cpu,1,10.233315706253052,1.951850072146044e-05,test_field
torch,64,128,64,1024,cpu,2,10.153536081314087,1.9366333162906813e-05,test_field
torch,64,128,64,1024,cpu,3,7.654155015945435,1.4599142104998464e-05,test_field
torch,64,128,64,1024,cpu,4,7.588258504867554,1.4473454484686954e-05,test_field
torch,64,128,64,1024,gpu,0,0.35007238388061523,6.677100827801041e-07,test_field
torch,64,128,64,1024,gpu,1,0.27051830291748047,5.159727152204141e-07,test_field
torch,64,128,64,1024,gpu,2,0.3748619556427002,7.149924385885242e-07,test_field
torch,64,128,64,1024,gpu,3,0.3212242126464844,6.126865628175437e-07,test_field
torch,64,128,64,1024,gpu,4,0.30315279960632324,5.782180778624024e-07,test_field
gt4py,64,128,64,1024,cpu,0,0.5820257663726807,1.11012604975258e-06,test_field
gt4py,64,128,64,1024,cpu,1,0.5862550735473633,1.118192813009955e-06,test_field
gt4py,64,128,64,1024,cpu,2,0.5741090774536133,1.095026163966395e-06,test_field
gt4py,64,128,64,1024,cpu,3,0.5766122341156006,1.099800556403352e-06,test_field
gt4py,64,128,64,1024,cpu,4,0.5894474983215332,1.1242818800383247e-06,test_field
cupy,64,128,64,1024,gpu,0,0.2369832992553711,4.520097718341276e-07,test_field
cupy,64,128,64,1024,gpu,1,0.24426889419555664,4.659059413825162e-07,test_field
cupy,64,128,64,1024,gpu,2,0.23716139793395996,4.523494681052398e-07,test_field
cupy,64,128,64,1024,gpu,3,0.23788189888000488,4.537237145996187e-07,test_field
cupy,64,128,64,1024,gpu,4,0.23675084114074707,4.515663931670133e-07,test_field
numpy,64,128,64,1024,cpu,0,3.667452096939087,6.995109743002104e-06,test_field
numpy,64,128,64,1024,cpu,1,3.55181884765625,6.774556823074818e-06,test_field
numpy,64,128,64,1024,cpu,2,3.5862298011779785,6.840190508228261e-06,test_field
numpy,64,128,64,1024,cpu,3,3.5096163749694824,6.694061994494405e-06,test_field
numpy,64,128,64,1024,cpu,4,3.5069305896759033,6.688939265586669e-06,test_field
fortran,64,128,64,1024,cpu,0,0.142316649,2.714474658966064e-07,test_field
fortran,64,128,64,1024,cpu,1,0.162070504,3.091249542236328e-07,test_field
fortran,64,128,64,1024,cpu,2,0.142297257,2.7141047859191896e-07,test_field
fortran,64,128,64,1024,cpu,3,0.140747574,2.6845469284057615e-07,test_field
fortran,64,128,64,1024,cpu,4,0.131123023,2.50097318649292e-07,test_field
numba,64,256,16,1024,cpu,0,0.18041539192199707,6.882301022415049e-07,test_field
numba,64,256,16,1024,cpu,1,0.18203306198120117,6.944010237930343e-07,test_field
numba,64,256,16,1024,cpu,2,0.18258237838745117,6.964964995859191e-07,test_field
numba,64,256,16,1024,cpu,3,0.1837470531463623,7.009393812040798e-07,test_field
numba,64,256,16,1024,cpu,4,0.18400907516479492,7.019389158813283e-07,test_field
jax,64,256,16,1024,cpu,0,0.5108880996704102,1.948883436853066e-06,test_field
jax,64,256,16,1024,cpu,1,0.5105636119842529,1.947645614563953e-06,test_field
jax,64,256,16,1024,cpu,2,0.511725664138794,1.9520784917403944e-06,test_field
jax,64,256,16,1024,cpu,3,0.5102310180664062,1.94637686945498e-06,test_field
jax,64,256,16,1024,cpu,4,0.5087881088256836,1.94087260751985e-06,test_field
jax,64,256,16,1024,gpu,0,0.12957453727722168,4.942876330460422e-07,test_field
jax,64,256,16,1024,gpu,1,0.12503647804260254,4.769763108924963e-07,test_field
jax,64,256,16,1024,gpu,2,0.12804961204528809,4.884705049335025e-07,test_field
jax,64,256,16,1024,gpu,3,0.12910985946655273,4.925150278722867e-07,test_field
jax,64,256,16,1024,gpu,4,0.12931394577026367,4.932935553370044e-07,test_field
torch,64,256,16,1024,cpu,0,9.665733337402344,3.6871846532449126e-05,test_field
torch,64,256,16,1024,cpu,1,7.443844556808472,2.8396013476594817e-05,test_field
torch,64,256,16,1024,cpu,2,7.3545496463775635,2.8055380425939802e-05,test_field
torch,64,256,16,1024,cpu,3,9.793272733688354,3.7358370718720835e-05,test_field
torch,64,256,16,1024,cpu,4,7.431932687759399,2.8350573302304838e-05,test_field
torch,64,256,16,1024,gpu,0,0.31273436546325684,1.1929869287996553e-06,test_field
torch,64,256,16,1024,gpu,1,0.2674539089202881,1.0202556950389408e-06,test_field
torch,64,256,16,1024,gpu,2,0.3852250576019287,1.4695169738843106e-06,test_field
torch,64,256,16,1024,gpu,3,0.32476353645324707,1.2388745744829066e-06,test_field
torch,64,256,16,1024,gpu,4,0.3855111598968506,1.470608367526438e-06,test_field
gt4py,64,256,16,1024,cpu,0,0.4001607894897461,1.5264922694768757e-06,test_field
gt4py,64,256,16,1024,cpu,1,0.39792752265930176,1.5179730326053686e-06,test_field
gt4py,64,256,16,1024,cpu,2,0.39751195907592773,1.5163877833401784e-06,test_field
gt4py,64,256,16,1024,cpu,3,0.39180850982666016,1.4946308510843664e-06,test_field
gt4py,64,256,16,1024,cpu,4,0.4041008949279785,1.541522578918375e-06,test_field
cupy,64,256,16,1024,gpu,0,0.2375175952911377,9.060577212949283e-07,test_field
cupy,64,256,16,1024,gpu,1,0.23842477798461914,9.095183486351743e-07,test_field
cupy,64,256,16,1024,gpu,2,0.24583029747009277,9.377681635669433e-07,test_field
cupy,64,256,16,1024,gpu,3,0.2536962032318115,9.677742127678357e-07,test_field
cupy,64,256,16,1024,gpu,4,0.25467348098754883,9.71502231550403e-07,test_field
numpy,64,256,16,1024,cpu,0,1.7514264583587646,6.6811617216444574e-06,test_field
numpy,64,256,16,1024,cpu,1,1.753309965133667,6.6883467297884636e-06,test_field
numpy,64,256,16,1024,cpu,2,1.767256259918213,6.741547622368671e-06,test_field
numpy,64,256,16,1024,cpu,3,1.7593677043914795,6.71145517117111e-06,test_field
numpy,64,256,16,1024,cpu,4,1.7627623081207275,6.724404556734953e-06,test_field
fortran,64,256,16,1024,cpu,0,0.06481345,2.4724369049072264e-07,test_field
fortran,64,256,16,1024,cpu,1,0.064001187,2.441451530456543e-07,test_field
fortran,64,256,16,1024,cpu,2,0.066410619,2.533364067077637e-07,test_field
fortran,64,256,16,1024,cpu,3,0.066462553,2.535345191955566e-07,test_field
fortran,64,256,16,1024,cpu,4,0.06729728,2.5671875e-07,test_field
numba,64,256,32,1024,cpu,0,0.18379545211791992,3.5056200431426987e-07,test_field
numba,64,256,32,1024,cpu,1,0.1860213279724121,3.548075255821459e-07,test_field
numba,64,256,32,1024,cpu,2,0.18844914436340332,3.5943821785622276e-07,test_field
numba,64,256,32,1024,cpu,3,0.1839590072631836,3.50873960996978e-07,test_field
numba,64,256,32,1024,cpu,4,0.18298649787902832,3.490190465527121e-07,test_field
jax,64,256,32,1024,cpu,0,0.9032094478607178,1.722735305520473e-06,test_field
jax,64,256,32,1024,cpu,1,0.904052734375,1.7243437469005585e-06,test_field
jax,64,256,32,1024,cpu,2,0.9021475315093994,1.7207098608196247e-06,test_field
jax,64,256,32,1024,cpu,3,0.9000530242919922,1.7167149053420871e-06,test_field
jax,64,256,32,1024,cpu,4,0.9028587341308594,1.722066372167319e-06,test_field
jax,64,256,32,1024,gpu,0,0.13126611709594727,2.5037024897756055e-07,test_field
jax,64,256,32,1024,gpu,1,0.13069987297058105,2.492902240192052e-07,test_field
jax,64,256,32,1024,gpu,2,0.13088440895080566,2.496421984687913e-07,test_field
jax,64,256,32,1024,gpu,3,0.13130497932434082,2.5044437279575504e-07,test_field
jax,64,256,32,1024,gpu,4,0.1307671070098877,2.494184627721552e-07,test_field
torch,64,256,32,1024,cpu,0,9.545365810394287,1.8206340428150725e-05,test_field
torch,64,256,32,1024,cpu,1,8.951794147491455,1.7074192328436766e-05,test_field
torch,64,256,32,1024,cpu,2,10.180579662322998,1.9417914700170513e-05,test_field
torch,64,256,32,1024,cpu,3,9.771282196044922,1.8637241737451404e-05,test_field
torch,64,256,32,1024,cpu,4,6.0387701988220215,1.1518040082592051e-05,test_field
torch,64,256,32,1024,gpu,0,0.2671236991882324,5.094980224384926e-07,test_field
torch,64,256,32,1024,gpu,1,0.3325920104980469,6.343689165078104e-07,test_field
torch,64,256,32,1024,gpu,2,0.3927419185638428,7.490957614209037e-07,test_field
torch,64,256,32,1024,gpu,3,0.37628817558288574,7.177127372415271e-07,test_field
torch,64,256,32,1024,gpu,4,0.3867015838623047,7.375747372861952e-07,test_field
gt4py,64,256,32,1024,cpu,0,0.5867934226989746,1.1192196325282566e-06,test_field
gt4py,64,256,32,1024,cpu,1,0.5809040069580078,1.1079864634666592e-06,test_field
gt4py,64,256,32,1024,cpu,2,0.5734632015228271,1.0937942533928435e-06,test_field
gt4py,64,256,32,1024,cpu,3,0.5783064365386963,1.1030319910787512e-06,test_field
gt4py,64,256,32,1024,cpu,4,0.5608935356140137,1.0698195183067583e-06,test_field
cupy,64,256,32,1024,gpu,0,0.2577505111694336,4.916200850857422e-07,test_field
cupy,64,256,32,1024,gpu,1,0.25162196159362793,4.799308044312056e-07,test_field
cupy,64,256,32,1024,gpu,2,0.24348163604736328,4.6440436562988907e-07,test_field
cupy,64,256,32,1024,gpu,3,0.2501709461212158,4.771632120537106e-07,test_field
cupy,64,256,32,1024,gpu,4,0.24051904678344727,4.5875367504777387e-07,test_field
numpy,64,256,32,1024,cpu,0,3.5137510299682617,6.701948223053478e-06,test_field
numpy,64,256,32,1024,cpu,1,3.5322704315185547,6.737271178280935e-06,test_field
numpy,64,256,32,1024,cpu,2,3.524643659591675,6.722724265273428e-06,test_field
numpy,64,256,32,1024,cpu,3,3.572097063064575,6.813234449509764e-06,test_field
numpy,64,256,32,1024,cpu,4,3.565680503845215,6.800995834055357e-06,test_field
fortran,64,256,32,1024,cpu,0,0.114266844,2.1794670867919923e-07,test_field
fortran,64,256,32,1024,cpu,1,0.119786233,2.2847410774230958e-07,test_field
fortran,64,256,32,1024,cpu,2,0.115479544,2.2025975036621094e-07,test_field
fortran,64,256,32,1024,cpu,3,0.118958449,2.268952350616455e-07,test_field
fortran,64,256,32,1024,cpu,4,0.115281374,2.198817710876465e-07,test_field
numba,64,256,64,1024,cpu,0,0.23627591133117676,2.2533026822202373e-07,test_field
numba,64,256,64,1024,cpu,1,0.2534754276275635,2.417330051684985e-07,test_field
numba,64,256,64,1024,cpu,2,0.22908735275268555,2.1847472453373484e-07,test_field
numba,64,256,64,1024,cpu,3,0.23309111595153809,2.2229301066545304e-07,test_field
numba,64,256,64,1024,cpu,4,0.23289060592651367,2.2210178940440528e-07,test_field
jax,64,256,64,1024,cpu,0,1.683168649673462,1.6051947113737697e-06,test_field
jax,64,256,64,1024,cpu,1,1.6819255352020264,1.6040091850300087e-06,test_field
jax,64,256,64,1024,cpu,2,1.682572841644287,1.604626504558837e-06,test_field
jax,64,256,64,1024,cpu,3,1.6816966533660889,1.6037909063015832e-06,test_field
jax,64,256,64,1024,cpu,4,1.6836304664611816,1.6056351341831032e-06,test_field
jax,64,256,64,1024,gpu,0,0.13587045669555664,1.2957616490893997e-07,test_field
jax,64,256,64,1024,gpu,1,0.13559985160827637,1.293180957873119e-07,test_field
jax,64,256,64,1024,gpu,2,0.13468670845031738,1.2844725461036433e-07,test_field
jax,64,256,64,1024,gpu,3,0.13597941398620605,1.2968007467861753e-07,test_field
jax,64,256,64,1024,gpu,4,0.13498306274414062,1.2872988008894026e-07,test_field
torch,64,256,64,1024,cpu,0,8.686622858047485,8.284209116027341e-06,test_field
torch,64,256,64,1024,cpu,1,11.023923397064209,1.0513232609810075e-05,test_field
torch,64,256,64,1024,cpu,2,8.462977409362793,8.070924195635598e-06,test_field
torch,64,256,64,1024,cpu,3,10.153484582901001,9.68311746873951e-06,test_field
torch,64,256,64,1024,cpu,4,8.692185163497925,8.289513743875432e-06,test_field
torch,64,256,64,1024,gpu,0,0.340623140335083,3.2484354051121045e-07,test_field
torch,64,256,64,1024,gpu,1,0.31972813606262207,3.049165115953656e-07,test_field
torch,64,256,64,1024,gpu,2,0.3110525608062744,2.9664283829333726e-07,test_field
torch,64,256,64,1024,gpu,3,0.38259005546569824,3.6486630961007904e-07,test_field
torch,64,256,64,1024,gpu,4,0.38552355766296387,3.6766391531273257e-07,test_field
gt4py,64,256,64,1024,cpu,0,0.8916347026824951,8.503291155648185e-07,test_field
gt4py,64,256,64,1024,cpu,1,0.8947770595550537,8.533259006071603e-07,test_field
gt4py,64,256,64,1024,cpu,2,0.8944888114929199,8.530510058335494e-07,test_field
gt4py,64,256,64,1024,cpu,3,0.892047643661499,8.507229267706862e-07,test_field
gt4py,64,256,64,1024,cpu,4,0.8978657722473145,8.562715265725274e-07,test_field
cupy,64,256,64,1024,gpu,0,0.24461817741394043,2.3328607312578242e-07,test_field
cupy,64,256,64,1024,gpu,1,0.25826191902160645,2.462977590766968e-07,test_field
cupy,64,256,64,1024,gpu,2,0.2541391849517822,2.4236601348093245e-07,test_field
cupy,64,256,64,1024,gpu,3,0.2405693531036377,2.2942481336940546e-07,test_field
cupy,64,256,64,1024,gpu,4,0.24498438835144043,2.3363531909126323e-07,test_field
numpy,64,256,64,1024,cpu,0,7.089943170547485,6.761496706531034e-06,test_field
numpy,64,256,64,1024,cpu,1,7.349903583526611,7.009414275671588e-06,test_field
numpy,64,256,64,1024,cpu,2,7.238735914230347,6.903396524648997e-06,test_field
numpy,64,256,64,1024,cpu,3,7.100890159606934,6.77193656883901e-06,test_field
numpy,64,256,64,1024,cpu,4,7.271359920501709,6.934509201528272e-06,test_field
fortran,64,256,64,1024,cpu,0,0.251561655,2.399078893661499e-07,test_field
fortran,64,256,64,1024,cpu,1,0.255780444,2.439312400817871e-07,test_field
fortran,64,256,64,1024,cpu,2,0.252482972,2.407865257263184e-07,test_field
fortran,64,256,64,1024,cpu,3,0.257209427,2.4529402446746825e-07,test_field
fortran,64,256,64,1024,cpu,4,0.247304978,2.358484058380127e-07,test_field
numba,64,512,16,1024,cpu,0,0.24996423721313477,4.7676894610049203e-07,test_field
numba,64,512,16,1024,cpu,1,0.2544386386871338,4.853031896345783e-07,test_field
numba,64,512,16,1024,cpu,2,0.2494814395904541,4.7584808271494694e-07,test_field
numba,64,512,16,1024,cpu,3,0.24677395820617676,4.7068397179828025e-07,test_field
numba,64,512,16,1024,cpu,4,0.24837183952331543,4.7373168854392134e-07,test_field
jax,64,512,16,1024,cpu,0,0.9040658473968506,1.7243687580048572e-06,test_field
jax,64,512,16,1024,cpu,1,0.8959059715270996,1.708805029920768e-06,test_field
jax,64,512,16,1024,cpu,2,0.8958039283752441,1.7086103980545886e-06,test_field
jax,64,512,16,1024,cpu,3,0.9003760814666748,1.7173310880025383e-06,test_field
jax,64,512,16,1024,cpu,4,0.8987808227539062,1.714288373477757e-06,test_field
jax,64,512,16,1024,gpu,0,0.129683256149292,2.473511813150253e-07,test_field
jax,64,512,16,1024,gpu,1,0.12954258918762207,2.470828803780023e-07,test_field
jax,64,512,16,1024,gpu,2,0.1304337978363037,2.487827259756159e-07,test_field
jax,64,512,16,1024,gpu,3,0.1305222511291504,2.489514372427948e-07,test_field
jax,64,512,16,1024,gpu,4,0.13330841064453125,2.54265614785254e-07,test_field
torch,64,512,16,1024,cpu,0,5.958775520324707,1.1365462341927923e-05,test_field
torch,64,512,16,1024,cpu,1,10.283546447753906,1.9614308257587254e-05,test_field
torch,64,512,16,1024,cpu,2,10.19461989402771,1.9444694316916866e-05,test_field
torch,64,512,16,1024,cpu,3,9.577033042907715,1.8266740880790167e-05,test_field
torch,64,512,16,1024,cpu,4,9.983241558074951,1.904152213683119e-05,test_field
torch,64,512,16,1024,gpu,0,0.38170576095581055,7.280459612957202e-07,test_field
torch,64,512,16,1024,gpu,1,0.30266857147216797,5.77294485992752e-07,test_field
torch,64,512,16,1024,gpu,2,0.366593599319458,6.992218004597817e-07,test_field
torch,64,512,16,1024,gpu,3,0.3363795280456543,6.415930329239927e-07,test_field
torch,64,512,16,1024,gpu,4,0.3033275604248047,5.785514076706022e-07,test_field
gt4py,64,512,16,1024,cpu,0,0.5483005046844482,1.0458002179802861e-06,test_field
gt4py,64,512,16,1024,cpu,1,0.5722446441650391,1.0914700396824628e-06,test_field
gt4py,64,512,16,1024,cpu,2,0.5561237335205078,1.0607218428049237e-06,test_field
gt4py,64,512,16,1024,cpu,3,0.5458064079284668,1.0410431059426628e-06,test_field
gt4py,64,512,16,1024,cpu,4,0.5531656742095947,1.0550797924224753e-06,test_field
cupy,64,512,16,1024,gpu,0,0.23804187774658203,4.540288500720635e-07,test_field
cupy,64,512,16,1024,gpu,1,0.24219346046447754,4.619473656930495e-07,test_field
cupy,64,512,16,1024,gpu,2,0.2493915557861328,4.7567664296366274e-07,test_field
cupy,64,512,16,1024,gpu,3,0.23551034927368164,4.4920034270035103e-07,test_field
cupy,64,512,16,1024,gpu,4,0.24097704887390137,4.5962724470882677e-07,test_field
numpy,64,512,16,1024,cpu,0,3.4961135387420654,6.66830737827695e-06,test_field
numpy,64,512,16,1024,cpu,1,3.455512046813965,6.590866178157739e-06,test_field
numpy,64,512,16,1024,cpu,2,3.4558472633361816,6.591505552933086e-06,test_field
numpy,64,512,16,1024,cpu,3,3.478043794631958,6.633842076553265e-06,test_field
numpy,64,512,16,1024,cpu,4,3.5579335689544678,6.786219728383003e-06,test_field
fortran,64,512,16,1024,cpu,0,0.118877754,2.267413215637207e-07,test_field
fortran,64,512,16,1024,cpu,1,0.119017238,2.2700736618041992e-07,test_field
fortran,64,512,16,1024,cpu,2,0.118641121,2.262899799346924e-07,test_field
fortran,64,512,16,1024,cpu,3,0.113760275,2.16980504989624e-07,test_field
fortran,64,512,16,1024,cpu,4,0.118406632,2.258427276611328e-07,test_field
numba,64,512,32,1024,cpu,0,0.2655959129333496,2.532920007070061e-07,test_field
numba,64,512,32,1024,cpu,1,0.2618136405944824,2.4968494471977465e-07,test_field
numba,64,512,32,1024,cpu,2,0.2646176815032959,2.523590865166625e-07,test_field
numba,64,512,32,1024,cpu,3,0.25618648529052734,2.443184712319635e-07,test_field
numba,64,512,32,1024,cpu,4,0.2574005126953125,2.454762579873204e-07,test_field
jax,64,512,32,1024,cpu,0,1.674757480621338,1.597173195477808e-06,test_field
jax,64,512,32,1024,cpu,1,1.6663024425506592,1.5891098428255646e-06,test_field
jax,64,512,32,1024,cpu,2,1.6686983108520508,1.5913947208900936e-06,test_field
jax,64,512,32,1024,cpu,3,1.6712923049926758,1.593868546478916e-06,test_field
jax,64,512,32,1024,cpu,4,1.6688919067382812,1.5915793483145535e-06,test_field
jax,64,512,32,1024,gpu,0,0.13751578330993652,1.3114527064317372e-07,test_field
jax,64,512,32,1024,gpu,1,0.13547849655151367,1.292023625865113e-07,test_field
jax,64,512,32,1024,gpu,2,0.13585281372070312,1.2955933925695717e-07,test_field
jax,64,512,32,1024,gpu,3,0.13709497451782227,1.307439561060164e-07,test_field
jax,64,512,32,1024,gpu,4,0.13588333129882812,1.295884430874139e-07,test_field
torch,64,512,32,1024,cpu,0,8.309787034988403,7.924830470074085e-06,test_field
torch,64,512,32,1024,cpu,1,11.520613670349121,1.0986913366650697e-05,test_field
torch,64,512,32,1024,cpu,2,8.507068872451782,8.112973091556341e-06,test_field
torch,64,512,32,1024,cpu,3,8.685698747634888,8.283327815661323e-06,test_field
torch,64,512,32,1024,cpu,4,9.100606203079224,8.679014399604057e-06,test_field
torch,64,512,32,1024,gpu,0,0.2680506706237793,2.556330400693696e-07,test_field
torch,64,512,32,1024,gpu,1,0.25966477394104004,2.476356257830048e-07,test_field
torch,64,512,32,1024,gpu,2,0.33127737045288086,3.159307198075112e-07,test_field
torch,64,512,32,1024,gpu,3,0.34160375595092773,3.2577872843830846e-07,test_field
torch,64,512,32,1024,gpu,4,0.3624417781829834,3.456514150457224e-07,test_field
gt4py,64,512,32,1024,cpu,0,0.8824648857116699,8.415840966335963e-07,test_field
gt4py,64,512,32,1024,cpu,1,0.8646938800811768,8.246363449870842e-07,test_field
gt4py,64,512,32,1024,cpu,2,0.8986327648162842,8.570029876864282e-07,test_field
gt4py,64,512,32,1024,cpu,3,0.9001505374908447,8.584504485042999e-07,test_field
gt4py,64,512,32,1024,cpu,4,0.9016058444976807,8.598383374192053e-07,test_field
cupy,64,512,32,1024,gpu,0,0.25384950637817383,2.420897544652689e-07,test_field
cupy,64,512,32,1024,gpu,1,0.23923707008361816,2.2815424927102868e-07,test_field
cupy,64,512,32,1024,gpu,2,0.230116605758667,2.1945629669062328e-07,test_field
cupy,64,512,32,1024,gpu,3,0.2429659366607666,2.3171037355496082e-07,test_field
cupy,64,512,32,1024,gpu,4,0.20785260200500488,1.9822368813038338e-07,test_field
numpy,64,512,32,1024,cpu,0,7.173968315124512,6.841629328846466e-06,test_field
numpy,64,512,32,1024,cpu,1,7.308934450149536,6.97034306540445e-06,test_field
numpy,64,512,32,1024,cpu,2,7.193309545516968,6.860074563519447e-06,test_field
numpy,64,512,32,1024,cpu,3,7.223040819168091,6.888428515594569e-06,test_field
numpy,64,512,32,1024,cpu,4,7.070948839187622,6.7433823005558224e-06,test_field
fortran,64,512,32,1024,cpu,0,0.246770283,2.3533848094940186e-07,test_field
fortran,64,512,32,1024,cpu,1,0.256105012,2.4424077224731447e-07,test_field
fortran,64,512,32,1024,cpu,2,0.250130886,2.3854340171813965e-07,test_field
fortran,64,512,32,1024,cpu,3,0.249804688,2.3823231506347656e-07,test_field
fortran,64,512,32,1024,cpu,4,0.253387365,2.4164902210235593e-07,test_field
numba,64,512,64,1024,cpu,0,0.3247659206390381,1.5486045867874054e-07,test_field
numba,64,512,64,1024,cpu,1,0.33211588859558105,1.5836519651202252e-07,test_field
numba,64,512,64,1024,cpu,2,0.32009291648864746,1.5263219665939687e-07,test_field
numba,64,512,64,1024,cpu,3,0.32236528396606445,1.537157459097216e-07,test_field
numba,64,512,64,1024,cpu,4,0.3289051055908203,1.5683417586842552e-07,test_field
jax,64,512,64,1024,cpu,0,3.1452314853668213,1.4997632433733088e-06,test_field
jax,64,512,64,1024,cpu,1,3.1462647914886475,1.5002559621279943e-06,test_field
jax,64,512,64,1024,cpu,2,3.156388998031616,1.505083560005005e-06,test_field
jax,64,512,64,1024,cpu,3,3.1548235416412354,1.5043370922285249e-06,test_field
jax,64,512,64,1024,cpu,4,3.136730909347534,1.4957098528611823e-06,test_field
jax,64,512,64,1024,gpu,0,0.1460115909576416,6.962375209695892e-08,test_field
jax,64,512,64,1024,gpu,1,0.14082908630371094,6.715254130540416e-08,test_field
jax,64,512,64,1024,gpu,2,0.14323091506958008,6.829782250861172e-08,test_field
jax,64,512,64,1024,gpu,3,0.14496135711669922,6.91229615767952e-08,test_field
jax,64,512,64,1024,gpu,4,0.14051198959350586,6.700133781123441e-08,test_field
torch,64,512,64,1024,cpu,0,10.68978762626648,5.097287953503837e-06,test_field
torch,64,512,64,1024,cpu,1,8.43401312828064,4.0216508523371886e-06,test_field
torch,64,512,64,1024,cpu,2,8.481035232543945,4.044072738906834e-06,test_field
torch,64,512,64,1024,cpu,3,7.2373046875,3.4510158002376556e-06,test_field
torch,64,512,64,1024,cpu,4,8.701669931411743,4.149279561715957e-06,test_field
torch,64,512,64,1024,gpu,0,0.372910737991333,1.7781769656721735e-07,test_field
torch,64,512,64,1024,gpu,1,0.372300386428833,1.7752665826265002e-07,test_field
torch,64,512,64,1024,gpu,2,0.30091309547424316,1.4348654531204375e-07,test_field
torch,64,512,64,1024,gpu,3,0.3715059757232666,1.771478537193616e-07,test_field
torch,64,512,64,1024,gpu,4,0.37901782989501953,1.8072978491545655e-07,test_field
gt4py,64,512,64,1024,cpu,0,1.453277587890625,6.929767550900578e-07,test_field
gt4py,64,512,64,1024,cpu,1,1.5328788757324219,7.309336069738492e-07,test_field
gt4py,64,512,64,1024,cpu,2,1.6714930534362793,7.970299975568196e-07,test_field
gt4py,64,512,64,1024,cpu,3,1.4561972618103027,6.943689641047968e-07,test_field
gt4py,64,512,64,1024,cpu,4,1.5174362659454346,7.235699968077824e-07,test_field
cupy,64,512,64,1024,gpu,0,0.2454826831817627,1.1705526503646979e-07,test_field
cupy,64,512,64,1024,gpu,1,0.26106858253479004,1.2448720099200727e-07,test_field
cupy,64,512,64,1024,gpu,2,0.2445049285888672,1.1658903531497344e-07,test_field
cupy,64,512,64,1024,gpu,3,0.24980926513671875,1.1911834008060396e-07,test_field
cupy,64,512,64,1024,gpu,4,0.24555063247680664,1.1708766578522045e-07,test_field
numpy,64,512,64,1024,cpu,0,16.210660457611084,7.72984526520304e-06,test_field
numpy,64,512,64,1024,cpu,1,16.043407678604126,7.650092925359786e-06,test_field
numpy,64,512,64,1024,cpu,2,16.240386962890625,7.744019967503846e-06,test_field
numpy,64,512,64,1024,cpu,3,16.134907245635986,7.693723318880075e-06,test_field
numpy,64,512,64,1024,cpu,4,16.135291576385498,7.693906582062482e-06,test_field
fortran,64,512,64,1024,cpu,0,0.451117533,2.1510960245132447e-07,test_field
fortran,64,512,64,1024,cpu,1,0.428988592,2.0455770111083984e-07,test_field
fortran,64,512,64,1024,cpu,2,0.442961007,2.1122026777267457e-07,test_field
fortran,64,512,64,1024,cpu,3,0.434073593,2.0698241853713988e-07,test_field
fortran,64,512,64,1024,cpu,4,0.430006674,2.050431604385376e-07,test_field
numba,128,16,16,1024,cpu,0,0.11911535263061523,3.6351120797917247e-06,test_field
numba,128,16,16,1024,cpu,1,0.11815071105957031,3.6056735552847385e-06,test_field
numba,128,16,16,1024,cpu,2,0.11818122863769531,3.606604877859354e-06,test_field
numba,128,16,16,1024,cpu,3,0.11813569068908691,3.605215169955045e-06,test_field
numba,128,16,16,1024,cpu,4,0.1184546947479248,3.6149504012428224e-06,test_field
jax,128,16,16,1024,cpu,0,0.17100763320922852,5.218738806433976e-06,test_field
jax,128,16,16,1024,cpu,1,0.17061614990234375,5.2067916840314865e-06,test_field
jax,128,16,16,1024,cpu,2,0.17249727249145508,5.264198989607394e-06,test_field
jax,128,16,16,1024,cpu,3,0.17098426818847656,5.218025762587786e-06,test_field
jax,128,16,16,1024,cpu,4,0.17099976539611816,5.218498699832708e-06,test_field
jax,128,16,16,1024,gpu,0,0.12118649482727051,3.698318323586136e-06,test_field
jax,128,16,16,1024,gpu,1,0.11665916442871094,3.560155164450407e-06,test_field
jax,128,16,16,1024,gpu,2,0.12026858329772949,3.67030588677153e-06,test_field
jax,128,16,16,1024,gpu,3,0.12045907974243164,3.6761193769052625e-06,test_field
jax,128,16,16,1024,gpu,4,0.11943721771240234,3.6449346225708723e-06,test_field
torch,128,16,16,1024,cpu,0,4.157644748687744,0.00012688124843407422,test_field
torch,128,16,16,1024,cpu,1,4.07611608505249,0.00012439319107215852,test_field
torch,128,16,16,1024,cpu,2,3.212329149246216,9.803250577533618e-05,test_field
torch,128,16,16,1024,cpu,3,3.256917715072632,9.939324081642553e-05,test_field
torch,128,16,16,1024,cpu,4,4.288432359695435,0.00013087256957078353,test_field
torch,128,16,16,1024,gpu,0,0.40163445472717285,1.2256910849828273e-05,test_field
torch,128,16,16,1024,gpu,1,0.30802273750305176,9.40010795602575e-06,test_field
torch,128,16,16,1024,gpu,2,0.3800497055053711,1.1598196579143405e-05,test_field
torch,128,16,16,1024,gpu,3,0.3836507797241211,1.1708092642948031e-05,test_field
torch,128,16,16,1024,gpu,4,0.29140138626098633,8.892864570952952e-06,test_field
gt4py,128,16,16,1024,cpu,0,0.25749850273132324,7.858230674173683e-06,test_field
gt4py,128,16,16,1024,cpu,1,0.2714107036590576,8.282797352876514e-06,test_field
gt4py,128,16,16,1024,cpu,2,0.2612333297729492,7.972208550199866e-06,test_field
gt4py,128,16,16,1024,cpu,3,0.28037309646606445,8.556307875551283e-06,test_field
gt4py,128,16,16,1024,cpu,4,0.2572355270385742,7.850205292925239e-06,test_field
cupy,128,16,16,1024,gpu,0,0.2505171298980713,7.645176083315164e-06,test_field
cupy,128,16,16,1024,gpu,1,0.24193525314331055,7.3832779889926314e-06,test_field
cupy,128,16,16,1024,gpu,2,0.25290989875793457,7.718197593931109e-06,test_field
cupy,128,16,16,1024,gpu,3,0.24597644805908203,7.5066054705530405e-06,test_field
cupy,128,16,16,1024,gpu,4,0.2354874610900879,7.186506991274655e-06,test_field
numpy,128,16,16,1024,cpu,0,0.2582988739013672,7.882656063884497e-06,test_field
numpy,128,16,16,1024,cpu,1,0.26586270332336426,8.113485819194466e-06,test_field
numpy,128,16,16,1024,cpu,2,0.26416540145874023,8.061688276939094e-06,test_field
numpy,128,16,16,1024,cpu,3,0.26274561882019043,8.018359949346632e-06,test_field
numpy,128,16,16,1024,cpu,4,0.26479673385620117,8.080955012701452e-06,test_field
fortran,128,16,16,1024,cpu,0,0.022264457,6.794573059082032e-07,test_field
fortran,128,16,16,1024,cpu,1,0.023503684,7.172755126953125e-07,test_field
fortran,128,16,16,1024,cpu,2,0.02374707,7.247030639648437e-07,test_field
fortran,128,16,16,1024,cpu,3,0.025310191,7.724057312011719e-07,test_field
fortran,128,16,16,1024,cpu,4,0.023630017,7.211308898925781e-07,test_field
numba,128,16,32,1024,cpu,0,0.12095355987548828,1.8456048564985394e-06,test_field
numba,128,16,32,1024,cpu,1,0.12419009208679199,1.8949904188048095e-06,test_field
numba,128,16,32,1024,cpu,2,0.1226646900177002,1.8717146303970367e-06,test_field
numba,128,16,32,1024,cpu,3,0.12149930000305176,1.8539321899879724e-06,test_field
numba,128,16,32,1024,cpu,4,0.12409663200378418,1.8935643311124295e-06,test_field
jax,128,16,32,1024,cpu,0,0.21514105796813965,3.2827920222189277e-06,test_field
jax,128,16,32,1024,cpu,1,0.21783137321472168,3.3238429750781506e-06,test_field
jax,128,16,32,1024,cpu,2,0.21541237831115723,3.286932042101398e-06,test_field
jax,128,16,32,1024,cpu,3,0.21717381477355957,3.3138094295281917e-06,test_field
jax,128,16,32,1024,cpu,4,0.2165088653564453,3.303663106635213e-06,test_field
jax,128,16,32,1024,gpu,0,0.12108016014099121,1.8475366232451051e-06,test_field
jax,128,16,32,1024,gpu,1,0.12009024620056152,1.8324317352380604e-06,test_field
jax,128,16,32,1024,gpu,2,0.12001991271972656,1.8313585314899683e-06,test_field
jax,128,16,32,1024,gpu,3,0.12050485610961914,1.8387581803835928e-06,test_field
jax,128,16,32,1024,gpu,4,0.11965107917785645,1.8257305782753974e-06,test_field
torch,128,16,32,1024,cpu,0,9.722619771957397,0.00014835540423518978,test_field
torch,128,16,32,1024,cpu,1,10.129585027694702,0.00015456520122825168,test_field
torch,128,16,32,1024,cpu,2,9.259132862091064,0.00014128315524430946,test_field
torch,128,16,32,1024,cpu,3,6.019383192062378,9.184849841403775e-05,test_field
torch,128,16,32,1024,cpu,4,9.77982759475708,0.00014922832633601502,test_field
torch,128,16,32,1024,gpu,0,0.3205409049987793,4.891066055279225e-06,test_field
torch,128,16,32,1024,gpu,1,0.30796170234680176,4.699122655438259e-06,test_field
torch,128,16,32,1024,gpu,2,0.37276649475097656,5.687965312972665e-06,test_field
torch,128,16,32,1024,gpu,3,0.38924407958984375,5.939393304288387e-06,test_field
torch,128,16,32,1024,gpu,4,0.3110349178314209,4.7460162022616714e-06,test_field
gt4py,128,16,32,1024,cpu,0,0.28272366523742676,4.314020770834759e-06,test_field
gt4py,128,16,32,1024,cpu,1,0.2923457622528076,4.460842319531366e-06,test_field
gt4py,128,16,32,1024,cpu,2,0.28400611877441406,4.333589458838105e-06,test_field
gt4py,128,16,32,1024,cpu,3,0.2890181541442871,4.410067049320787e-06,test_field
gt4py,128,16,32,1024,cpu,4,0.2788362503051758,4.2547035263851285e-06,test_field
cupy,128,16,32,1024,gpu,0,0.24806547164916992,3.785178705584258e-06,test_field
cupy,128,16,32,1024,gpu,1,0.2507588863372803,3.826276952167973e-06,test_field
cupy,128,16,32,1024,gpu,2,0.26051926612854004,3.9752085285726935e-06,test_field
cupy,128,16,32,1024,gpu,3,0.24802136421203613,3.784505679504946e-06,test_field
cupy,128,16,32,1024,gpu,4,0.25000882148742676,3.814831870840862e-06,test_field
numpy,128,16,32,1024,cpu,0,0.49790191650390625,7.597380317747593e-06,test_field
numpy,128,16,32,1024,cpu,1,0.49366331100463867,7.5327043305151165e-06,test_field
numpy,128,16,32,1024,cpu,2,0.5032329559326172,7.678725523874164e-06,test_field
numpy,128,16,32,1024,cpu,3,0.49938440322875977,7.620001269970089e-06,test_field
numpy,128,16,32,1024,cpu,4,0.504906415939331,7.70426049712114e-06,test_field
fortran,128,16,32,1024,cpu,0,0.030233314,4.6132376098632814e-07,test_field
fortran,128,16,32,1024,cpu,1,0.033167786,5.061002502441406e-07,test_field
fortran,128,16,32,1024,cpu,2,0.031948398,4.874938659667969e-07,test_field
fortran,128,16,32,1024,cpu,3,0.032502334,4.959462585449219e-07,test_field
fortran,128,16,32,1024,cpu,4,0.032735224,4.994998779296875e-07,test_field
numba,128,16,64,1024,cpu,0,0.13273000717163086,1.0126495908480138e-06,test_field
numba,128,16,64,1024,cpu,1,0.13768625259399414,1.050462742568925e-06,test_field
numba,128,16,64,1024,cpu,2,0.13102459907531738,9.996383596444502e-07,test_field
numba,128,16,64,1024,cpu,3,0.1331634521484375,1.0159565135836601e-06,test_field
numba,128,16,64,1024,cpu,4,0.13291621208190918,1.014070221572183e-06,test_field
jax,128,16,64,1024,cpu,0,0.31577062606811523,2.409138687653467e-06,test_field
jax,128,16,64,1024,cpu,1,0.315645694732666,2.408185537206009e-06,test_field
jax,128,16,64,1024,cpu,2,0.31539273262023926,2.406255589448847e-06,test_field
jax,128,16,64,1024,cpu,3,0.3165857791900635,2.4153578124241903e-06,test_field
jax,128,16,64,1024,cpu,4,0.3167698383331299,2.4167620722437277e-06,test_field
jax,128,16,64,1024,gpu,0,0.11545300483703613,8.808365237200633e-07,test_field
jax,128,16,64,1024,gpu,1,0.11562895774841309,8.821789378998801e-07,test_field
jax,128,16,64,1024,gpu,2,0.11611604690551758,8.858951332513243e-07,test_field
jax,128,16,64,1024,gpu,3,0.11621642112731934,8.866609277902171e-07,test_field
jax,128,16,64,1024,gpu,4,0.11595034599304199,8.846309356158599e-07,test_field
torch,128,16,64,1024,cpu,0,10.093823909759521,7.700976493651979e-05,test_field
torch,128,16,64,1024,cpu,1,6.005717992782593,4.581999201036524e-05,test_field
torch,128,16,64,1024,cpu,2,9.283029556274414,7.082389493007213e-05,test_field
torch,128,16,64,1024,cpu,3,9.903196334838867,7.55553919589147e-05,test_field
torch,128,16,64,1024,cpu,4,7.241473436355591,5.524805783352349e-05,test_field
torch,128,16,64,1024,gpu,0,0.3747541904449463,2.8591475711436942e-06,test_field
torch,128,16,64,1024,gpu,1,0.41283655166625977,3.1496929295826703e-06,test_field
torch,128,16,64,1024,gpu,2,0.2985401153564453,2.277680323459208e-06,test_field
torch,128,16,64,1024,gpu,3,0.38428688049316406,2.931876224465668e-06,test_field
torch,128,16,64,1024,gpu,4,0.3877561092376709,2.958344339276664e-06,test_field
gt4py,128,16,64,1024,cpu,0,0.356428861618042,2.7193364076083526e-06,test_field
gt4py,128,16,64,1024,cpu,1,0.3555757999420166,2.7128280635224655e-06,test_field
gt4py,128,16,64,1024,cpu,2,0.3490738868713379,2.6632224034983665e-06,test_field
gt4py,128,16,64,1024,cpu,3,0.35927772521972656,2.741071511991322e-06,test_field
gt4py,128,16,64,1024,cpu,4,0.34886956214904785,2.6616635295795277e-06,test_field
cupy,128,16,64,1024,gpu,0,0.24640774726867676,1.8799419194692746e-06,test_field
cupy,128,16,64,1024,gpu,1,0.24779748916625977,1.8905448087025434e-06,test_field
cupy,128,16,64,1024,gpu,2,0.2453925609588623,1.8721966625889763e-06,test_field
cupy,128,16,64,1024,gpu,3,0.2442629337310791,1.863578290794976e-06,test_field
cupy,128,16,64,1024,gpu,4,0.2403092384338379,1.8334139895159751e-06,test_field
numpy,128,16,64,1024,cpu,0,0.9386909008026123,7.1616432251175866e-06,test_field
numpy,128,16,64,1024,cpu,1,0.9349408149719238,7.133032340789214e-06,test_field
numpy,128,16,64,1024,cpu,2,0.9311878681182861,7.1043996285879984e-06,test_field
numpy,128,16,64,1024,cpu,3,0.9352076053619385,7.135067789931782e-06,test_field
numpy,128,16,64,1024,cpu,4,0.9435784816741943,7.198932507890277e-06,test_field
fortran,128,16,64,1024,cpu,0,0.051746306,3.9479298400878905e-07,test_field
fortran,128,16,64,1024,cpu,1,0.052259015,3.987046432495117e-07,test_field
fortran,128,16,64,1024,cpu,2,0.051710678,3.945211639404297e-07,test_field
fortran,128,16,64,1024,cpu,3,0.048513974,3.701322479248047e-07,test_field
fortran,128,16,64,1024,cpu,4,0.051324611,3.915757064819336e-07,test_field
numba,128,32,16,1024,cpu,0,0.14234280586242676,2.1719788492191583e-06,test_field
numba,128,32,16,1024,cpu,1,0.12558746337890625,1.916312612593174e-06,test_field
numba,128,32,16,1024,cpu,2,0.12570524215698242,1.9181097741238773e-06,test_field
numba,128,32,16,1024,cpu,3,0.1265733242034912,1.9313556549604982e-06,test_field
numba,128,32,16,1024,cpu,4,0.12611842155456543,1.9244143913965672e-06,test_field
jax,128,32,16,1024,cpu,0,0.2118837833404541,3.2330899557564408e-06,test_field
jax,128,32,16,1024,cpu,1,0.21063756942749023,3.2140742405317724e-06,test_field
jax,128,32,16,1024,cpu,2,0.21392822265625,3.264285624027252e-06,test_field
jax,128,32,16,1024,cpu,3,0.21173644065856934,3.230841684853658e-06,test_field
jax,128,32,16,1024,cpu,4,0.21288704872131348,3.2483985705766827e-06,test_field
jax,128,32,16,1024,gpu,0,0.12135148048400879,1.8516766431275755e-06,test_field
jax,128,32,16,1024,gpu,1,0.1210637092590332,1.8472856027074158e-06,test_field
jax,128,32,16,1024,gpu,2,0.11609864234924316,1.771524694049731e-06,test_field
jax,128,32,16,1024,gpu,3,0.11893749237060547,1.814842107705772e-06,test_field
jax,128,32,16,1024,gpu,4,0.12137198448181152,1.8519895093049854e-06,test_field
torch,128,32,16,1024,cpu,0,7.792730331420898,0.0001189076283480972,test_field
torch,128,32,16,1024,cpu,1,7.758138418197632,0.00011837979764095508,test_field
torch,128,32,16,1024,cpu,2,7.546316146850586,0.00011514764628373086,test_field
torch,128,32,16,1024,cpu,3,9.077932119369507,0.00013851825133315288,test_field
torch,128,32,16,1024,cpu,4,9.101447105407715,0.00013887706154491752,test_field
torch,128,32,16,1024,gpu,0,0.2951469421386719,4.503584932535887e-06,test_field
torch,128,32,16,1024,gpu,1,0.3176143169403076,4.846409865422174e-06,test_field
torch,128,32,16,1024,gpu,2,0.39014554023742676,5.953148502158001e-06,test_field
torch,128,32,16,1024,gpu,3,0.31695055961608887,4.836281732423231e-06,test_field
torch,128,32,16,1024,gpu,4,0.30139660835266113,4.598947271006182e-06,test_field
gt4py,128,32,16,1024,cpu,0,0.2673764228820801,4.079840437043458e-06,test_field
gt4py,128,32,16,1024,cpu,1,0.26883554458618164,4.1021048673428595e-06,test_field
gt4py,128,32,16,1024,cpu,2,0.26836180686950684,4.094876203453168e-06,test_field
gt4py,128,32,16,1024,cpu,3,0.27144408226013184,4.14190799347125e-06,test_field
gt4py,128,32,16,1024,cpu,4,0.26879072189331055,4.101420927327126e-06,test_field
cupy,128,32,16,1024,gpu,0,0.24547863006591797,3.7457066355273128e-06,test_field
cupy,128,32,16,1024,gpu,1,0.24019098281860352,3.6650235415436327e-06,test_field
cupy,128,32,16,1024,gpu,2,0.24737834930419922,3.7746940506622195e-06,test_field
cupy,128,32,16,1024,gpu,3,0.2387552261352539,3.6431156331673265e-06,test_field
cupy,128,32,16,1024,gpu,4,0.24571609497070312,3.749330062419176e-06,test_field
numpy,128,32,16,1024,cpu,0,0.4658067226409912,7.107646524673328e-06,test_field
numpy,128,32,16,1024,cpu,1,0.46911168098449707,7.158076186897233e-06,test_field
numpy,128,32,16,1024,cpu,2,0.46875715255737305,7.152666512411088e-06,test_field
numpy,128,32,16,1024,cpu,3,0.4718320369720459,7.1995855250861496e-06,test_field
numpy,128,32,16,1024,cpu,4,0.47433948516845703,7.237846148200333e-06,test_field
fortran,128,32,16,1024,cpu,0,0.025977302,3.963821716308594e-07,test_field
fortran,128,32,16,1024,cpu,1,0.026822429,4.092777862548828e-07,test_field
fortran,128,32,16,1024,cpu,2,0.025113297,3.8319850158691406e-07,test_field
fortran,128,32,16,1024,cpu,3,0.026375691,4.024611053466797e-07,test_field
fortran,128,32,16,1024,cpu,4,0.026482664,4.040933837890625e-07,test_field
numba,128,32,32,1024,cpu,0,0.13593220710754395,1.0370804375270382e-06,test_field
numba,128,32,32,1024,cpu,1,0.13856291770935059,1.0571511666057631e-06,test_field
numba,128,32,32,1024,cpu,2,0.13586139678955078,1.036540197674185e-06,test_field
numba,128,32,32,1024,cpu,3,0.13666224479675293,1.0426501830806956e-06,test_field
numba,128,32,32,1024,cpu,4,0.1345837116241455,1.0267922334605828e-06,test_field
jax,128,32,32,1024,cpu,0,0.3017125129699707,2.301883796462789e-06,test_field
jax,128,32,32,1024,cpu,1,0.2997782230377197,2.2871263354318216e-06,test_field
jax,128,32,32,1024,cpu,2,0.3048717975616455,2.3259872250491753e-06,test_field
jax,128,32,32,1024,cpu,3,0.2997007369995117,2.2865351638756692e-06,test_field
jax,128,32,32,1024,cpu,4,0.30152153968811035,2.300426785950549e-06,test_field
jax,128,32,32,1024,gpu,0,0.11528778076171875,8.79575964063406e-07,test_field
jax,128,32,32,1024,gpu,1,0.11428952217102051,8.719598554307595e-07,test_field
jax,128,32,32,1024,gpu,2,0.11651754379272461,8.889583114068955e-07,test_field
jax,128,32,32,1024,gpu,3,0.11193037033081055,8.539609552826732e-07,test_field
jax,128,32,32,1024,gpu,4,0.11521196365356445,8.789975254330784e-07,test_field
torch,128,32,32,1024,cpu,0,10.08669924736023,7.695540807617363e-05,test_field
torch,128,32,32,1024,cpu,1,6.007858753204346,4.583632471621968e-05,test_field
torch,128,32,32,1024,cpu,2,9.852961540222168,7.517213089158759e-05,test_field
torch,128,32,32,1024,cpu,3,10.183098793029785,7.769087824271992e-05,test_field
torch,128,32,32,1024,cpu,4,7.392463207244873,5.640001836582087e-05,test_field
torch,128,32,32,1024,gpu,0,0.3181142807006836,2.427019353490323e-06,test_field
torch,128,32,32,1024,gpu,1,0.3103220462799072,2.3675693228142336e-06,test_field
torch,128,32,32,1024,gpu,2,0.3813142776489258,2.9091970645822585e-06,test_field
torch,128,32,32,1024,gpu,3,0.3966495990753174,3.0261962820077315e-06,test_field
torch,128,32,32,1024,gpu,4,0.3619215488433838,2.761242285487242e-06,test_field
gt4py,128,32,32,1024,cpu,0,0.304671049118042,2.3244556359713897e-06,test_field
gt4py,128,32,32,1024,cpu,1,0.3022041320800781,2.3056345526129007e-06,test_field
gt4py,128,32,32,1024,cpu,2,0.30620265007019043,2.3361408238997683e-06,test_field
gt4py,128,32,32,1024,cpu,3,0.31336188316345215,2.3907614377094433e-06,test_field
gt4py,128,32,32,1024,cpu,4,0.31075167655944824,2.3708471417194232e-06,test_field
cupy,128,32,32,1024,gpu,0,0.2075643539428711,1.58359034685418e-06,test_field
cupy,128,32,32,1024,gpu,1,0.24477195739746094,1.8674618331715465e-06,test_field
cupy,128,32,32,1024,gpu,2,0.24140048027038574,1.8417395040160045e-06,test_field
cupy,128,32,32,1024,gpu,3,0.23481988906860352,1.7915335774887353e-06,test_field
cupy,128,32,32,1024,gpu,4,0.23644495010375977,1.8039318092633039e-06,test_field
numpy,128,32,32,1024,cpu,0,0.8731329441070557,6.661475708824582e-06,test_field
numpy,128,32,32,1024,cpu,1,0.8718750476837158,6.6518787207314745e-06,test_field
numpy,128,32,32,1024,cpu,2,0.8742423057556152,6.669939466519281e-06,test_field
numpy,128,32,32,1024,cpu,3,0.8726129531860352,6.657508492935449e-06,test_field
numpy,128,32,32,1024,cpu,4,0.8673021793365479,6.616990503971465e-06,test_field
fortran,128,32,32,1024,cpu,0,0.03662467,2.794240570068359e-07,test_field
fortran,128,32,32,1024,cpu,1,0.040221234,3.068636627197266e-07,test_field
fortran,128,32,32,1024,cpu,2,0.036762969,2.804791946411133e-07,test_field
fortran,128,32,32,1024,cpu,3,0.038377162,2.927945098876953e-07,test_field
fortran,128,32,32,1024,cpu,4,0.036930516,2.817574768066406e-07,test_field
numba,128,32,64,1024,cpu,0,0.15691065788269043,5.98566657572519e-07,test_field
numba,128,32,64,1024,cpu,1,0.1552715301513672,5.923138814978302e-07,test_field
numba,128,32,64,1024,cpu,2,0.15025806427001953,5.73189026908949e-07,test_field
numba,128,32,64,1024,cpu,3,0.1454775333404541,5.549527486437e-07,test_field
numba,128,32,64,1024,cpu,4,0.15073108673095703,5.749934643972665e-07,test_field
jax,128,32,64,1024,cpu,0,0.5000238418579102,1.9074395822826773e-06,test_field
jax,128,32,64,1024,cpu,1,0.49915528297424316,1.9041262930841185e-06,test_field
jax,128,32,64,1024,cpu,2,0.4988412857055664,1.9029284885618836e-06,test_field
jax,128,32,64,1024,cpu,3,0.49823665618896484,1.9006220099981874e-06,test_field
jax,128,32,64,1024,cpu,4,0.49819254875183105,1.9004537534783594e-06,test_field
jax,128,32,64,1024,gpu,0,0.1286330223083496,4.906960384687409e-07,test_field
jax,128,32,64,1024,gpu,1,0.1291818618774414,4.927896952722222e-07,test_field
jax,128,32,64,1024,gpu,2,0.12938714027404785,4.935727702104487e-07,test_field
jax,128,32,64,1024,gpu,3,0.1285243034362793,4.902813088847324e-07,test_field
jax,128,32,64,1024,gpu,4,0.12916779518127441,4.927360350848176e-07,test_field
torch,128,32,64,1024,cpu,0,9.803701877593994,3.739815474546049e-05,test_field
torch,128,32,64,1024,cpu,1,10.447283029556274,3.9853222006058786e-05,test_field
torch,128,32,64,1024,cpu,2,7.519593238830566,2.86849717667792e-05,test_field
torch,128,32,64,1024,cpu,3,9.85460352897644,3.75923291358049e-05,test_field
torch,128,32,64,1024,cpu,4,5.894373655319214,2.248525106551824e-05,test_field
torch,128,32,64,1024,gpu,0,0.2906043529510498,1.108567630581092e-06,test_field
torch,128,32,64,1024,gpu,1,0.3047292232513428,1.1624497346929274e-06,test_field
torch,128,32,64,1024,gpu,2,0.3308107852935791,1.2619429980986752e-06,test_field
torch,128,32,64,1024,gpu,3,0.38358163833618164,1.4632478269049898e-06,test_field
torch,128,32,64,1024,gpu,4,0.3566248416900635,1.3604158084490336e-06,test_field
gt4py,128,32,64,1024,cpu,0,0.38544321060180664,1.4703491615364328e-06,test_field
gt4py,128,32,64,1024,cpu,1,0.3811914920806885,1.4541301425197162e-06,test_field
gt4py,128,32,64,1024,cpu,2,0.38224267959594727,1.458140104659833e-06,test_field
gt4py,128,32,64,1024,cpu,3,0.3808119297027588,1.4526822269544937e-06,test_field
gt4py,128,32,64,1024,cpu,4,0.3805375099182129,1.451635398552753e-06,test_field
cupy,128,32,64,1024,gpu,0,0.26680588722229004,1.017783688439522e-06,test_field
cupy,128,32,64,1024,gpu,1,0.2538747787475586,9.684554242994636e-07,test_field
cupy,128,32,64,1024,gpu,2,0.26729893684387207,1.0196645234827884e-06,test_field
cupy,128,32,64,1024,gpu,3,0.2533872127532959,9.66595507634338e-07,test_field
cupy,128,32,64,1024,gpu,4,0.2534749507904053,9.669302016845904e-07,test_field
numpy,128,32,64,1024,cpu,0,1.684861183166504,6.427235348382965e-06,test_field
numpy,128,32,64,1024,cpu,1,1.7046785354614258,6.5028325479943305e-06,test_field
numpy,128,32,64,1024,cpu,2,1.6674251556396484,6.360722181852907e-06,test_field
numpy,128,32,64,1024,cpu,3,1.68373441696167,6.422937076422386e-06,test_field
numpy,128,32,64,1024,cpu,4,1.6678967475891113,6.362521162373014e-06,test_field
fortran,128,32,64,1024,cpu,0,0.061769623,2.3563241195678712e-07,test_field
fortran,128,32,64,1024,cpu,1,0.06350522,2.4225318908691407e-07,test_field
fortran,128,32,64,1024,cpu,2,0.062622431,2.3888561630249026e-07,test_field
fortran,128,32,64,1024,cpu,3,0.063200654,2.410913619995117e-07,test_field
fortran,128,32,64,1024,cpu,4,0.061502719,2.3461425399780272e-07,test_field
numba,128,64,16,1024,cpu,0,0.1488187313079834,1.1353968147886917e-06,test_field
numba,128,64,16,1024,cpu,1,0.14930295944213867,1.1390911822672933e-06,test_field
numba,128,64,16,1024,cpu,2,0.14702391624450684,1.1217034625587985e-06,test_field
numba,128,64,16,1024,cpu,3,0.15173077583312988,1.1576139513636008e-06,test_field
numba,128,64,16,1024,cpu,4,0.14928698539733887,1.1389693099772558e-06,test_field
jax,128,64,16,1024,cpu,0,0.29638671875,2.261251211166382e-06,test_field
jax,128,64,16,1024,cpu,1,0.2930605411529541,2.2358744899975136e-06,test_field
jax,128,64,16,1024,cpu,2,0.29795289039611816,2.2732001525582746e-06,test_field
jax,128,64,16,1024,cpu,3,0.29497718811035156,2.2504973458126187e-06,test_field
jax,128,64,16,1024,cpu,4,0.29491353034973145,2.250011675641872e-06,test_field
jax,128,64,16,1024,gpu,0,0.11151981353759766,8.508286555297673e-07,test_field
jax,128,64,16,1024,gpu,1,0.11499643325805664,8.77353159012273e-07,test_field
jax,128,64,16,1024,gpu,2,0.1163787841796875,8.878996595740318e-07,test_field
jax,128,64,16,1024,gpu,3,0.11380505561828613,8.682636689627543e-07,test_field
jax,128,64,16,1024,gpu,4,0.11453533172607422,8.738352335058153e-07,test_field
torch,128,64,16,1024,cpu,0,10.051889896392822,7.668983380426653e-05,test_field
torch,128,64,16,1024,cpu,1,5.985929012298584,4.566901407088153e-05,test_field
torch,128,64,16,1024,cpu,2,7.789709091186523,5.943076394032687e-05,test_field
torch,128,64,16,1024,cpu,3,10.242218255996704,7.814192395017017e-05,test_field
torch,128,64,16,1024,cpu,4,9.73959755897522,7.430723235302139e-05,test_field
torch,128,64,16,1024,gpu,0,0.36876583099365234,2.813460014294833e-06,test_field
torch,128,64,16,1024,gpu,1,0.306751012802124,2.3403244995279238e-06,test_field
torch,128,64,16,1024,gpu,2,0.3892192840576172,2.969507477246225e-06,test_field
torch,128,64,16,1024,gpu,3,0.29799675941467285,2.273534846608527e-06,test_field
torch,128,64,16,1024,gpu,4,0.3043045997619629,2.3216598492581397e-06,test_field
gt4py,128,64,16,1024,cpu,0,0.3017599582672119,2.302245775354095e-06,test_field
gt4py,128,64,16,1024,cpu,1,0.2966196537017822,2.263028363813646e-06,test_field
gt4py,128,64,16,1024,cpu,2,0.3132932186126709,2.390237568761222e-06,test_field
gt4py,128,64,16,1024,cpu,3,0.28870391845703125,2.20263609662652e-06,test_field
gt4py,128,64,16,1024,cpu,4,0.2966456413269043,2.2632266336586326e-06,test_field
cupy,128,64,16,1024,gpu,0,0.250612735748291,1.912023435579613e-06,test_field
cupy,128,64,16,1024,gpu,1,0.24280691146850586,1.8524697225075215e-06,test_field
cupy,128,64,16,1024,gpu,2,0.23869895935058594,1.8211285350844264e-06,test_field
cupy,128,64,16,1024,gpu,3,0.2488720417022705,1.8987429939443246e-06,test_field
cupy,128,64,16,1024,gpu,4,0.2520759105682373,1.9231865735491738e-06,test_field
numpy,128,64,16,1024,cpu,0,0.8657796382904053,6.605374437640421e-06,test_field
numpy,128,64,16,1024,cpu,1,0.8555879592895508,6.527618097607046e-06,test_field
numpy,128,64,16,1024,cpu,2,0.8549633026123047,6.522852345369756e-06,test_field
numpy,128,64,16,1024,cpu,3,0.8587040901184082,6.551392289111391e-06,test_field
numpy,128,64,16,1024,cpu,4,0.8461287021636963,6.4554496930213645e-06,test_field
fortran,128,64,16,1024,cpu,0,0.032377108,2.4701773071289064e-07,test_field
fortran,128,64,16,1024,cpu,1,0.037251202,2.8420411682128904e-07,test_field
fortran,128,64,16,1024,cpu,2,0.032109085,2.449728775024414e-07,test_field
fortran,128,64,16,1024,cpu,3,0.032085182,2.447905120849609e-07,test_field
fortran,128,64,16,1024,cpu,4,0.033532082,2.5582948303222655e-07,test_field
numba,128,64,32,1024,cpu,0,0.15820980072021484,6.035224942024797e-07,test_field
numba,128,64,32,1024,cpu,1,0.1571340560913086,5.994188541080803e-07,test_field
numba,128,64,32,1024,cpu,2,0.1583402156829834,6.040199878043495e-07,test_field
numba,128,64,32,1024,cpu,3,0.1628246307373047,6.211266736499965e-07,test_field
numba,128,64,32,1024,cpu,4,0.15776777267456055,6.018362910253927e-07,test_field
jax,128,64,32,1024,cpu,0,0.4881138801574707,1.8620066839503124e-06,test_field
jax,128,64,32,1024,cpu,1,0.48912620544433594,1.8658683984540403e-06,test_field
jax,128,64,32,1024,cpu,2,0.48697590827941895,1.8576656657387502e-06,test_field
jax,128,64,32,1024,cpu,3,0.4848005771636963,1.849367436079774e-06,test_field
jax,128,64,32,1024,cpu,4,0.48490405082702637,1.8497621567803435e-06,test_field
jax,128,64,32,1024,gpu,0,0.12549400329589844,4.787216312251985e-07,test_field
jax,128,64,32,1024,gpu,1,0.12867116928100586,4.908415576210245e-07,test_field
jax,128,64,32,1024,gpu,2,0.12883830070495605,4.914791134069674e-07,test_field
jax,128,64,32,1024,gpu,3,0.12969231605529785,4.94736923428718e-07,test_field
jax,128,64,32,1024,gpu,4,0.12757515907287598,4.866606104769744e-07,test_field
torch,128,64,32,1024,cpu,0,9.723526239395142,3.7092308957653586e-05,test_field
torch,128,64,32,1024,cpu,1,10.175870895385742,3.881786687998101e-05,test_field
torch,128,64,32,1024,cpu,2,9.688484907150269,3.695863688335521e-05,test_field
torch,128,64,32,1024,cpu,3,7.431110858917236,2.8347438274067827e-05,test_field
torch,128,64,32,1024,cpu,4,8.983238458633423,3.426833518460626e-05,test_field
torch,128,64,32,1024,gpu,0,0.32799434661865234,1.2511991371866316e-06,test_field
torch,128,64,32,1024,gpu,1,0.4086935520172119,1.559042175358627e-06,test_field
torch,128,64,32,1024,gpu,2,0.390242338180542,1.48865638038842e-06,test_field
torch,128,64,32,1024,gpu,3,0.3588254451751709,1.3688104445463978e-06,test_field
torch,128,64,32,1024,gpu,4,0.35829877853393555,1.3668013707501814e-06,test_field
gt4py,128,64,32,1024,cpu,0,0.3616311550140381,1.3795133781968616e-06,test_field
gt4py,128,64,32,1024,cpu,1,0.3497030735015869,1.334011358267162e-06,test_field
gt4py,128,64,32,1024,cpu,2,0.3615849018096924,1.3793369362247176e-06,test_field
gt4py,128,64,32,1024,cpu,3,0.35860157012939453,1.367956429021433e-06,test_field
gt4py,128,64,32,1024,cpu,4,0.3641345500946045,1.3890630725654773e-06,test_field
cupy,128,64,32,1024,gpu,0,0.2330794334411621,8.891274774214253e-07,test_field
cupy,128,64,32,1024,gpu,1,0.24068832397460938,9.181530913338065e-07,test_field
cupy,128,64,32,1024,gpu,2,0.2512345314025879,9.583836799720302e-07,test_field
cupy,128,64,32,1024,gpu,3,0.23961496353149414,9.140585461864248e-07,test_field
cupy,128,64,32,1024,gpu,4,0.2396223545074463,9.140867405221798e-07,test_field
numpy,128,64,32,1024,cpu,0,1.6473684310913086,6.284211849560961e-06,test_field
numpy,128,64,32,1024,cpu,1,1.6311469078063965,6.222331649041735e-06,test_field
numpy,128,64,32,1024,cpu,2,1.6238315105438232,6.194425623107236e-06,test_field
numpy,128,64,32,1024,cpu,3,1.6233844757080078,6.192720320541412e-06,test_field
numpy,128,64,32,1024,cpu,4,1.6215684413909912,6.185792699398007e-06,test_field
fortran,128,64,32,1024,cpu,0,0.048652756,1.855955352783203e-07,test_field
fortran,128,64,32,1024,cpu,1,0.049452668,1.8864695739746093e-07,test_field
fortran,128,64,32,1024,cpu,2,0.050316962,1.9194397735595703e-07,test_field
fortran,128,64,32,1024,cpu,3,0.051069196,1.9481352233886718e-07,test_field
fortran,128,64,32,1024,cpu,4,0.049796817,1.8995978164672852e-07,test_field
numba,128,64,64,1024,cpu,0,0.19475936889648438,3.714740159921348e-07,test_field
numba,128,64,64,1024,cpu,1,0.18054986000061035,3.4437152862665243e-07,test_field
numba,128,64,64,1024,cpu,2,0.17591023445129395,3.3552214517840184e-07,test_field
numba,128,64,64,1024,cpu,3,0.17961478233337402,3.425880095164757e-07,test_field
numba,128,64,64,1024,cpu,4,0.17909669876098633,3.4159984352299944e-07,test_field
jax,128,64,64,1024,cpu,0,0.8639881610870361,1.6479266378155444e-06,test_field
jax,128,64,64,1024,cpu,1,0.8599774837493896,1.6402768778789323e-06,test_field
jax,128,64,64,1024,cpu,2,0.8604178428649902,1.6411167962360196e-06,test_field
jax,128,64,64,1024,cpu,3,0.8589675426483154,1.6383505681005772e-06,test_field
jax,128,64,64,1024,cpu,4,0.8598990440368652,1.6401272660004906e-06,test_field
jax,128,64,64,1024,gpu,0,0.13079190254211426,2.4946575649664737e-07,test_field
jax,128,64,64,1024,gpu,1,0.1300361156463623,2.480242073943373e-07,test_field
jax,128,64,64,1024,gpu,2,0.13063573837280273,2.4916789698181674e-07,test_field
jax,128,64,64,1024,gpu,3,0.13129568099975586,2.5042663764907047e-07,test_field
jax,128,64,64,1024,gpu,4,0.13038110733032227,2.4868222681107e-07,test_field
torch,128,64,64,1024,cpu,0,7.6284260749816895,1.4550068044627551e-05,test_field
torch,128,64,64,1024,cpu,1,10.2522714138031,1.955465586434002e-05,test_field
torch,128,64,64,1024,cpu,2,7.525146961212158,1.4353078768181149e-05,test_field
torch,128,64,64,1024,cpu,3,5.901827812194824,1.1256843208684586e-05,test_field
torch,128,64,64,1024,cpu,4,10.303421258926392,1.96522164515045e-05,test_field
torch,128,64,64,1024,gpu,0,0.3627183437347412,6.918303370184731e-07,test_field
torch,128,64,64,1024,gpu,1,0.37178659439086914,7.091266525094397e-07,test_field
torch,128,64,64,1024,gpu,2,0.3494880199432373,6.665954970230814e-07,test_field
torch,128,64,64,1024,gpu,3,0.39411330223083496,7.517114681832027e-07,test_field
torch,128,64,64,1024,gpu,4,0.3148009777069092,6.004352144373115e-07,test_field
gt4py,128,64,64,1024,cpu,0,0.46283888816833496,8.827951205603313e-07,test_field
gt4py,128,64,64,1024,cpu,1,0.4756152629852295,9.071641215996351e-07,test_field
gt4py,128,64,64,1024,cpu,2,0.4724407196044922,9.011091606225818e-07,test_field
gt4py,128,64,64,1024,cpu,3,0.47890186309814453,9.13432813831605e-07,test_field
gt4py,128,64,64,1024,cpu,4,0.4819939136505127,9.193304322252516e-07,test_field
cupy,128,64,64,1024,gpu,0,0.24068212509155273,4.590647222357802e-07,test_field
cupy,128,64,64,1024,gpu,1,0.24419713020324707,4.6576906242989935e-07,test_field
cupy,128,64,64,1024,gpu,2,0.25908899307250977,4.941730367136188e-07,test_field
cupy,128,64,64,1024,gpu,3,0.2500190734863281,4.768735379911959e-07,test_field
cupy,128,64,64,1024,gpu,4,0.24222517013549805,4.620078470907174e-07,test_field
numpy,128,64,64,1024,cpu,0,3.2958927154541016,6.286416464718059e-06,test_field
numpy,128,64,64,1024,cpu,1,3.2810161113739014,6.258041594264796e-06,test_field
numpy,128,64,64,1024,cpu,2,3.1936302185058594,6.0913662309758365e-06,test_field
numpy,128,64,64,1024,cpu,3,3.1506669521331787,6.009420303598745e-06,test_field
numpy,128,64,64,1024,cpu,4,3.1501972675323486,6.0085244513174985e-06,test_field
fortran,128,64,64,1024,cpu,0,0.083050763,1.5840675926208496e-07,test_field
fortran,128,64,64,1024,cpu,1,0.083567322,1.5939201736450195e-07,test_field
fortran,128,64,64,1024,cpu,2,0.085509278,1.6309600448608397e-07,test_field
fortran,128,64,64,1024,cpu,3,0.084448736,1.6107318115234374e-07,test_field
fortran,128,64,64,1024,cpu,4,0.083916879,1.60058744430542e-07,test_field
numba,128,128,16,1024,cpu,0,0.1793680191040039,6.842346920166165e-07,test_field
numba,128,128,16,1024,cpu,1,0.18378734588623047,7.010930858086795e-07,test_field
numba,128,128,16,1024,cpu,2,0.1866931915283203,7.121780072338879e-07,test_field
numba,128,128,16,1024,cpu,3,0.18286633491516113,6.975797077757306e-07,test_field
numba,128,128,16,1024,cpu,4,0.18488121032714844,7.052658475004137e-07,test_field
jax,128,128,16,1024,cpu,0,0.487856388092041,1.8610244296723977e-06,test_field
jax,128,128,16,1024,cpu,1,0.48287153244018555,1.8420087144477293e-06,test_field
jax,128,128,16,1024,cpu,2,0.48334527015686035,1.843815880420152e-06,test_field
jax,128,128,16,1024,cpu,3,0.4825904369354248,1.840936420194339e-06,test_field
jax,128,128,16,1024,cpu,4,0.4824950695037842,1.8405726223136298e-06,test_field
jax,128,128,16,1024,gpu,0,0.1292400360107422,4.930116119794548e-07,test_field
jax,128,128,16,1024,gpu,1,0.1288297176361084,4.914463715977035e-07,test_field
jax,128,128,16,1024,gpu,2,0.12838125228881836,4.897356120636687e-07,test_field
jax,128,128,16,1024,gpu,3,0.12946271896362305,4.938610800309107e-07,test_field
jax,128,128,16,1024,gpu,4,0.128920316696167,4.917919795843773e-07,test_field
torch,128,128,16,1024,cpu,0,7.647392749786377,2.9172488211770542e-05,test_field
torch,128,128,16,1024,cpu,1,9.935177087783813,3.7899692870269064e-05,test_field
torch,128,128,16,1024,cpu,2,9.882071018218994,3.7697109291912057e-05,test_field
torch,128,128,16,1024,cpu,3,7.631111145019531,2.911037881858647e-05,test_field
torch,128,128,16,1024,cpu,4,7.240597486495972,2.762068743322743e-05,test_field
torch,128,128,16,1024,gpu,0,0.2794010639190674,1.0658304745447822e-06,test_field
torch,128,128,16,1024,gpu,1,0.35579729080200195,1.3572589523391798e-06,test_field
torch,128,128,16,1024,gpu,2,0.3913559913635254,1.4929046301404014e-06,test_field
torch,128,128,16,1024,gpu,3,0.37041640281677246,1.4130264389677905e-06,test_field
torch,128,128,16,1024,gpu,4,0.322664737701416,1.2308682926231995e-06,test_field
gt4py,128,128,16,1024,cpu,0,0.3398706912994385,1.2965037967660464e-06,test_field
gt4py,128,128,16,1024,cpu,1,0.3455238342285156,1.3180688256397843e-06,test_field
gt4py,128,128,16,1024,cpu,2,0.34015440940856934,1.2975860954611562e-06,test_field
gt4py,128,128,16,1024,cpu,3,0.3557443618774414,1.3570570445153862e-06,test_field
gt4py,128,128,16,1024,cpu,4,0.3468174934387207,1.3230037438916042e-06,test_field
cupy,128,128,16,1024,gpu,0,0.2540016174316406,9.689392754808068e-07,test_field
cupy,128,128,16,1024,gpu,1,0.2480020523071289,9.460527508053929e-07,test_field
cupy,128,128,16,1024,gpu,2,0.24778127670288086,9.452105587115511e-07,test_field
cupy,128,128,16,1024,gpu,3,0.23990154266357422,9.151517588179559e-07,test_field
cupy,128,128,16,1024,gpu,4,0.25403833389282227,9.690793376648799e-07,test_field
numpy,128,128,16,1024,cpu,0,1.6319034099578857,6.22521747573046e-06,test_field
numpy,128,128,16,1024,cpu,1,1.6245312690734863,6.197094990056939e-06,test_field
numpy,128,128,16,1024,cpu,2,1.6297886371612549,6.217150257725734e-06,test_field
numpy,128,128,16,1024,cpu,3,1.603095293045044,6.115323230915237e-06,test_field
numpy,128,128,16,1024,cpu,4,1.6131126880645752,6.1535365603049286e-06,test_field
fortran,128,128,16,1024,cpu,0,0.04391341,1.6751636505126953e-07,test_field
fortran,128,128,16,1024,cpu,1,0.045492693,1.7354085159301758e-07,test_field
fortran,128,128,16,1024,cpu,2,0.044016351,1.6790905380249024e-07,test_field
fortran,128,128,16,1024,cpu,3,0.045138656,1.721903076171875e-07,test_field
fortran,128,128,16,1024,cpu,4,0.044610638,1.7017607879638672e-07,test_field
numba,128,128,32,1024,cpu,0,0.18712711334228516,3.569166437955573e-07,test_field
numba,128,128,32,1024,cpu,1,0.18601465225219727,3.547947926563211e-07,test_field
numba,128,128,32,1024,cpu,2,0.1890430450439453,3.6057099350728095e-07,test_field
numba,128,128,32,1024,cpu,3,0.18641233444213867,3.555533112375997e-07,test_field
numba,128,128,32,1024,cpu,4,0.18897366523742676,3.60438662028173e-07,test_field
jax,128,128,32,1024,cpu,0,0.8410120010375977,1.6041030903579667e-06,test_field
jax,128,128,32,1024,cpu,1,0.8469638824462891,1.6154554032254964e-06,test_field
jax,128,128,32,1024,cpu,2,0.8506100177764893,1.6224098544626031e-06,test_field
jax,128,128,32,1024,cpu,3,0.848034143447876,1.6174967640836257e-06,test_field
jax,128,128,32,1024,cpu,4,0.845311164855957,1.6123030945891514e-06,test_field
jax,128,128,32,1024,gpu,0,0.13079237937927246,2.4946666599134915e-07,test_field
jax,128,128,32,1024,gpu,1,0.13051295280456543,2.489337020961102e-07,test_field
jax,128,128,32,1024,gpu,2,0.13306832313537598,2.5380768420291133e-07,test_field
jax,128,128,32,1024,gpu,3,0.13025689125061035,2.4844530344125815e-07,test_field
jax,128,128,32,1024,gpu,4,0.13379406929016113,2.5519193513900973e-07,test_field
torch,128,128,32,1024,cpu,0,10.159429788589478,1.9377574517420726e-05,test_field
torch,128,128,32,1024,cpu,1,9.774949789047241,1.864423711595009e-05,test_field
torch,128,128,32,1024,cpu,2,9.12912893295288,1.7412431589036714e-05,test_field
torch,128,128,32,1024,cpu,3,7.695765256881714,1.4678507341159275e-05,test_field
torch,128,128,32,1024,cpu,4,7.665980577468872,1.4621697573602432e-05,test_field
torch,128,128,32,1024,gpu,0,0.387981653213501,7.400162758131046e-07,test_field
torch,128,128,32,1024,gpu,1,0.31189942359924316,5.949009391770232e-07,test_field
torch,128,128,32,1024,gpu,2,0.3841738700866699,7.327535058720969e-07,test_field
torch,128,128,32,1024,gpu,3,0.27342677116394043,5.215201781538781e-07,test_field
torch,128,128,32,1024,gpu,4,0.29694509506225586,5.663778210873716e-07,test_field
gt4py,128,128,32,1024,cpu,0,0.44541287422180176,8.495576366840396e-07,test_field
gt4py,128,128,32,1024,cpu,1,0.44300365447998047,8.449624147033319e-07,test_field
gt4py,128,128,32,1024,cpu,2,0.4420125484466553,8.430720299656969e-07,test_field
gt4py,128,128,32,1024,cpu,3,0.44414448738098145,8.471383807773236e-07,test_field
gt4py,128,128,32,1024,cpu,4,0.4525182247161865,8.63110017235158e-07,test_field
cupy,128,128,32,1024,gpu,0,0.23676586151123047,4.5159504225011915e-07,test_field
cupy,128,128,32,1024,gpu,1,0.2508225440979004,4.784060365636833e-07,test_field
cupy,128,128,32,1024,gpu,2,0.25361084938049316,4.837243068323005e-07,test_field
cupy,128,128,32,1024,gpu,3,0.23712801933288574,4.522858034761157e-07,test_field
cupy,128,128,32,1024,gpu,4,0.2550489902496338,4.864673428528477e-07,test_field
numpy,128,128,32,1024,cpu,0,3.1795363426208496,6.064484296075534e-06,test_field
numpy,128,128,32,1024,cpu,1,3.1872315406799316,6.079161721572746e-06,test_field
numpy,128,128,32,1024,cpu,2,3.2026727199554443,6.1086134337529074e-06,test_field
numpy,128,128,32,1024,cpu,3,3.194793462753296,6.0935849433008116e-06,test_field
numpy,128,128,32,1024,cpu,4,3.143953323364258,5.996615072945133e-06,test_field
fortran,128,128,32,1024,cpu,0,0.074218155,1.415598964691162e-07,test_field
fortran,128,128,32,1024,cpu,1,0.075060434,1.4316641616821288e-07,test_field
fortran,128,128,32,1024,cpu,2,0.073490144,1.4017132568359374e-07,test_field
fortran,128,128,32,1024,cpu,3,0.070589334,1.3463846969604493e-07,test_field
fortran,128,128,32,1024,cpu,4,0.078498028,1.4972310638427734e-07,test_field
numba,128,128,64,1024,cpu,0,0.20825552940368652,1.9860794964188244e-07,test_field
numba,128,128,64,1024,cpu,1,0.21018481254577637,2.0044785742356908e-07,test_field
numba,128,128,64,1024,cpu,2,0.2117607593536377,2.0195079741824884e-07,test_field
numba,128,128,64,1024,cpu,3,0.21136116981506348,2.0156971913820598e-07,test_field
numba,128,128,64,1024,cpu,4,0.22813773155212402,2.1756909518444445e-07,test_field
jax,128,128,64,1024,cpu,0,1.5738301277160645,1.500921371189179e-06,test_field
jax,128,128,64,1024,cpu,1,1.5806949138641357,1.5074681414262159e-06,test_field
jax,128,128,64,1024,cpu,2,1.581221342086792,1.5079701825015945e-06,test_field
jax,128,128,64,1024,cpu,3,1.5778725147247314,1.504776491856319e-06,test_field
jax,128,128,64,1024,cpu,4,1.5760524272918701,1.5030407212179853e-06,test_field
jax,128,128,64,1024,gpu,0,0.13730645179748535,1.3094563655613456e-07,test_field
jax,128,128,64,1024,gpu,1,0.13577961921691895,1.294895355385961e-07,test_field
jax,128,128,64,1024,gpu,2,0.13570308685302734,1.2941654858877882e-07,test_field
jax,128,128,64,1024,gpu,3,0.13523221015930176,1.2896748557977844e-07,test_field
jax,128,128,64,1024,gpu,4,0.13588571548461914,1.2959071682416834e-07,test_field
torch,128,128,64,1024,cpu,0,10.25011157989502,9.77526815404417e-06,test_field
torch,128,128,64,1024,cpu,1,7.61998176574707,7.266980901476927e-06,test_field
torch,128,128,64,1024,cpu,2,10.144205331802368,9.67426808529126e-06,test_field
torch,128,128,64,1024,cpu,3,9.54275369644165,9.100679108087206e-06,test_field
torch,128,128,64,1024,cpu,4,7.347405672073364,7.0070320816739695e-06,test_field
torch,128,128,64,1024,gpu,0,0.31101226806640625,2.9660441214218736e-07,test_field
torch,128,128,64,1024,gpu,1,0.3581733703613281,3.415807441342622e-07,test_field
torch,128,128,64,1024,gpu,2,0.38568592071533203,3.678187567857094e-07,test_field
torch,128,128,64,1024,gpu,3,0.27086400985717773,2.5831604943959974e-07,test_field
torch,128,128,64,1024,gpu,4,0.4054388999938965,3.866566657961812e-07,test_field
gt4py,128,128,64,1024,cpu,0,0.6320915222167969,6.028094503562897e-07,test_field
gt4py,128,128,64,1024,cpu,1,0.6512885093688965,6.211171239556279e-07,test_field
gt4py,128,128,64,1024,cpu,2,0.6487245559692383,6.186719474499114e-07,test_field
gt4py,128,128,64,1024,cpu,3,0.6331188678741455,6.037892035237746e-07,test_field
gt4py,128,128,64,1024,cpu,4,0.6628422737121582,6.321356522676069e-07,test_field
cupy,128,128,64,1024,gpu,0,0.24623870849609375,2.3483153199777007e-07,test_field
cupy,128,128,64,1024,gpu,1,0.25060391426086426,2.389945166214602e-07,test_field
cupy,128,128,64,1024,gpu,2,0.23662781715393066,2.2566587176697794e-07,test_field
cupy,128,128,64,1024,gpu,3,0.25172948837280273,2.400679477432277e-07,test_field
cupy,128,128,64,1024,gpu,4,0.23891448974609375,2.2784661268815398e-07,test_field
numpy,128,128,64,1024,cpu,0,6.544335126876831,6.241164328457671e-06,test_field
numpy,128,128,64,1024,cpu,1,6.369688034057617,6.0746078816009685e-06,test_field
numpy,128,128,64,1024,cpu,2,6.366206645965576,6.0712877711921465e-06,test_field
numpy,128,128,64,1024,cpu,3,6.456719636917114,6.15760768596374e-06,test_field
numpy,128,128,64,1024,cpu,4,6.496614933013916,6.195654805196682e-06,test_field
fortran,128,128,64,1024,cpu,0,0.129652292,1.2364606094360352e-07,test_field
fortran,128,128,64,1024,cpu,1,0.141290286,1.3474491691589354e-07,test_field
fortran,128,128,64,1024,cpu,2,0.160126469,1.5270850086212158e-07,test_field
fortran,128,128,64,1024,cpu,3,0.151548097,1.4452752780914306e-07,test_field
fortran,128,128,64,1024,cpu,4,0.163910263,1.5631700801849365e-07,test_field
numba,128,256,16,1024,cpu,0,0.259293794631958,4.945636646880303e-07,test_field
numba,128,256,16,1024,cpu,1,0.26346349716186523,5.025167411076836e-07,test_field
numba,128,256,16,1024,cpu,2,0.26476073265075684,5.049910214438569e-07,test_field
numba,128,256,16,1024,cpu,3,0.26813268661499023,5.114225132274441e-07,test_field
numba,128,256,16,1024,cpu,4,0.2664308547973633,5.081765266368166e-07,test_field
jax,128,256,16,1024,cpu,0,0.8432514667510986,1.6083745322248433e-06,test_field
jax,128,256,16,1024,cpu,1,0.843846321105957,1.609509126865305e-06,test_field
jax,128,256,16,1024,cpu,2,0.8557884693145752,1.6322869669238571e-06,test_field
jax,128,256,16,1024,cpu,3,0.8441617488861084,1.6101107576105278e-06,test_field
jax,128,256,16,1024,cpu,4,0.8461675643920898,1.6139365470735356e-06,test_field
jax,128,256,16,1024,gpu,0,0.1325218677520752,2.5276540327467956e-07,test_field
jax,128,256,16,1024,gpu,1,0.13092255592346191,2.4971495804493316e-07,test_field
jax,128,256,16,1024,gpu,2,0.1326911449432373,2.5308827389380895e-07,test_field
jax,128,256,16,1024,gpu,3,0.1332716941833496,2.541955836932175e-07,test_field
jax,128,256,16,1024,gpu,4,0.12983465194702148,2.476399458828382e-07,test_field
torch,128,256,16,1024,cpu,0,9.637924671173096,1.8382882444711868e-05,test_field
torch,128,256,16,1024,cpu,1,9.729613780975342,1.8557765542936977e-05,test_field
torch,128,256,16,1024,cpu,2,6.212581634521484,1.18495590868406e-05,test_field
torch,128,256,16,1024,cpu,3,7.5614402294158936,1.4422302683669841e-05,test_field
torch,128,256,16,1024,cpu,4,10.271774768829346,1.9591855561884586e-05,test_field
torch,128,256,16,1024,gpu,0,0.310443639755249,5.921242518525105e-07,test_field
torch,128,256,16,1024,gpu,1,0.31130433082580566,5.937658897892106e-07,test_field
torch,128,256,16,1024,gpu,2,0.3742811679840088,7.138846740417648e-07,test_field
torch,128,256,16,1024,gpu,3,0.3279752731323242,6.255631888052449e-07,test_field
torch,128,256,16,1024,gpu,4,0.40894246101379395,7.79995843913639e-07,test_field
gt4py,128,256,16,1024,cpu,0,0.4296417236328125,8.194765541702509e-07,test_field
gt4py,128,256,16,1024,cpu,1,0.4276256561279297,8.15631210571155e-07,test_field
gt4py,128,256,16,1024,cpu,2,0.4250657558441162,8.10748588264687e-07,test_field
gt4py,128,256,16,1024,cpu,3,0.4349086284637451,8.295223778986838e-07,test_field
gt4py,128,256,16,1024,cpu,4,0.42064905166625977,8.023243935895152e-07,test_field
cupy,128,256,16,1024,gpu,0,0.23391509056091309,4.461576281755697e-07,test_field
cupy,128,256,16,1024,gpu,1,0.25684070587158203,4.898847691947594e-07,test_field
cupy,128,256,16,1024,gpu,2,0.2363142967224121,4.507337507675402e-07,test_field
cupy,128,256,16,1024,gpu,3,0.2562904357910156,4.888352123089135e-07,test_field
cupy,128,256,16,1024,gpu,4,0.2566406726837158,4.895032361673657e-07,test_field
numpy,128,256,16,1024,cpu,0,3.163062572479248,6.033063073118683e-06,test_field
numpy,128,256,16,1024,cpu,1,3.1478302478790283,6.004009719617898e-06,test_field
numpy,128,256,16,1024,cpu,2,3.143044948577881,5.994882485538255e-06,test_field
numpy,128,256,16,1024,cpu,3,3.1542015075683594,6.016161933075637e-06,test_field
numpy,128,256,16,1024,cpu,4,3.1394846439361572,5.988091743347468e-06,test_field
fortran,128,256,16,1024,cpu,0,0.071695513,1.3674833869934082e-07,test_field
fortran,128,256,16,1024,cpu,1,0.076110613,1.4516947364807128e-07,test_field
fortran,128,256,16,1024,cpu,2,0.074307787,1.4173085594177246e-07,test_field
fortran,128,256,16,1024,cpu,3,0.072207178,1.3772426223754882e-07,test_field
fortran,128,256,16,1024,cpu,4,0.073780411,1.4072496604919434e-07,test_field
numba,128,256,32,1024,cpu,0,0.30385613441467285,2.8977979127375875e-07,test_field
numba,128,256,32,1024,cpu,1,0.29699039459228516,2.8323211154202e-07,test_field
numba,128,256,32,1024,cpu,2,0.28984785079956055,2.7642045097309165e-07,test_field
numba,128,256,32,1024,cpu,3,0.2984800338745117,2.846527422661893e-07,test_field
numba,128,256,32,1024,cpu,4,0.293621301651001,2.800190941343317e-07,test_field
jax,128,256,32,1024,cpu,0,1.558713436126709,1.4865049706713762e-06,test_field
jax,128,256,32,1024,cpu,1,1.5669493675231934,1.4943593669158872e-06,test_field
jax,128,256,32,1024,cpu,2,1.5661168098449707,1.4935653780412395e-06,test_field
jax,128,256,32,1024,cpu,3,1.5610616207122803,1.4887443740008166e-06,test_field
jax,128,256,32,1024,cpu,4,1.5630311965942383,1.4906227079336531e-06,test_field
jax,128,256,32,1024,gpu,0,0.13825440406799316,1.3184967428969685e-07,test_field
jax,128,256,32,1024,gpu,1,0.13748431205749512,1.311152573180152e-07,test_field
jax,128,256,32,1024,gpu,2,0.13873577117919922,1.3230874174041674e-07,test_field
jax,128,256,32,1024,gpu,3,0.13652610778808594,1.3020144251640886e-07,test_field
jax,128,256,32,1024,gpu,4,0.13727331161499023,1.3091403161524795e-07,test_field
torch,128,256,32,1024,cpu,0,5.9364259243011475,5.661416935254238e-06,test_field
torch,128,256,32,1024,cpu,1,6.079399824142456,5.797767471449333e-06,test_field
torch,128,256,32,1024,cpu,2,9.260480642318726,8.831482546156622e-06,test_field
torch,128,256,32,1024,cpu,3,7.624561548233032,7.271348522408516e-06,test_field
torch,128,256,32,1024,cpu,4,10.130276441574097,9.660984460424515e-06,test_field
torch,128,256,32,1024,gpu,0,0.299593448638916,2.857145773305092e-07,test_field
torch,128,256,32,1024,gpu,1,0.29819321632385254,2.843792117346311e-07,test_field
torch,128,256,32,1024,gpu,2,0.3160827159881592,3.0143996809783857e-07,test_field
torch,128,256,32,1024,gpu,3,0.2645394802093506,2.522845079511171e-07,test_field
torch,128,256,32,1024,gpu,4,0.40290379524230957,3.842390015051933e-07,test_field
gt4py,128,256,32,1024,cpu,0,0.625481367111206,5.965055152046261e-07,test_field
gt4py,128,256,32,1024,cpu,1,0.6203734874725342,5.916342615819303e-07,test_field
gt4py,128,256,32,1024,cpu,2,0.612128734588623,5.837714525114279e-07,test_field
gt4py,128,256,32,1024,cpu,3,0.6290292739868164,5.998890628688969e-07,test_field
gt4py,128,256,32,1024,cpu,4,0.6246039867401123,5.95668780078995e-07,test_field
cupy,128,256,32,1024,gpu,0,0.23867535591125488,2.2761855689168442e-07,test_field
cupy,128,256,32,1024,gpu,1,0.24886369705200195,2.3733491616440006e-07,test_field
cupy,128,256,32,1024,gpu,2,0.2595174312591553,2.474951088515809e-07,test_field
cupy,128,256,32,1024,gpu,3,0.259446382522583,2.474273514962988e-07,test_field
cupy,128,256,32,1024,gpu,4,0.24760198593139648,2.3613165467395447e-07,test_field
numpy,128,256,32,1024,cpu,0,6.25467586517334,5.964923730061855e-06,test_field
numpy,128,256,32,1024,cpu,1,6.239779472351074,5.950717422820162e-06,test_field
numpy,128,256,32,1024,cpu,2,6.388100862503052,6.092167723181774e-06,test_field
numpy,128,256,32,1024,cpu,3,6.380161285400391,6.084595952415839e-06,test_field
numpy,128,256,32,1024,cpu,4,6.422391414642334,6.124869742052397e-06,test_field
fortran,128,256,32,1024,cpu,0,0.114913788,1.0959032821655274e-07,test_field
fortran,128,256,32,1024,cpu,1,0.112865146,1.076365909576416e-07,test_field
fortran,128,256,32,1024,cpu,2,0.117351442,1.119150562286377e-07,test_field
fortran,128,256,32,1024,cpu,3,0.113923258,1.0864568519592285e-07,test_field
fortran,128,256,32,1024,cpu,4,0.116989693,1.1157006549835206e-07,test_field
numba,128,256,64,1024,cpu,0,0.28487491607666016,1.3583894542534836e-07,test_field
numba,128,256,64,1024,cpu,1,0.2921009063720703,1.392845661030151e-07,test_field
numba,128,256,64,1024,cpu,2,0.28815507888793945,1.3740304893872235e-07,test_field
numba,128,256,64,1024,cpu,3,0.2890157699584961,1.3781345842289738e-07,test_field
numba,128,256,64,1024,cpu,4,0.2840232849121094,1.3543285604100674e-07,test_field
jax,128,256,64,1024,cpu,0,2.995450019836426,1.4283418749982957e-06,test_field
jax,128,256,64,1024,cpu,1,2.997191905975342,1.4291724710346898e-06,test_field
jax,128,256,64,1024,cpu,2,3.0060524940490723,1.433397528671776e-06,test_field
jax,128,256,64,1024,cpu,3,2.994821310043335,1.4280420828072238e-06,test_field
jax,128,256,64,1024,cpu,4,2.9869937896728516,1.4243096302379854e-06,test_field
jax,128,256,64,1024,gpu,0,0.14611053466796875,6.96709321346134e-08,test_field
jax,128,256,64,1024,gpu,1,0.14585423469543457,6.954871878406266e-08,test_field
jax,128,256,64,1024,gpu,2,0.14515280723571777,6.921425210748566e-08,test_field
jax,128,256,64,1024,gpu,3,0.14124560356140137,6.735115221090382e-08,test_field
jax,128,256,64,1024,gpu,4,0.1458883285522461,6.956497600185685e-08,test_field
torch,128,256,64,1024,cpu,0,8.67299771308899,4.135607582611556e-06,test_field
torch,128,256,64,1024,cpu,1,10.256864786148071,4.89085425670055e-06,test_field
torch,128,256,64,1024,cpu,2,9.01446008682251,4.298429530535941e-06,test_field
torch,128,256,64,1024,cpu,3,10.595145463943481,5.05215905377554e-06,test_field
torch,128,256,64,1024,cpu,4,8.437411069869995,4.023271117148397e-06,test_field
torch,128,256,64,1024,gpu,0,0.2848494052886963,1.3582678093371214e-07,test_field
torch,128,256,64,1024,gpu,1,0.29289817810058594,1.3966473488835618e-07,test_field
torch,128,256,64,1024,gpu,2,0.35553884506225586,1.6953413251030724e-07,test_field
torch,128,256,64,1024,gpu,3,0.38746142387390137,1.8475600427336758e-07,test_field
torch,128,256,64,1024,gpu,4,0.3811678886413574,1.8175501281803008e-07,test_field
gt4py,128,256,64,1024,cpu,0,0.9802563190460205,4.6742263748456025e-07,test_field
gt4py,128,256,64,1024,cpu,1,0.9615821838378906,4.585181159200147e-07,test_field
gt4py,128,256,64,1024,cpu,2,1.0087101459503174,4.809904794456088e-07,test_field
gt4py,128,256,64,1024,cpu,3,0.9677495956420898,4.6145896703819744e-07,test_field
gt4py,128,256,64,1024,cpu,4,0.9705147743225098,4.6277750698209275e-07,test_field
cupy,128,256,64,1024,gpu,0,0.24729156494140625,1.1791780707426369e-07,test_field
cupy,128,256,64,1024,gpu,1,0.24947357177734375,1.1895826901309192e-07,test_field
cupy,128,256,64,1024,gpu,2,0.24207568168640137,1.154306801254279e-07,test_field
cupy,128,256,64,1024,gpu,3,0.247572660446167,1.1805184385593748e-07,test_field
cupy,128,256,64,1024,gpu,4,0.24194908142089844,1.1537031241459772e-07,test_field
numpy,128,256,64,1024,cpu,0,14.057297706604004,6.70304189043236e-06,test_field
numpy,128,256,64,1024,cpu,1,14.337610960006714,6.83670566559158e-06,test_field
numpy,128,256,64,1024,cpu,2,14.247455596923828,6.793716238462366e-06,test_field
numpy,128,256,64,1024,cpu,3,14.151290893554688,6.747861334588379e-06,test_field
numpy,128,256,64,1024,cpu,4,14.327043056488037,6.83166649650957e-06,test_field
fortran,128,256,64,1024,cpu,0,0.246739654,1.1765463542938233e-07,test_field
fortran,128,256,64,1024,cpu,1,0.23963561,1.1426716327667236e-07,test_field
fortran,128,256,64,1024,cpu,2,0.245785538,1.1719967746734619e-07,test_field
fortran,128,256,64,1024,cpu,3,0.248700556,1.1858966636657714e-07,test_field
fortran,128,256,64,1024,cpu,4,0.254114091,1.211710410118103e-07,test_field
numba,128,512,16,1024,cpu,0,0.4163992404937744,3.97109261029982e-07,test_field
numba,128,512,16,1024,cpu,1,0.42676210403442383,4.069920578331221e-07,test_field
numba,128,512,16,1024,cpu,2,0.41700124740600586,3.9768337956047617e-07,test_field
numba,128,512,16,1024,cpu,3,0.4132378101348877,3.9409428609360475e-07,test_field
numba,128,512,16,1024,cpu,4,0.41652393341064453,3.972281774622388e-07,test_field
jax,128,512,16,1024,cpu,0,1.5534758567810059,1.4815100257692393e-06,test_field
jax,128,512,16,1024,cpu,1,1.556203842163086,1.4841116353636608e-06,test_field
jax,128,512,16,1024,cpu,2,1.557555913925171,1.4854010714770993e-06,test_field
jax,128,512,16,1024,cpu,3,1.5546228885650635,1.4826039205217967e-06,test_field
jax,128,512,16,1024,cpu,4,1.5526270866394043,1.4807005754846614e-06,test_field
jax,128,512,16,1024,gpu,0,0.13669228553771973,1.303599219681928e-07,test_field
jax,128,512,16,1024,gpu,1,0.13778448104858398,1.3140152077539824e-07,test_field
jax,128,512,16,1024,gpu,2,0.1337294578552246,1.2753434930345975e-07,test_field
jax,128,512,16,1024,gpu,3,0.13584232330322266,1.2954933481523767e-07,test_field
jax,128,512,16,1024,gpu,4,0.13712549209594727,1.3077305993647315e-07,test_field
torch,128,512,16,1024,cpu,0,7.297187089920044,6.959139909668011e-06,test_field
torch,128,512,16,1024,cpu,1,9.550003290176392,9.107592859436409e-06,test_field
torch,128,512,16,1024,cpu,2,9.616276741027832,9.17079614737304e-06,test_field
torch,128,512,16,1024,cpu,3,10.226160287857056,9.752426421982818e-06,test_field
torch,128,512,16,1024,cpu,4,7.804601669311523,7.443048161803745e-06,test_field
torch,128,512,16,1024,gpu,0,0.40337467193603516,3.846880645141937e-07,test_field
torch,128,512,16,1024,gpu,1,0.3731954097747803,3.5590687730291393e-07,test_field
torch,128,512,16,1024,gpu,2,0.3897716999053955,3.717152594617801e-07,test_field
torch,128,512,16,1024,gpu,3,0.29158854484558105,2.780805061775027e-07,test_field
torch,128,512,16,1024,gpu,4,0.3820922374725342,3.643915533757536e-07,test_field
gt4py,128,512,16,1024,cpu,0,0.6205096244812012,5.917640919506084e-07,test_field
gt4py,128,512,16,1024,cpu,1,0.6165528297424316,5.879905984329525e-07,test_field
gt4py,128,512,16,1024,cpu,2,0.6206331253051758,5.91881871514488e-07,test_field
gt4py,128,512,16,1024,cpu,3,0.6026313304901123,5.747140221501468e-07,test_field
gt4py,128,512,16,1024,cpu,4,0.5929739475250244,5.655040240526432e-07,test_field
cupy,128,512,16,1024,gpu,0,0.269458532333374,2.569756816228619e-07,test_field
cupy,128,512,16,1024,gpu,1,0.26058411598205566,2.485123786755139e-07,test_field
cupy,128,512,16,1024,gpu,2,0.25359678268432617,2.418487383692991e-07,test_field
cupy,128,512,16,1024,gpu,3,0.26348257064819336,2.5127656044787727e-07,test_field
cupy,128,512,16,1024,gpu,4,0.2552492618560791,2.4342466531379614e-07,test_field
numpy,128,512,16,1024,cpu,0,6.416932582855225,6.1196637943794485e-06,test_field
numpy,128,512,16,1024,cpu,1,6.397572040557861,6.101200142438756e-06,test_field
numpy,128,512,16,1024,cpu,2,6.238012313842773,5.949032129137777e-06,test_field
numpy,128,512,16,1024,cpu,3,6.229993581771851,5.9413848703115946e-06,test_field
numpy,128,512,16,1024,cpu,4,6.300386905670166,6.008517175359884e-06,test_field
fortran,128,512,16,1024,cpu,0,0.122695447,1.1701149654388428e-07,test_field
fortran,128,512,16,1024,cpu,1,0.121726292,1.1608723831176758e-07,test_field
fortran,128,512,16,1024,cpu,2,0.124340263,1.1858011531829835e-07,test_field
fortran,128,512,16,1024,cpu,3,0.122417632,1.1674655151367187e-07,test_field
fortran,128,512,16,1024,cpu,4,0.121150919,1.1553851985931396e-07,test_field
numba,128,512,32,1024,cpu,0,0.4449117183685303,2.1215043943811907e-07,test_field
numba,128,512,32,1024,cpu,1,0.44371533393859863,2.11579958886432e-07,test_field
numba,128,512,32,1024,cpu,2,0.44180989265441895,2.1067137367936084e-07,test_field
numba,128,512,32,1024,cpu,3,0.4428372383117676,2.1116125026310328e-07,test_field
numba,128,512,32,1024,cpu,4,0.43752503395080566,2.0862819383182796e-07,test_field
jax,128,512,32,1024,cpu,0,2.9728589057922363,1.4175695923768217e-06,test_field
jax,128,512,32,1024,cpu,1,2.980395555496216,1.4211633470040397e-06,test_field
jax,128,512,32,1024,cpu,2,2.969716787338257,1.4160713135424885e-06,test_field
jax,128,512,32,1024,cpu,3,2.9801695346832275,1.4210555718818796e-06,test_field
jax,128,512,32,1024,cpu,4,2.977125883102417,1.4196042457115254e-06,test_field
jax,128,512,32,1024,gpu,0,0.1469125747680664,7.005337465670891e-08,test_field
jax,128,512,32,1024,gpu,1,0.1472322940826416,7.02058287060936e-08,test_field
jax,128,512,32,1024,gpu,2,0.14786934852600098,7.050959993648576e-08,test_field
jax,128,512,32,1024,gpu,3,0.1478104591369629,7.048151928756852e-08,test_field
jax,128,512,32,1024,gpu,4,0.148756742477417,7.093274234648561e-08,test_field
torch,128,512,32,1024,cpu,0,11.358361005783081,5.416088583842793e-06,test_field
torch,128,512,32,1024,cpu,1,8.663779497146606,4.131211994717887e-06,test_field
torch,128,512,32,1024,cpu,2,11.0381019115448,5.263377147457504e-06,test_field
torch,128,512,32,1024,cpu,3,11.310331106185913,5.393186143010098e-06,test_field
torch,128,512,32,1024,cpu,4,10.57421875,5.042180418968201e-06,test_field
torch,128,512,32,1024,gpu,0,0.39142704010009766,1.8664695744519122e-07,test_field
torch,128,512,32,1024,gpu,1,0.3100097179412842,1.4782415291847428e-07,test_field
torch,128,512,32,1024,gpu,2,0.39249706268310547,1.8715718397288583e-07,test_field
torch,128,512,32,1024,gpu,3,0.37026286125183105,1.7655509054748109e-07,test_field
torch,128,512,32,1024,gpu,4,0.3937206268310547,1.8774062482407317e-07,test_field
gt4py,128,512,32,1024,cpu,0,0.9443750381469727,4.503131094679702e-07,test_field
gt4py,128,512,32,1024,cpu,1,0.9432127475738525,4.4975888613407733e-07,test_field
gt4py,128,512,32,1024,cpu,2,1.0145289897918701,4.837651204070426e-07,test_field
gt4py,128,512,32,1024,cpu,3,0.9459338188171387,4.5105639401299413e-07,test_field
gt4py,128,512,32,1024,cpu,4,0.9727637767791748,4.6384991492232075e-07,test_field
cupy,128,512,32,1024,gpu,0,0.2487022876739502,1.185904920930625e-07,test_field
cupy,128,512,32,1024,gpu,1,0.24473309516906738,1.1669783361867303e-07,test_field
cupy,128,512,32,1024,gpu,2,0.24651765823364258,1.1754877959901933e-07,test_field
cupy,128,512,32,1024,gpu,3,0.24006199836730957,1.1447048109403113e-07,test_field
cupy,128,512,32,1024,gpu,4,0.24277806282043457,1.1576560154935578e-07,test_field
numpy,128,512,32,1024,cpu,0,13.85031247138977,6.604343639082799e-06,test_field
numpy,128,512,32,1024,cpu,1,14.136450052261353,6.740784670000721e-06,test_field
numpy,128,512,32,1024,cpu,2,14.117629289627075,6.731810231030977e-06,test_field
numpy,128,512,32,1024,cpu,3,14.041730642318726,6.695618935737002e-06,test_field
numpy,128,512,32,1024,cpu,4,14.100722551345825,6.723748469994462e-06,test_field
fortran,128,512,32,1024,cpu,0,0.245811531,1.1721207189559937e-07,test_field
fortran,128,512,32,1024,cpu,1,0.260456054,1.2419512462615966e-07,test_field
fortran,128,512,32,1024,cpu,2,0.260910024,1.2441159439086915e-07,test_field
fortran,128,512,32,1024,cpu,3,0.252632351,1.204644923210144e-07,test_field
fortran,128,512,32,1024,cpu,4,0.249160423,1.1880894804000854e-07,test_field
numba,128,512,64,1024,cpu,0,0.4323146343231201,1.0307184084012988e-07,test_field
numba,128,512,64,1024,cpu,1,0.4276437759399414,1.0195822142122779e-07,test_field
numba,128,512,64,1024,cpu,2,0.43890905380249023,1.0464407296240097e-07,test_field
numba,128,512,64,1024,cpu,3,0.435530424118042,1.0383854487372446e-07,test_field
numba,128,512,64,1024,cpu,4,0.43189358711242676,1.0297145536242169e-07,test_field
jax,128,512,64,1024,cpu,0,5.848980903625488,1.394505716234562e-06,test_field
jax,128,512,64,1024,cpu,1,5.851755857467651,1.395167316786683e-06,test_field
jax,128,512,64,1024,cpu,2,5.843533277511597,1.3932069009570114e-06,test_field
jax,128,512,64,1024,cpu,3,5.8572304248809814,1.3964725553705648e-06,test_field
jax,128,512,64,1024,cpu,4,5.849639654159546,1.3946627746008744e-06,test_field
jax,128,512,64,1024,gpu,0,0.173842191696167,4.144720833210158e-08,test_field
jax,128,512,64,1024,gpu,1,0.1713111400604248,4.0843758597475244e-08,test_field
jax,128,512,64,1024,gpu,2,0.17252206802368164,4.113246632186929e-08,test_field
jax,128,512,64,1024,gpu,3,0.1717967987060547,4.095954864169471e-08,test_field
jax,128,512,64,1024,gpu,4,0.17130613327026367,4.084256488567917e-08,test_field
torch,128,512,64,1024,cpu,0,10.787231683731079,2.5718764504745195e-06,test_field
torch,128,512,64,1024,cpu,1,11.12140417098999,2.651549380061624e-06,test_field
torch,128,512,64,1024,cpu,2,11.701138496398926,2.7897688141820254e-06,test_field
torch,128,512,64,1024,cpu,3,11.08548355102539,2.642985236889217e-06,test_field
torch,128,512,64,1024,cpu,4,11.682751178741455,2.785384936032642e-06,test_field
torch,128,512,64,1024,gpu,0,0.4542992115020752,1.0831337249328499e-07,test_field
torch,128,512,64,1024,gpu,1,0.45125484466552734,1.0758753887785133e-07,test_field
torch,128,512,64,1024,gpu,2,0.4522109031677246,1.0781548098748317e-07,test_field
torch,128,512,64,1024,gpu,3,0.45365238189697266,1.0815915629791562e-07,test_field
torch,128,512,64,1024,gpu,4,0.4536161422729492,1.0815051609824877e-07,test_field
gt4py,128,512,64,1024,cpu,0,1.4325976371765137,3.4155789307988016e-07,test_field
gt4py,128,512,64,1024,cpu,1,1.3847405910491943,3.3014788414220675e-07,test_field
gt4py,128,512,64,1024,cpu,2,1.4852514266967773,3.5411153476161417e-07,test_field
gt4py,128,512,64,1024,cpu,3,1.4115402698516846,3.3653742548267473e-07,test_field
gt4py,128,512,64,1024,cpu,4,1.473726511001587,3.5136378073730157e-07,test_field
cupy,128,512,64,1024,gpu,0,0.46540069580078125,1.1096017260570079e-07,test_field
cupy,128,512,64,1024,gpu,1,0.46811604499816895,1.1160756230310653e-07,test_field
cupy,128,512,64,1024,gpu,2,0.4654092788696289,1.1096221896877978e-07,test_field
cupy,128,512,64,1024,gpu,3,0.4647953510284424,1.108158471652132e-07,test_field
cupy,128,512,64,1024,gpu,4,0.46825361251831055,1.1164036095578922e-07,test_field
numpy,128,512,64,1024,cpu,0,44.720680236816406,1.0662241038517095e-05,test_field
numpy,128,512,64,1024,cpu,1,44.1436083316803,1.0524656374855113e-05,test_field
numpy,128,512,64,1024,cpu,2,44.32157778739929,1.0567087599611114e-05,test_field
numpy,128,512,64,1024,cpu,3,44.372032165527344,1.0579116860753857e-05,test_field
numpy,128,512,64,1024,cpu,4,45.111021518707275,1.0755305652310199e-05,test_field
fortran,128,512,64,1024,cpu,0,0.428991061,1.0227943921089173e-07,test_field
fortran,128,512,64,1024,cpu,1,0.419849189,1.0009984707832337e-07,test_field
fortran,128,512,64,1024,cpu,2,0.428149774,1.020788607597351e-07,test_field
fortran,128,512,64,1024,cpu,3,0.428400486,1.0213863515853882e-07,test_field
fortran,128,512,64,1024,cpu,4,0.434133373,1.0350546193122864e-07,test_field
numba,256,16,16,1024,cpu,0,0.12307143211364746,1.8779210222419351e-06,test_field
numba,256,16,16,1024,cpu,1,0.12546038627624512,1.914373569888994e-06,test_field
numba,256,16,16,1024,cpu,2,0.12396502494812012,1.8915561668109149e-06,test_field
numba,256,16,16,1024,cpu,3,0.1251208782196045,1.9091930880676955e-06,test_field
numba,256,16,16,1024,cpu,4,0.12551522254943848,1.915210305014625e-06,test_field
jax,256,16,16,1024,cpu,0,0.21526145935058594,3.284629201516509e-06,test_field
jax,256,16,16,1024,cpu,1,0.2178478240966797,3.32409399561584e-06,test_field
jax,256,16,16,1024,cpu,2,0.2153177261352539,3.2854877645149827e-06,test_field
jax,256,16,16,1024,cpu,3,0.21612071990966797,3.2977404771372676e-06,test_field
jax,256,16,16,1024,cpu,4,0.21459150314331055,3.2744064810685813e-06,test_field
jax,256,16,16,1024,gpu,0,0.12185502052307129,1.8593600543681532e-06,test_field
jax,256,16,16,1024,gpu,1,0.12050843238830566,1.8388127500656992e-06,test_field
jax,256,16,16,1024,gpu,2,0.12250399589538574,1.8692626326810569e-06,test_field
jax,256,16,16,1024,gpu,3,0.12189221382141113,1.8599275790620595e-06,test_field
jax,256,16,16,1024,gpu,4,0.12073802947998047,1.8423161236569285e-06,test_field
torch,256,16,16,1024,cpu,0,9.374396324157715,0.00014304193609859794,test_field
torch,256,16,16,1024,cpu,1,10.150411128997803,0.00015488298231502995,test_field
torch,256,16,16,1024,cpu,2,9.530073881149292,0.00014541738710249774,test_field
torch,256,16,16,1024,cpu,3,7.373196125030518,0.00011250604438828304,test_field
torch,256,16,16,1024,cpu,4,7.5985190868377686,0.00011594419993343763,test_field
torch,256,16,16,1024,gpu,0,0.2749450206756592,4.195328074274585e-06,test_field
torch,256,16,16,1024,gpu,1,0.3960280418395996,6.042908353265375e-06,test_field
torch,256,16,16,1024,gpu,2,0.3108837604522705,4.743709723697975e-06,test_field
torch,256,16,16,1024,gpu,3,0.32878541946411133,5.0168673624284565e-06,test_field
torch,256,16,16,1024,gpu,4,0.3172309398651123,4.840559995500371e-06,test_field
gt4py,256,16,16,1024,cpu,0,0.26881885528564453,4.101850208826363e-06,test_field
gt4py,256,16,16,1024,cpu,1,0.2626626491546631,4.007913958048448e-06,test_field
gt4py,256,16,16,1024,cpu,2,0.273101806640625,4.167202860116959e-06,test_field
gt4py,256,16,16,1024,cpu,3,0.27123141288757324,4.138662916375324e-06,test_field
gt4py,256,16,16,1024,cpu,4,0.26430249214172363,4.032935976283625e-06,test_field
cupy,256,16,16,1024,gpu,0,0.2632482051849365,4.016848833998665e-06,test_field
cupy,256,16,16,1024,gpu,1,0.2555091381072998,3.898760041920468e-06,test_field
cupy,256,16,16,1024,gpu,2,0.23191595077514648,3.5387565731070936e-06,test_field
cupy,256,16,16,1024,gpu,3,0.23340821266174316,3.5615266824606806e-06,test_field
cupy,256,16,16,1024,gpu,4,0.2668192386627197,4.071338480571285e-06,test_field
numpy,256,16,16,1024,cpu,0,0.452101469039917,6.898520950926468e-06,test_field
numpy,256,16,16,1024,cpu,1,0.44571709632873535,6.801103154430166e-06,test_field
numpy,256,16,16,1024,cpu,2,0.44362688064575195,6.769208994228393e-06,test_field
numpy,256,16,16,1024,cpu,3,0.446744441986084,6.816779205109924e-06,test_field
numpy,256,16,16,1024,cpu,4,0.4539647102355957,6.9269517553038895e-06,test_field
fortran,256,16,16,1024,cpu,0,0.025067637,3.825017852783203e-07,test_field
fortran,256,16,16,1024,cpu,1,0.027677352,4.223228759765625e-07,test_field
fortran,256,16,16,1024,cpu,2,0.027018235,4.122655487060547e-07,test_field
fortran,256,16,16,1024,cpu,3,0.025254064,3.85346435546875e-07,test_field
fortran,256,16,16,1024,cpu,4,0.026650598,4.066558532714844e-07,test_field
numba,256,16,32,1024,cpu,0,0.12871623039245605,9.820269042393193e-07,test_field
numba,256,16,32,1024,cpu,1,0.12973594665527344,9.898067219182849e-07,test_field
numba,256,16,32,1024,cpu,2,0.1303849220275879,9.947580110747367e-07,test_field
numba,256,16,32,1024,cpu,3,0.1316516399383545,1.0044223017757758e-06,test_field
numba,256,16,32,1024,cpu,4,0.13146400451660156,1.0029907571151853e-06,test_field
jax,256,16,32,1024,cpu,0,0.3137083053588867,2.3934044293127954e-06,test_field
jax,256,16,32,1024,cpu,1,0.3122074604034424,2.3819538910174742e-06,test_field
jax,256,16,32,1024,cpu,2,0.31299781799316406,2.3879838408902287e-06,test_field
jax,256,16,32,1024,cpu,3,0.3138906955718994,2.394795956206508e-06,test_field
jax,256,16,32,1024,cpu,4,0.31755733489990234,2.4227701942436397e-06,test_field
jax,256,16,32,1024,gpu,0,0.11790704727172852,8.995593816507608e-07,test_field
jax,256,16,32,1024,gpu,1,0.11850261688232422,9.041032171808183e-07,test_field
jax,256,16,32,1024,gpu,2,0.11557745933532715,8.817860361887142e-07,test_field
jax,256,16,32,1024,gpu,3,0.11862778663635254,9.050581866176799e-07,test_field
jax,256,16,32,1024,gpu,4,0.11672210693359375,8.905190043151379e-07,test_field
torch,256,16,32,1024,cpu,0,7.836261749267578,5.978593253530562e-05,test_field
torch,256,16,32,1024,cpu,1,10.15761399269104,7.74964446463855e-05,test_field
torch,256,16,32,1024,cpu,2,9.983375310897827,7.616710900038015e-05,test_field
torch,256,16,32,1024,cpu,3,9.042695760726929,6.899029358464759e-05,test_field
torch,256,16,32,1024,cpu,4,9.757827043533325,7.444631228281651e-05,test_field
torch,256,16,32,1024,gpu,0,0.3119852542877197,2.3802585928933695e-06,test_field
torch,256,16,32,1024,gpu,1,0.3905611038208008,2.979744749609381e-06,test_field
torch,256,16,32,1024,gpu,2,0.30487918853759766,2.3260436137206852e-06,test_field
torch,256,16,32,1024,gpu,3,0.2985842227935791,2.278016836498864e-06,test_field
torch,256,16,32,1024,gpu,4,0.29887890815734863,2.2802651074016467e-06,test_field
gt4py,256,16,32,1024,cpu,0,0.306628942489624,2.3393931769533083e-06,test_field
gt4py,256,16,32,1024,cpu,1,0.30926084518432617,2.359473000979051e-06,test_field
gt4py,256,16,32,1024,cpu,2,0.3077890872955322,2.3482443793909624e-06,test_field
gt4py,256,16,32,1024,cpu,3,0.30841898918151855,2.3530501493951306e-06,test_field
gt4py,256,16,32,1024,cpu,4,0.3078031539916992,2.3483516997657716e-06,test_field
cupy,256,16,32,1024,gpu,0,0.27016210556030273,2.061173290712759e-06,test_field
cupy,256,16,32,1024,gpu,1,0.2472226619720459,1.8861592252505943e-06,test_field
cupy,256,16,32,1024,gpu,2,0.27358245849609375,2.0872685126960278e-06,test_field
cupy,256,16,32,1024,gpu,3,0.2579047679901123,1.967657226487063e-06,test_field
cupy,256,16,32,1024,gpu,4,0.2448439598083496,1.8680111679714173e-06,test_field
numpy,256,16,32,1024,cpu,0,0.8437457084655762,6.437268893932924e-06,test_field
numpy,256,16,32,1024,cpu,1,0.8403921127319336,6.411682988982648e-06,test_field
numpy,256,16,32,1024,cpu,2,0.8399436473846436,6.408261469914578e-06,test_field
numpy,256,16,32,1024,cpu,3,0.8431165218353271,6.432468580896966e-06,test_field
numpy,256,16,32,1024,cpu,4,0.843517541885376,6.43552812107373e-06,test_field
fortran,256,16,32,1024,cpu,0,0.036621915,2.7940303802490233e-07,test_field
fortran,256,16,32,1024,cpu,1,0.038099824,2.906785888671875e-07,test_field
fortran,256,16,32,1024,cpu,2,0.036606141,2.792826919555664e-07,test_field
fortran,256,16,32,1024,cpu,3,0.035485949,2.7073630523681643e-07,test_field
fortran,256,16,32,1024,cpu,4,0.040046358,3.0552946472167967e-07,test_field
numba,256,16,64,1024,cpu,0,0.14624643325805664,5.578858690569177e-07,test_field
numba,256,16,64,1024,cpu,1,0.14485597610473633,5.52581695956178e-07,test_field
numba,256,16,64,1024,cpu,2,0.14313316345214844,5.460096872411668e-07,test_field
numba,256,16,64,1024,cpu,3,0.1429731845855713,5.453994162962772e-07,test_field
numba,256,16,64,1024,cpu,4,0.1466047763824463,5.592528395936824e-07,test_field
jax,256,16,64,1024,cpu,0,0.5103833675384521,1.946958036569413e-06,test_field
jax,256,16,64,1024,cpu,1,0.5095710754394531,1.9438593881204724e-06,test_field
jax,256,16,64,1024,cpu,2,0.5109767913818359,1.9492217688821256e-06,test_field
jax,256,16,64,1024,cpu,3,0.5133042335510254,1.958100256160833e-06,test_field
jax,256,16,64,1024,cpu,4,0.5138945579528809,1.9603521650424227e-06,test_field
jax,256,16,64,1024,gpu,0,0.129533052444458,4.941293809679337e-07,test_field
jax,256,16,64,1024,gpu,1,0.12995052337646484,4.957219061907381e-07,test_field
jax,256,16,64,1024,gpu,2,0.12828373908996582,4.893636287306435e-07,test_field
jax,256,16,64,1024,gpu,3,0.12875819206237793,4.911735231871717e-07,test_field
jax,256,16,64,1024,gpu,4,0.12839579582214355,4.897910912404768e-07,test_field
torch,256,16,64,1024,cpu,0,8.982658624649048,3.4266123293491546e-05,test_field
torch,256,16,64,1024,cpu,1,9.364473581314087,3.57226317646564e-05,test_field
torch,256,16,64,1024,cpu,2,10.15929102897644,3.875461970892502e-05,test_field
torch,256,16,64,1024,cpu,3,10.202632904052734,3.891995584126562e-05,test_field
torch,256,16,64,1024,cpu,4,7.581369638442993,2.892063002946088e-05,test_field
torch,256,16,64,1024,gpu,0,0.3544750213623047,1.3522148947231472e-06,test_field
torch,256,16,64,1024,gpu,1,0.27341771125793457,1.0430057955090888e-06,test_field
torch,256,16,64,1024,gpu,2,0.3160064220428467,1.205468834086787e-06,test_field
torch,256,16,64,1024,gpu,3,0.3168480396270752,1.2086793503840454e-06,test_field
torch,256,16,64,1024,gpu,4,0.3784162998199463,1.4435436241910793e-06,test_field
gt4py,256,16,64,1024,cpu,0,0.3782966136932373,1.4430870578507893e-06,test_field
gt4py,256,16,64,1024,cpu,1,0.37313079833984375,1.4233810361474752e-06,test_field
gt4py,256,16,64,1024,cpu,2,0.36881184577941895,1.4069055396248586e-06,test_field
gt4py,256,16,64,1024,cpu,3,0.3641395568847656,1.3890821719542146e-06,test_field
gt4py,256,16,64,1024,cpu,4,0.38694000244140625,1.4760589692741632e-06,test_field
cupy,256,16,64,1024,gpu,0,0.24802041053771973,9.461227818974294e-07,test_field
cupy,256,16,64,1024,gpu,1,0.2588310241699219,9.873620001599193e-07,test_field
cupy,256,16,64,1024,gpu,2,0.24766111373901367,9.447521733818576e-07,test_field
cupy,256,16,64,1024,gpu,3,0.2556459903717041,9.752120604389347e-07,test_field
cupy,256,16,64,1024,gpu,4,0.2627675533294678,1.002378667180892e-06,test_field
numpy,256,16,64,1024,cpu,0,1.6352980136871338,6.238166861294303e-06,test_field
numpy,256,16,64,1024,cpu,1,1.6260650157928467,6.202945769473445e-06,test_field
numpy,256,16,64,1024,cpu,2,1.6232225894927979,6.192102773638908e-06,test_field
numpy,256,16,64,1024,cpu,3,1.632188320159912,6.226304321899079e-06,test_field
numpy,256,16,64,1024,cpu,4,1.6166555881500244,6.167051651573274e-06,test_field
fortran,256,16,64,1024,cpu,0,0.057928593,2.2098004531860352e-07,test_field
fortran,256,16,64,1024,cpu,1,0.059266698,2.2608451080322265e-07,test_field
fortran,256,16,64,1024,cpu,2,0.060172303,2.29539119720459e-07,test_field
fortran,256,16,64,1024,cpu,3,0.059543201,2.2713928604125975e-07,test_field
fortran,256,16,64,1024,cpu,4,0.059533186,2.2710108184814454e-07,test_field
numba,256,32,16,1024,cpu,0,0.1411442756652832,1.0768453648779541e-06,test_field
numba,256,32,16,1024,cpu,1,0.14210224151611328,1.0841540643014014e-06,test_field
numba,256,32,16,1024,cpu,2,0.14166855812072754,1.0808453225763515e-06,test_field
numba,256,32,16,1024,cpu,3,0.14136028289794922,1.0784933692775667e-06,test_field
numba,256,32,16,1024,cpu,4,0.142014741897583,1.0834864951903e-06,test_field
jax,256,32,16,1024,cpu,0,0.3005533218383789,2.2930398699827492e-06,test_field
jax,256,32,16,1024,cpu,1,0.3002660274505615,2.2908479877514765e-06,test_field
jax,256,32,16,1024,cpu,2,0.29868602752685547,2.278793544974178e-06,test_field
jax,256,32,16,1024,cpu,3,0.29863905906677246,2.2784352040616795e-06,test_field
jax,256,32,16,1024,cpu,4,0.30065226554870605,2.2937947505852208e-06,test_field
jax,256,32,16,1024,gpu,0,0.11732220649719238,8.950974006438628e-07,test_field
jax,256,32,16,1024,gpu,1,0.11609697341918945,8.857496140990406e-07,test_field
jax,256,32,16,1024,gpu,2,0.11603593826293945,8.852839528117329e-07,test_field
jax,256,32,16,1024,gpu,3,0.11667895317077637,8.901897672330961e-07,test_field
jax,256,32,16,1024,gpu,4,0.11473298072814941,8.753431757213548e-07,test_field
torch,256,32,16,1024,cpu,0,6.065975666046143,4.6279721573228016e-05,test_field
torch,256,32,16,1024,cpu,1,7.24188756942749,5.525121741811745e-05,test_field
torch,256,32,16,1024,cpu,2,10.007859230041504,7.635390647919849e-05,test_field
torch,256,32,16,1024,cpu,3,7.319760084152222,5.5845337556093e-05,test_field
torch,256,32,16,1024,cpu,4,9.252412796020508,7.059030758682638e-05,test_field
torch,256,32,16,1024,gpu,0,0.30361509323120117,2.316399331903085e-06,test_field
torch,256,32,16,1024,gpu,1,0.26651811599731445,2.033371856668964e-06,test_field
torch,256,32,16,1024,gpu,2,0.3143467903137207,2.398275682935491e-06,test_field
torch,256,32,16,1024,gpu,3,0.31034040451049805,2.3677093849983066e-06,test_field
torch,256,32,16,1024,gpu,4,0.40570950508117676,3.095317879342474e-06,test_field
gt4py,256,32,16,1024,cpu,0,0.28672099113464355,2.1875075617572293e-06,test_field
gt4py,256,32,16,1024,cpu,1,0.28327488899230957,2.1612158889183775e-06,test_field
gt4py,256,32,16,1024,cpu,2,0.2769286632537842,2.112798028974794e-06,test_field
gt4py,256,32,16,1024,cpu,3,0.28516626358032227,2.1756459318567067e-06,test_field
gt4py,256,32,16,1024,cpu,4,0.2750391960144043,2.098382537951693e-06,test_field
cupy,256,32,16,1024,gpu,0,0.26689624786376953,2.0362567738629878e-06,test_field
cupy,256,32,16,1024,gpu,1,0.26345252990722656,2.0099832909181714e-06,test_field
cupy,256,32,16,1024,gpu,2,0.25234389305114746,1.9252311176387593e-06,test_field
cupy,256,32,16,1024,gpu,3,0.2545149326324463,1.941794835147448e-06,test_field
cupy,256,32,16,1024,gpu,4,0.2548999786376953,1.9447325030341744e-06,test_field
numpy,256,32,16,1024,cpu,0,0.8157274723052979,6.223506716196425e-06,test_field
numpy,256,32,16,1024,cpu,1,0.8072869777679443,6.159110853332095e-06,test_field
numpy,256,32,16,1024,cpu,2,0.8110675811767578,6.1879545683041215e-06,test_field
numpy,256,32,16,1024,cpu,3,0.8082616329193115,6.16654688201379e-06,test_field
numpy,256,32,16,1024,cpu,4,0.812415361404419,6.198237315402366e-06,test_field
fortran,256,32,16,1024,cpu,0,0.029049949,2.216335220336914e-07,test_field
fortran,256,32,16,1024,cpu,1,0.030242171,2.3072945404052736e-07,test_field
fortran,256,32,16,1024,cpu,2,0.023662552,1.8053094482421875e-07,test_field
fortran,256,32,16,1024,cpu,3,0.029449715,2.246834945678711e-07,test_field
fortran,256,32,16,1024,cpu,4,0.030518195,2.328353500366211e-07,test_field
numba,256,32,32,1024,cpu,0,0.15574884414672852,5.941346898907796e-07,test_field
numba,256,32,32,1024,cpu,1,0.15083932876586914,5.754063749918714e-07,test_field
numba,256,32,32,1024,cpu,2,0.15636062622070312,5.964684532955289e-07,test_field
numba,256,32,32,1024,cpu,3,0.1515800952911377,5.782321750302799e-07,test_field
numba,256,32,32,1024,cpu,4,0.15097451210021973,5.759220584877767e-07,test_field
jax,256,32,32,1024,cpu,0,0.49207520484924316,1.8771179384202696e-06,test_field
jax,256,32,32,1024,cpu,1,0.4906458854675293,1.871665517683141e-06,test_field
jax,256,32,32,1024,cpu,2,0.4909942150115967,1.8729942894424312e-06,test_field
jax,256,32,32,1024,cpu,3,0.4886813163757324,1.864171281340532e-06,test_field
jax,256,32,32,1024,cpu,4,0.4899568557739258,1.8690370779950172e-06,test_field
jax,256,32,32,1024,gpu,0,0.12955236434936523,4.942030500387773e-07,test_field
jax,256,32,32,1024,gpu,1,0.12781906127929688,4.875910235568881e-07,test_field
jax,256,32,32,1024,gpu,2,0.12896394729614258,4.919584171148017e-07,test_field
jax,256,32,32,1024,gpu,3,0.1283419132232666,4.895855454378761e-07,test_field
jax,256,32,32,1024,gpu,4,0.1299738883972168,4.958110366715118e-07,test_field
torch,256,32,32,1024,cpu,0,10.185475587844849,3.8854505874041934e-05,test_field
torch,256,32,32,1024,cpu,1,7.6802403926849365,2.9297792025317904e-05,test_field
torch,256,32,32,1024,cpu,2,5.896619558334351,2.2493818505608942e-05,test_field
torch,256,32,32,1024,cpu,3,5.8816423416137695,2.243668495793827e-05,test_field
torch,256,32,32,1024,cpu,4,9.97341799736023,3.804557036346523e-05,test_field
torch,256,32,32,1024,gpu,0,0.2788102626800537,1.0635767466737889e-06,test_field
torch,256,32,32,1024,gpu,1,0.3169271945953369,1.208981302625034e-06,test_field
torch,256,32,32,1024,gpu,2,0.3271770477294922,1.248081389348954e-06,test_field
torch,256,32,32,1024,gpu,3,0.3788485527038574,1.4451925380853936e-06,test_field
torch,256,32,32,1024,gpu,4,0.3413970470428467,1.3023263818467967e-06,test_field
gt4py,256,32,32,1024,cpu,0,0.33408522605895996,1.2744339983328246e-06,test_field
gt4py,256,32,32,1024,cpu,1,0.3429388999938965,1.3082080840831622e-06,test_field
gt4py,256,32,32,1024,cpu,2,0.3404066562652588,1.298548340855632e-06,test_field
gt4py,256,32,32,1024,cpu,3,0.34827136993408203,1.3285498425830156e-06,test_field
gt4py,256,32,32,1024,cpu,4,0.3316922187805176,1.2653054000111297e-06,test_field
cupy,256,32,32,1024,gpu,0,0.25379109382629395,9.681361916591413e-07,test_field
cupy,256,32,32,1024,gpu,1,0.2640657424926758,1.0073308658320457e-06,test_field
cupy,256,32,32,1024,gpu,2,0.26630091667175293,1.0158573786611669e-06,test_field
cupy,256,32,32,1024,gpu,3,0.24689221382141113,9.418190529686399e-07,test_field
cupy,256,32,32,1024,gpu,4,0.24749183654785156,9.441064321435988e-07,test_field
numpy,256,32,32,1024,cpu,0,1.5873515605926514,6.055265657778364e-06,test_field
numpy,256,32,32,1024,cpu,1,1.5650444030761719,5.970170604996383e-06,test_field
numpy,256,32,32,1024,cpu,2,1.5471131801605225,5.901768417970743e-06,test_field
numpy,256,32,32,1024,cpu,3,1.5470387935638428,5.90148465562379e-06,test_field
numpy,256,32,32,1024,cpu,4,1.5494022369384766,5.910500476602465e-06,test_field
fortran,256,32,32,1024,cpu,0,0.043193755,1.6477109909057617e-07,test_field
fortran,256,32,32,1024,cpu,1,0.045330747,1.7292307662963866e-07,test_field
fortran,256,32,32,1024,cpu,2,0.045086594,1.7199170684814453e-07,test_field
fortran,256,32,32,1024,cpu,3,0.045058147,1.718831901550293e-07,test_field
fortran,256,32,32,1024,cpu,4,0.04321785,1.6486301422119141e-07,test_field
numba,256,32,64,1024,cpu,0,0.18053245544433594,3.443383320700377e-07,test_field
numba,256,32,64,1024,cpu,1,0.17657876014709473,3.367972567502875e-07,test_field
numba,256,32,64,1024,cpu,2,0.1749134063720703,3.3362084650434554e-07,test_field
numba,256,32,64,1024,cpu,3,0.17683672904968262,3.3728929338394664e-07,test_field
numba,256,32,64,1024,cpu,4,0.1766955852508545,3.3702008295222186e-07,test_field
jax,256,32,64,1024,cpu,0,0.8624651432037354,1.6450217117380816e-06,test_field
jax,256,32,64,1024,cpu,1,0.8621690273284912,1.6444569155282807e-06,test_field
jax,256,32,64,1024,cpu,2,0.8574867248535156,1.6355261323042214e-06,test_field
jax,256,32,64,1024,cpu,3,0.8688154220581055,1.6571339074289426e-06,test_field
jax,256,32,64,1024,cpu,4,0.8589155673980713,1.638251433178084e-06,test_field
jax,256,32,64,1024,gpu,0,0.12963533401489258,2.4725977709749714e-07,test_field
jax,256,32,64,1024,gpu,1,0.13036036491394043,2.4864266379154287e-07,test_field
jax,256,32,64,1024,gpu,2,0.13171982765197754,2.512356331862975e-07,test_field
jax,256,32,64,1024,gpu,3,0.1313769817352295,2.5058170649572276e-07,test_field
jax,256,32,64,1024,gpu,4,0.13118338584899902,2.5021245164680295e-07,test_field
torch,256,32,64,1024,cpu,0,7.395312070846558,1.410543836755096e-05,test_field
torch,256,32,64,1024,cpu,1,9.049707412719727,1.7260947061004117e-05,test_field
torch,256,32,64,1024,cpu,2,7.752038955688477,1.4785840903641656e-05,test_field
torch,256,32,64,1024,cpu,3,7.675755023956299,1.4640340850746725e-05,test_field
torch,256,32,64,1024,cpu,4,10.00562334060669,1.9084211999143008e-05,test_field
torch,256,32,64,1024,gpu,0,0.3225522041320801,6.152195055619814e-07,test_field
torch,256,32,64,1024,gpu,1,0.35009288787841797,6.677491910522804e-07,test_field
torch,256,32,64,1024,gpu,2,0.32230472564697266,6.147474778117612e-07,test_field
torch,256,32,64,1024,gpu,3,0.3880033493041992,7.400576578220353e-07,test_field
torch,256,32,64,1024,gpu,4,0.3954298496246338,7.542225830547977e-07,test_field
gt4py,256,32,64,1024,cpu,0,0.4147369861602783,7.910480235295836e-07,test_field
gt4py,256,32,64,1024,cpu,1,0.405531644821167,7.734902283118572e-07,test_field
gt4py,256,32,64,1024,cpu,2,0.41162610054016113,7.85114480095217e-07,test_field
gt4py,256,32,64,1024,cpu,3,0.4101979732513428,7.823905434634071e-07,test_field
gt4py,256,32,64,1024,cpu,4,0.41464805603027344,7.908784027677029e-07,test_field
cupy,256,32,64,1024,gpu,0,0.24472332000732422,4.667726898333058e-07,test_field
cupy,256,32,64,1024,gpu,1,0.2713005542755127,5.174647412786726e-07,test_field
cupy,256,32,64,1024,gpu,2,0.2480623722076416,4.731414264824707e-07,test_field
cupy,256,32,64,1024,gpu,3,0.2618842124938965,4.995044946554117e-07,test_field
cupy,256,32,64,1024,gpu,4,0.2675001621246338,5.102160685055424e-07,test_field
numpy,256,32,64,1024,cpu,0,3.1926136016845703,6.089427188271657e-06,test_field
numpy,256,32,64,1024,cpu,1,3.1081185340881348,5.9282656366121955e-06,test_field
numpy,256,32,64,1024,cpu,2,3.0708746910095215,5.857228643435519e-06,test_field
numpy,256,32,64,1024,cpu,3,3.0806615352630615,5.875895567442058e-06,test_field
numpy,256,32,64,1024,cpu,4,3.0541908740997314,5.825406788062537e-06,test_field
fortran,256,32,64,1024,cpu,0,0.067278693,1.2832392311096192e-07,test_field
fortran,256,32,64,1024,cpu,1,0.070164207,1.3382760429382325e-07,test_field
fortran,256,32,64,1024,cpu,2,0.069734011,1.3300707054138183e-07,test_field
fortran,256,32,64,1024,cpu,3,0.070238444,1.3396920013427734e-07,test_field
fortran,256,32,64,1024,cpu,4,0.066754036,1.273232192993164e-07,test_field
numba,256,64,16,1024,cpu,0,0.1843709945678711,7.033195288386196e-07,test_field
numba,256,64,16,1024,cpu,1,0.18392539024353027,7.01619683241006e-07,test_field
numba,256,64,16,1024,cpu,2,0.1812288761138916,6.913332981639542e-07,test_field
numba,256,64,16,1024,cpu,3,0.18522953987121582,7.065946192597039e-07,test_field
numba,256,64,16,1024,cpu,4,0.18497538566589355,7.05625097907614e-07,test_field
jax,256,64,16,1024,cpu,0,0.4786503314971924,1.8259061107528396e-06,test_field
jax,256,64,16,1024,cpu,1,0.47957539558410645,1.8294349501957186e-06,test_field
jax,256,64,16,1024,cpu,2,0.4809739589691162,1.8347700461163186e-06,test_field
jax,256,64,16,1024,cpu,3,0.4829390048980713,1.842266101448331e-06,test_field
jax,256,64,16,1024,cpu,4,0.48006582260131836,1.8313057807972655e-06,test_field
jax,256,64,16,1024,gpu,0,0.13089346885681152,4.9931895773625e-07,test_field
jax,256,64,16,1024,gpu,1,0.12987136840820312,4.954199539497495e-07,test_field
jax,256,64,16,1024,gpu,2,0.12885427474975586,4.915400495519862e-07,test_field
jax,256,64,16,1024,gpu,3,0.12913846969604492,4.926241672364995e-07,test_field
jax,256,64,16,1024,gpu,4,0.12910175323486328,4.924841050524265e-07,test_field
torch,256,64,16,1024,cpu,0,7.548918724060059,2.879683961509727e-05,test_field
torch,256,64,16,1024,cpu,1,7.599579334259033,2.8990094506298192e-05,test_field
torch,256,64,16,1024,cpu,2,10.09779405593872,3.8520027374033816e-05,test_field
torch,256,64,16,1024,cpu,3,7.4725542068481445,2.8505532100098208e-05,test_field
torch,256,64,16,1024,cpu,4,7.8417603969573975,2.99139419439598e-05,test_field
torch,256,64,16,1024,gpu,0,0.30538487434387207,1.164950845122803e-06,test_field
torch,256,64,16,1024,gpu,1,0.33342576026916504,1.2719183359877206e-06,test_field
torch,256,64,16,1024,gpu,2,0.3769514560699463,1.4379556887433864e-06,test_field
torch,256,64,16,1024,gpu,3,0.28850436210632324,1.1005568012478761e-06,test_field
torch,256,64,16,1024,gpu,4,0.3211243152618408,1.2249920473550446e-06,test_field
gt4py,256,64,16,1024,cpu,0,0.31118345260620117,1.1870706657646224e-06,test_field
gt4py,256,64,16,1024,cpu,1,0.30716443061828613,1.1717393135768361e-06,test_field
gt4py,256,64,16,1024,cpu,2,0.3041093349456787,1.1600850484683178e-06,test_field
gt4py,256,64,16,1024,cpu,3,0.3000366687774658,1.1445490599726327e-06,test_field
gt4py,256,64,16,1024,cpu,4,0.3078804016113281,1.1744705261662602e-06,test_field
cupy,256,64,16,1024,gpu,0,0.25540781021118164,9.743034752318636e-07,test_field
cupy,256,64,16,1024,gpu,1,0.254058837890625,9.691575542092323e-07,test_field
cupy,256,64,16,1024,gpu,2,0.2508518695831299,9.569239409756847e-07,test_field
cupy,256,64,16,1024,gpu,3,0.25112247467041016,9.57956217462197e-07,test_field
cupy,256,64,16,1024,gpu,4,0.25223398208618164,9.621962817618623e-07,test_field
numpy,256,64,16,1024,cpu,0,1.5332152843475342,5.8487521528149955e-06,test_field
numpy,256,64,16,1024,cpu,1,1.508991003036499,5.756343853136059e-06,test_field
numpy,256,64,16,1024,cpu,2,1.5159523487091064,5.782899279438425e-06,test_field
numpy,256,64,16,1024,cpu,3,1.5055065155029297,5.7430515880696476e-06,test_field
numpy,256,64,16,1024,cpu,4,1.5084691047668457,5.754352969233878e-06,test_field
fortran,256,64,16,1024,cpu,0,0.037508428,1.430832977294922e-07,test_field
fortran,256,64,16,1024,cpu,1,0.037302833,1.4229901504516602e-07,test_field
fortran,256,64,16,1024,cpu,2,0.035879579,1.3686973190307618e-07,test_field
fortran,256,64,16,1024,cpu,3,0.038382066,1.4641596221923828e-07,test_field
fortran,256,64,16,1024,cpu,4,0.037247187,1.4208674240112305e-07,test_field
numba,256,64,32,1024,cpu,0,0.20172858238220215,3.8476673580589704e-07,test_field
numba,256,64,32,1024,cpu,1,0.19283652305603027,3.678064786072355e-07,test_field
numba,256,64,32,1024,cpu,2,0.19495105743408203,3.7183963286224753e-07,test_field
numba,256,64,32,1024,cpu,3,0.19517922401428223,3.7227482607704587e-07,test_field
numba,256,64,32,1024,cpu,4,0.20986080169677734,4.0027771319728345e-07,test_field
jax,256,64,32,1024,cpu,0,0.8367502689361572,1.5959744814608712e-06,test_field
jax,256,64,32,1024,cpu,1,0.8407971858978271,1.603693362994818e-06,test_field
jax,256,64,32,1024,cpu,2,0.8355491161346436,1.5936834643071052e-06,test_field
jax,256,64,32,1024,cpu,3,0.8376564979553223,1.5977029761415906e-06,test_field
jax,256,64,32,1024,cpu,4,0.840524435043335,1.603173132025404e-06,test_field
jax,256,64,32,1024,gpu,0,0.1321086883544922,2.519773261155933e-07,test_field
jax,256,64,32,1024,gpu,1,0.13150453567504883,2.50824996328447e-07,test_field
jax,256,64,32,1024,gpu,2,0.1314537525177002,2.507281351427082e-07,test_field
jax,256,64,32,1024,gpu,3,0.13113975524902344,2.501292328815907e-07,test_field
jax,256,64,32,1024,gpu,4,0.13187718391418457,2.5153576643788256e-07,test_field
torch,256,64,32,1024,cpu,0,7.433420181274414,1.41781238198746e-05,test_field
torch,256,64,32,1024,cpu,1,9.89885425567627,1.888056613097433e-05,test_field
torch,256,64,32,1024,cpu,2,10.18700385093689,1.943016786754015e-05,test_field
torch,256,64,32,1024,cpu,3,10.416382789611816,1.9867673472617753e-05,test_field
torch,256,64,32,1024,cpu,4,7.5437397956848145,1.4388541785592679e-05,test_field
torch,256,64,32,1024,gpu,0,0.3919332027435303,7.475532584066968e-07,test_field
torch,256,64,32,1024,gpu,1,0.3152499198913574,6.012915036990307e-07,test_field
torch,256,64,32,1024,gpu,2,0.3829336166381836,7.303879101527855e-07,test_field
torch,256,64,32,1024,gpu,3,0.33829283714294434,6.452423804148566e-07,test_field
torch,256,64,32,1024,gpu,4,0.3926100730895996,7.488442861358635e-07,test_field
gt4py,256,64,32,1024,cpu,0,0.383481502532959,7.314329195651226e-07,test_field
gt4py,256,64,32,1024,cpu,1,0.37630367279052734,7.177422958193347e-07,test_field
gt4py,256,64,32,1024,cpu,2,0.3862948417663574,7.367989383055829e-07,test_field
gt4py,256,64,32,1024,cpu,3,0.37780070304870605,7.205976544355508e-07,test_field
gt4py,256,64,32,1024,cpu,4,0.37847471237182617,7.218832251965068e-07,test_field
cupy,256,64,32,1024,gpu,0,0.2623281478881836,5.003512342227623e-07,test_field
cupy,256,64,32,1024,gpu,1,0.24745917320251465,4.7199091568472795e-07,test_field
cupy,256,64,32,1024,gpu,2,0.25005459785461426,4.76941295346478e-07,test_field
cupy,256,64,32,1024,gpu,3,0.23602890968322754,4.501894181885291e-07,test_field
cupy,256,64,32,1024,gpu,4,0.270662784576416,5.162482921150513e-07,test_field
numpy,256,64,32,1024,cpu,0,3.0987231731414795,5.910345407755813e-06,test_field
numpy,256,64,32,1024,cpu,1,3.0034027099609375,5.728536052629352e-06,test_field
numpy,256,64,32,1024,cpu,2,3.040858030319214,5.799976406706264e-06,test_field
numpy,256,64,32,1024,cpu,3,3.0189335346221924,5.758158749813447e-06,test_field
numpy,256,64,32,1024,cpu,4,3.0031087398529053,5.727975349145709e-06,test_field
fortran,256,64,32,1024,cpu,0,0.051710522,9.86299934387207e-08,test_field
fortran,256,64,32,1024,cpu,1,0.055593606,1.0603638839721679e-07,test_field
fortran,256,64,32,1024,cpu,2,0.053161775,1.0139803886413574e-07,test_field
fortran,256,64,32,1024,cpu,3,0.052659998,1.0044097518920898e-07,test_field
fortran,256,64,32,1024,cpu,4,0.056241971,1.0727304649353028e-07,test_field
numba,256,64,64,1024,cpu,0,0.24055790901184082,2.2941389943298418e-07,test_field
numba,256,64,64,1024,cpu,1,0.2387537956237793,2.2769336283090524e-07,test_field
numba,256,64,64,1024,cpu,2,0.23942852020263672,2.283368303324096e-07,test_field
numba,256,64,64,1024,cpu,3,0.23973703384399414,2.2863105186843313e-07,test_field
numba,256,64,64,1024,cpu,4,0.2404618263244629,2.2932226784178056e-07,test_field
jax,256,64,64,1024,cpu,0,1.5509119033813477,1.4790648492635228e-06,test_field
jax,256,64,64,1024,cpu,1,1.5458400249481201,1.474227929065819e-06,test_field
jax,256,64,64,1024,cpu,2,1.5487911701202393,1.4770423604204552e-06,test_field
jax,256,64,64,1024,cpu,3,1.5489921569824219,1.4772340364288539e-06,test_field
jax,256,64,64,1024,cpu,4,1.5461366176605225,1.4745107819180703e-06,test_field
jax,256,64,64,1024,gpu,0,0.13794374465942383,1.3155340639059432e-07,test_field
jax,256,64,64,1024,gpu,1,0.1349802017211914,1.2872715160483494e-07,test_field
jax,256,64,64,1024,gpu,2,0.13653898239135742,1.302137206948828e-07,test_field
jax,256,64,64,1024,gpu,3,0.13765263557434082,1.3127578313287813e-07,test_field
jax,256,64,64,1024,gpu,4,0.1356966495513916,1.2941040949954186e-07,test_field
torch,256,64,64,1024,cpu,0,7.723409175872803,7.365616966126254e-06,test_field
torch,256,64,64,1024,cpu,1,9.61565637588501,9.170204521069536e-06,test_field
torch,256,64,64,1024,cpu,2,10.061015844345093,9.594932407708257e-06,test_field
torch,256,64,64,1024,cpu,3,5.9040021896362305,5.630495252262335e-06,test_field
torch,256,64,64,1024,cpu,4,7.816036939620972,7.4539536853990285e-06,test_field
torch,256,64,64,1024,gpu,0,0.40245580673217773,3.8381176636903547e-07,test_field
torch,256,64,64,1024,gpu,1,0.38633155822753906,3.684344846988097e-07,test_field
torch,256,64,64,1024,gpu,2,0.3724822998046875,3.552268026396632e-07,test_field
torch,256,64,64,1024,gpu,3,0.3627960681915283,3.4598929232743103e-07,test_field
torch,256,64,64,1024,gpu,4,0.412250280380249,3.931525043299189e-07,test_field
gt4py,256,64,64,1024,cpu,0,0.5111198425292969,4.874418664257973e-07,test_field
gt4py,256,64,64,1024,cpu,1,0.49926304817199707,4.7613434617232997e-07,test_field
gt4py,256,64,64,1024,cpu,2,0.5027987957000732,4.795062977791531e-07,test_field
gt4py,256,64,64,1024,cpu,3,0.499218225479126,4.7609159992134664e-07,test_field
gt4py,256,64,64,1024,cpu,4,0.515662670135498,4.917742444376927e-07,test_field
cupy,256,64,64,1024,gpu,0,0.2575361728668213,2.456056336086476e-07,test_field
cupy,256,64,64,1024,gpu,1,0.25164198875427246,2.3998450160434004e-07,test_field
cupy,256,64,64,1024,gpu,2,0.2487645149230957,2.3724032871541567e-07,test_field
cupy,256,64,64,1024,gpu,3,0.2618718147277832,2.497404238965828e-07,test_field
cupy,256,64,64,1024,gpu,4,0.2617611885070801,2.4963492251117714e-07,test_field
numpy,256,64,64,1024,cpu,0,6.17508339881897,5.889018439120264e-06,test_field
numpy,256,64,64,1024,cpu,1,6.219307899475098,5.931194209551904e-06,test_field
numpy,256,64,64,1024,cpu,2,6.0265820026397705,5.747396471633692e-06,test_field
numpy,256,64,64,1024,cpu,3,6.049921274185181,5.769654535470181e-06,test_field
numpy,256,64,64,1024,cpu,4,6.2697837352752686,5.9793317177536665e-06,test_field
fortran,256,64,64,1024,cpu,0,0.087908643,8.383621501922607e-08,test_field
fortran,256,64,64,1024,cpu,1,0.088545327,8.444340419769286e-08,test_field
fortran,256,64,64,1024,cpu,2,0.088941571,8.482129192352295e-08,test_field
fortran,256,64,64,1024,cpu,3,0.088141371,8.405816173553466e-08,test_field
fortran,256,64,64,1024,cpu,4,0.088346357,8.425365161895752e-08,test_field
numba,256,128,16,1024,cpu,0,0.2554614543914795,4.872540557698812e-07,test_field
numba,256,128,16,1024,cpu,1,0.25437283515930176,4.851776793657336e-07,test_field
numba,256,128,16,1024,cpu,2,0.25757455825805664,4.91284481540788e-07,test_field
numba,256,128,16,1024,cpu,3,0.2716214656829834,5.180768312129658e-07,test_field
numba,256,128,16,1024,cpu,4,0.26723670959472656,5.097135726828128e-07,test_field
jax,256,128,16,1024,cpu,0,0.8300807476043701,1.5832533790671732e-06,test_field
jax,256,128,16,1024,cpu,1,0.8320386409759521,1.5869877643126529e-06,test_field
jax,256,128,16,1024,cpu,2,0.8288824558258057,1.5809678188816179e-06,test_field
jax,256,128,16,1024,cpu,3,0.8270895481109619,1.5775481188029516e-06,test_field
jax,256,128,16,1024,cpu,4,0.826077938079834,1.5756186257931404e-06,test_field
jax,256,128,16,1024,gpu,0,0.1268932819366455,2.420297278149519e-07,test_field
jax,256,128,16,1024,gpu,1,0.13066530227661133,2.4922428565332666e-07,test_field
jax,256,128,16,1024,gpu,2,0.13177895545959473,2.5134841052931733e-07,test_field
jax,256,128,16,1024,gpu,3,0.131439208984375,2.507003955543041e-07,test_field
jax,256,128,16,1024,gpu,4,0.13010954856872559,2.481642695784103e-07,test_field
torch,256,128,16,1024,cpu,0,5.8172993659973145,1.1095617992396e-05,test_field
torch,256,128,16,1024,cpu,1,9.598092555999756,1.8306908714293968e-05,test_field
torch,256,128,16,1024,cpu,2,9.896305322647095,1.8875704427046003e-05,test_field
torch,256,128,16,1024,cpu,3,7.663741827011108,1.4617427495977608e-05,test_field
torch,256,128,16,1024,cpu,4,7.2119927406311035,1.375578449369641e-05,test_field
torch,256,128,16,1024,gpu,0,0.29309797286987305,5.590400178334676e-07,test_field
torch,256,128,16,1024,gpu,1,0.3236227035522461,6.172613211674616e-07,test_field
torch,256,128,16,1024,gpu,2,0.3371701240539551,6.431009751395322e-07,test_field
torch,256,128,16,1024,gpu,3,0.3509643077850342,6.694112926197704e-07,test_field
torch,256,128,16,1024,gpu,4,0.39460015296936035,7.526400622737128e-07,test_field
gt4py,256,128,16,1024,cpu,0,0.3507804870605469,6.690606824122369e-07,test_field
gt4py,256,128,16,1024,cpu,1,0.35675597190856934,6.804580152675044e-07,test_field
gt4py,256,128,16,1024,cpu,2,0.35642099380493164,6.798190952395089e-07,test_field
gt4py,256,128,16,1024,cpu,3,0.3767666816711426,7.186254151747562e-07,test_field
gt4py,256,128,16,1024,cpu,4,0.34680986404418945,6.614873200305738e-07,test_field
cupy,256,128,16,1024,gpu,0,0.2606523036956787,4.971548150933813e-07,test_field
cupy,256,128,16,1024,gpu,1,0.26116275787353516,4.981284291716293e-07,test_field
cupy,256,128,16,1024,gpu,2,0.25316810607910156,4.828798410017043e-07,test_field
cupy,256,128,16,1024,gpu,3,0.25342392921447754,4.833677849092055e-07,test_field
cupy,256,128,16,1024,gpu,4,0.24726414680480957,4.716189323517028e-07,test_field
numpy,256,128,16,1024,cpu,0,3.017582654953003,5.755582151323324e-06,test_field
numpy,256,128,16,1024,cpu,1,2.9215312004089355,5.572378540819045e-06,test_field
numpy,256,128,16,1024,cpu,2,2.932966709136963,5.5941900427569635e-06,test_field
numpy,256,128,16,1024,cpu,3,2.9411098957061768,5.609721938526491e-06,test_field
numpy,256,128,16,1024,cpu,4,2.968568801879883,5.662095645675436e-06,test_field
fortran,256,128,16,1024,cpu,0,0.055457386,1.0577656936645507e-07,test_field
fortran,256,128,16,1024,cpu,1,0.056028376,1.0686564636230468e-07,test_field
fortran,256,128,16,1024,cpu,2,0.053944471,1.0289091300964356e-07,test_field
fortran,256,128,16,1024,cpu,3,0.053740637,1.0250213050842285e-07,test_field
fortran,256,128,16,1024,cpu,4,0.053231949,1.0153188514709473e-07,test_field
numba,256,128,32,1024,cpu,0,0.289628267288208,2.7621103981800843e-07,test_field
numba,256,128,32,1024,cpu,1,0.2938377857208252,2.8022554943163414e-07,test_field
numba,256,128,32,1024,cpu,2,0.29366397857666016,2.80059794022236e-07,test_field
numba,256,128,32,1024,cpu,3,0.29228758811950684,2.7874716579390224e-07,test_field
numba,256,128,32,1024,cpu,4,0.2954277992248535,2.8174190447316505e-07,test_field
jax,256,128,32,1024,cpu,0,1.5280001163482666,1.4572144664271036e-06,test_field
jax,256,128,32,1024,cpu,1,1.5252659320831299,1.4546069451171206e-06,test_field
jax,256,128,32,1024,cpu,2,1.5246062278747559,1.4539778021571692e-06,test_field
jax,256,128,32,1024,cpu,3,1.526475191116333,1.4557601843989687e-06,test_field
jax,256,128,32,1024,cpu,4,1.532193899154663,1.46121396937815e-06,test_field
jax,256,128,32,1024,gpu,0,0.13754487037658691,1.311730102315778e-07,test_field
jax,256,128,32,1024,gpu,1,0.13745951652526855,1.3109161045576911e-07,test_field
jax,256,128,32,1024,gpu,2,0.13779664039611816,1.3141311683284584e-07,test_field
jax,256,128,32,1024,gpu,3,0.13707256317138672,1.3072258298052475e-07,test_field
jax,256,128,32,1024,gpu,4,0.13774681091308594,1.313655957346782e-07,test_field
torch,256,128,32,1024,cpu,0,10.148609161376953,9.678467904450372e-06,test_field
torch,256,128,32,1024,cpu,1,9.660191059112549,9.212676104652928e-06,test_field
torch,256,128,32,1024,cpu,2,10.083613395690918,9.616483112040441e-06,test_field
torch,256,128,32,1024,cpu,3,7.714160442352295,7.35679668650846e-06,test_field
torch,256,128,32,1024,cpu,4,7.772233247756958,7.412179229504545e-06,test_field
torch,256,128,32,1024,gpu,0,0.3858339786529541,3.6795995583815966e-07,test_field
torch,256,128,32,1024,gpu,1,0.38717222213745117,3.692362042784225e-07,test_field
torch,256,128,32,1024,gpu,2,0.3069264888763428,2.927079094661167e-07,test_field
torch,256,128,32,1024,gpu,3,0.41701364517211914,3.976952029915992e-07,test_field
torch,256,128,32,1024,gpu,4,0.3199803829193115,3.0515707294398453e-07,test_field
gt4py,256,128,32,1024,cpu,0,0.45958924293518066,4.382984570838744e-07,test_field
gt4py,256,128,32,1024,cpu,1,0.4706883430480957,4.4888338379678316e-07,test_field
gt4py,256,128,32,1024,cpu,2,0.4619932174682617,4.405910658533685e-07,test_field
gt4py,256,128,32,1024,cpu,3,0.4756889343261719,4.536523192655295e-07,test_field
gt4py,256,128,32,1024,cpu,4,0.47012972831726074,4.4835064727521967e-07,test_field
cupy,256,128,32,1024,gpu,0,0.2656996250152588,2.533909082558239e-07,test_field
cupy,256,128,32,1024,gpu,1,0.2551920413970947,2.4337009563168976e-07,test_field
cupy,256,128,32,1024,gpu,2,0.23971295356750488,2.2860808712721337e-07,test_field
cupy,256,128,32,1024,gpu,3,0.24403071403503418,2.327258243894903e-07,test_field
cupy,256,128,32,1024,gpu,4,0.24550795555114746,2.3413463168253656e-07,test_field
numpy,256,128,32,1024,cpu,0,5.948055744171143,5.672507995768683e-06,test_field
numpy,256,128,32,1024,cpu,1,6.13027548789978,5.846286285304814e-06,test_field
numpy,256,128,32,1024,cpu,2,6.164775133132935,5.8791877108888e-06,test_field
numpy,256,128,32,1024,cpu,3,6.110966920852661,5.827872200825368e-06,test_field
numpy,256,128,32,1024,cpu,4,6.201358079910278,5.91407592764881e-06,test_field
fortran,256,128,32,1024,cpu,0,0.07977567,7.608000755310059e-08,test_field
fortran,256,128,32,1024,cpu,1,0.081802265,7.801271915435791e-08,test_field
fortran,256,128,32,1024,cpu,2,0.080461057,7.673364353179932e-08,test_field
fortran,256,128,32,1024,cpu,3,0.080206601,7.649097537994385e-08,test_field
fortran,256,128,32,1024,cpu,4,0.084520649,8.06051721572876e-08,test_field
numba,256,128,64,1024,cpu,0,0.3559541702270508,1.697321749816183e-07,test_field
numba,256,128,64,1024,cpu,1,0.3617415428161621,1.724918092804728e-07,test_field
numba,256,128,64,1024,cpu,2,0.35828280448913574,1.7084255432564532e-07,test_field
numba,256,128,64,1024,cpu,3,0.35849571228027344,1.7094407667173073e-07,test_field
numba,256,128,64,1024,cpu,4,0.3576977252960205,1.7056356682587648e-07,test_field
jax,256,128,64,1024,cpu,0,2.9199650287628174,1.392347826367768e-06,test_field
jax,256,128,64,1024,cpu,1,2.9351704120635986,1.3995983181303018e-06,test_field
jax,256,128,64,1024,cpu,2,2.903357982635498,1.3844289696862688e-06,test_field
jax,256,128,64,1024,cpu,3,2.9057343006134033,1.3855620863978402e-06,test_field
jax,256,128,64,1024,cpu,4,2.9021952152252197,1.3838745189787005e-06,test_field
jax,256,128,64,1024,gpu,0,0.14620423316955566,6.971561106183799e-08,test_field
jax,256,128,64,1024,gpu,1,0.14565682411193848,6.945458608242916e-08,test_field
jax,256,128,64,1024,gpu,2,0.1461036205291748,6.966763521631947e-08,test_field
jax,256,128,64,1024,gpu,3,0.14443278312683105,6.887091785756638e-08,test_field
jax,256,128,64,1024,gpu,4,0.14525437355041504,6.926268270035507e-08,test_field
torch,256,128,64,1024,cpu,0,7.758505344390869,3.6995436403230997e-06,test_field
torch,256,128,64,1024,cpu,1,7.644760608673096,3.645305923782871e-06,test_field
torch,256,128,64,1024,cpu,2,7.8937389850616455,3.7640280652340152e-06,test_field
torch,256,128,64,1024,cpu,3,9.376728057861328,4.471172360354103e-06,test_field
torch,256,128,64,1024,cpu,4,7.4109296798706055,3.5338066481926944e-06,test_field
torch,256,128,64,1024,gpu,0,0.39042091369628906,1.86167198990006e-07,test_field
torch,256,128,64,1024,gpu,1,0.3057537078857422,1.4579472917830572e-07,test_field
torch,256,128,64,1024,gpu,2,0.30368566513061523,1.4480860954790842e-07,test_field
torch,256,128,64,1024,gpu,3,0.2841160297393799,1.3547708022088045e-07,test_field
torch,256,128,64,1024,gpu,4,0.35021042823791504,1.6699334537406685e-07,test_field
gt4py,256,128,64,1024,cpu,0,0.7735450267791748,3.6885501231154194e-07,test_field
gt4py,256,128,64,1024,cpu,1,0.6646127700805664,3.169120645907242e-07,test_field
gt4py,256,128,64,1024,cpu,2,0.6844446659088135,3.2636864943924593e-07,test_field
gt4py,256,128,64,1024,cpu,3,0.6793179512023926,3.23924041367718e-07,test_field
gt4py,256,128,64,1024,cpu,4,0.6988790035247803,3.33251477968588e-07,test_field
cupy,256,128,64,1024,gpu,0,0.24375438690185547,1.162311491498258e-07,test_field
cupy,256,128,64,1024,gpu,1,0.2391057014465332,1.1401448318792973e-07,test_field
cupy,256,128,64,1024,gpu,2,0.2443256378173828,1.1650354281300679e-07,test_field
cupy,256,128,64,1024,gpu,3,0.24731922149658203,1.179309947474394e-07,test_field
cupy,256,128,64,1024,gpu,4,0.2440648078918457,1.1637916941253934e-07,test_field
numpy,256,128,64,1024,cpu,0,13.573923826217651,6.472551262959314e-06,test_field
numpy,256,128,64,1024,cpu,1,13.493191480636597,6.434055080717371e-06,test_field
numpy,256,128,64,1024,cpu,2,13.344949007034302,6.363367560879851e-06,test_field
numpy,256,128,64,1024,cpu,3,13.421658992767334,6.3999457324825926e-06,test_field
numpy,256,128,64,1024,cpu,4,13.505249500274658,6.439804792535142e-06,test_field
fortran,256,128,64,1024,cpu,0,0.173457202,8.271083927154541e-08,test_field
fortran,256,128,64,1024,cpu,1,0.173119421,8.25497727394104e-08,test_field
fortran,256,128,64,1024,cpu,2,0.169130226,8.064757633209228e-08,test_field
fortran,256,128,64,1024,cpu,3,0.172012189,8.202180337905884e-08,test_field
fortran,256,128,64,1024,cpu,4,0.166668989,7.94739670753479e-08,test_field
numba,256,256,16,1024,cpu,0,0.44185328483581543,4.2138412936765235e-07,test_field
numba,256,256,16,1024,cpu,1,0.43366003036499023,4.135704330110457e-07,test_field
numba,256,256,16,1024,cpu,2,0.4491450786590576,4.2833812585740816e-07,test_field
numba,256,256,16,1024,cpu,3,0.4614851474761963,4.4010653255099896e-07,test_field
numba,256,256,16,1024,cpu,4,0.42922472953796387,4.0934060052677523e-07,test_field
jax,256,256,16,1024,cpu,0,1.507678747177124,1.4378344985743752e-06,test_field
jax,256,256,16,1024,cpu,1,1.5130796432495117,1.4429851944441907e-06,test_field
jax,256,256,16,1024,cpu,2,1.5114717483520508,1.4414517863770016e-06,test_field
jax,256,256,16,1024,cpu,3,1.5070087909698486,1.4371955785463797e-06,test_field
jax,256,256,16,1024,cpu,4,1.5095593929290771,1.4396280221262714e-06,test_field
jax,256,256,16,1024,gpu,0,0.13685870170593262,1.3051862879365217e-07,test_field
jax,256,256,16,1024,gpu,1,0.13632559776306152,1.300102212553611e-07,test_field
jax,256,256,16,1024,gpu,2,0.1362309455871582,1.2991995390621014e-07,test_field
jax,256,256,16,1024,gpu,3,0.13524746894836426,1.289820374950068e-07,test_field
jax,256,256,16,1024,gpu,4,0.1355571746826172,1.2927739589940757e-07,test_field
torch,256,256,16,1024,cpu,0,7.608258247375488,7.2558004831080325e-06,test_field
torch,256,256,16,1024,cpu,1,10.16772985458374,9.696702818473568e-06,test_field
torch,256,256,16,1024,cpu,2,7.402332067489624,7.0594139742752304e-06,test_field
torch,256,256,16,1024,cpu,3,7.489147901535034,7.142208005461725e-06,test_field
torch,256,256,16,1024,cpu,4,7.44784951210022,7.1028227921488e-06,test_field
torch,256,256,16,1024,gpu,0,0.33036351203918457,3.150591965095373e-07,test_field
torch,256,256,16,1024,gpu,1,0.39512014389038086,3.768159331229981e-07,test_field
torch,256,256,16,1024,gpu,2,0.3005838394165039,2.866590875783004e-07,test_field
torch,256,256,16,1024,gpu,3,0.38289499282836914,3.6515712054097094e-07,test_field
torch,256,256,16,1024,gpu,4,0.3738703727722168,3.565505721780937e-07,test_field
gt4py,256,256,16,1024,cpu,0,0.44904112815856934,4.282389909349149e-07,test_field
gt4py,256,256,16,1024,cpu,1,0.4544975757598877,4.334426648711087e-07,test_field
gt4py,256,256,16,1024,cpu,2,0.4488708972930908,4.2807664613064844e-07,test_field
gt4py,256,256,16,1024,cpu,3,0.44366979598999023,4.2311648940085433e-07,test_field
gt4py,256,256,16,1024,cpu,4,0.44584059715270996,4.2518672671576496e-07,test_field
cupy,256,256,16,1024,gpu,0,0.25217247009277344,2.4049040803220123e-07,test_field
cupy,256,256,16,1024,gpu,1,0.24748611450195312,2.3602115106768906e-07,test_field
cupy,256,256,16,1024,gpu,2,0.26238274574279785,2.5022768568305764e-07,test_field
cupy,256,256,16,1024,gpu,3,0.24483704566955566,2.334948021598393e-07,test_field
cupy,256,256,16,1024,gpu,4,0.23924756050109863,2.2816425371274818e-07,test_field
numpy,256,256,16,1024,cpu,0,5.971469879150391,5.694837454939261e-06,test_field
numpy,256,256,16,1024,cpu,1,5.9687817096710205,5.692273816748639e-06,test_field
numpy,256,256,16,1024,cpu,2,6.084322214126587,5.802461828352534e-06,test_field
numpy,256,256,16,1024,cpu,3,5.8287084102630615,5.558689508688985e-06,test_field
numpy,256,256,16,1024,cpu,4,5.913222551345825,5.639288474412751e-06,test_field
fortran,256,256,16,1024,cpu,0,0.088306329,8.421547794342041e-08,test_field
fortran,256,256,16,1024,cpu,1,0.088622288,8.45167999267578e-08,test_field
fortran,256,256,16,1024,cpu,2,0.093515134,8.918298149108887e-08,test_field
fortran,256,256,16,1024,cpu,3,0.089262749,8.512759113311768e-08,test_field
fortran,256,256,16,1024,cpu,4,0.087437843,8.338722515106201e-08,test_field
numba,256,256,32,1024,cpu,0,0.46508073806762695,2.2176777747517917e-07,test_field
numba,256,256,32,1024,cpu,1,0.47441720962524414,2.2621975404035766e-07,test_field
numba,256,256,32,1024,cpu,2,0.47107911109924316,2.246280246254173e-07,test_field
numba,256,256,32,1024,cpu,3,0.45239901542663574,2.157206608899287e-07,test_field
numba,256,256,32,1024,cpu,4,0.4709970951080322,2.2458891635324107e-07,test_field
jax,256,256,32,1024,cpu,0,2.8958771228790283,1.3808618177790777e-06,test_field
jax,256,256,32,1024,cpu,1,2.8930246829986572,1.3795016684525763e-06,test_field
jax,256,256,32,1024,cpu,2,2.8821184635162354,1.3743011777478387e-06,test_field
jax,256,256,32,1024,cpu,3,2.8831639289855957,1.374799694531248e-06,test_field
jax,256,256,32,1024,cpu,4,2.89199161529541,1.3790090633847285e-06,test_field
jax,256,256,32,1024,gpu,0,0.14792275428771973,7.05350657881354e-08,test_field
jax,256,256,32,1024,gpu,1,0.14610576629638672,6.966865839785896e-08,test_field
jax,256,256,32,1024,gpu,2,0.14797592163085938,7.056041795294732e-08,test_field
jax,256,256,32,1024,gpu,3,0.14882540702819824,7.096548415574944e-08,test_field
jax,256,256,32,1024,gpu,4,0.14787626266479492,7.051289685477968e-08,test_field
torch,256,256,32,1024,cpu,0,7.5223493576049805,3.5869356906914618e-06,test_field
torch,256,256,32,1024,cpu,1,9.494265079498291,4.527218379735132e-06,test_field
torch,256,256,32,1024,cpu,2,10.245490789413452,4.885430712420202e-06,test_field
torch,256,256,32,1024,cpu,3,7.345936298370361,3.5028153888561064e-06,test_field
torch,256,256,32,1024,cpu,4,7.765117406845093,3.7026965173936333e-06,test_field
torch,256,256,32,1024,gpu,0,0.3921325206756592,1.8698335679800948e-07,test_field
torch,256,256,32,1024,gpu,1,0.27545833587646484,1.313487700826954e-07,test_field
torch,256,256,32,1024,gpu,2,0.3112161159515381,1.4839940831734566e-07,test_field
torch,256,256,32,1024,gpu,3,0.26839351654052734,1.2798000170732848e-07,test_field
torch,256,256,32,1024,gpu,4,0.3224294185638428,1.537463276690687e-07,test_field
gt4py,256,256,32,1024,cpu,0,0.7390248775482178,3.523945224515046e-07,test_field
gt4py,256,256,32,1024,cpu,1,0.6490859985351562,3.0950832297094166e-07,test_field
gt4py,256,256,32,1024,cpu,2,0.6467268466949463,3.0838339171168627e-07,test_field
gt4py,256,256,32,1024,cpu,3,0.6404092311859131,3.053709178857389e-07,test_field
gt4py,256,256,32,1024,cpu,4,0.630422830581665,3.006090310009313e-07,test_field
cupy,256,256,32,1024,gpu,0,0.24809837341308594,1.1830252333311364e-07,test_field
cupy,256,256,32,1024,gpu,1,0.23998284339904785,1.1443273706390755e-07,test_field
cupy,256,256,32,1024,gpu,2,0.2544088363647461,1.2131158655392937e-07,test_field
cupy,256,256,32,1024,gpu,3,0.25221991539001465,1.2026782769680722e-07,test_field
cupy,256,256,32,1024,gpu,4,0.24232196807861328,1.1554811862879433e-07,test_field
numpy,256,256,32,1024,cpu,0,13.275885820388794,6.330435667223355e-06,test_field
numpy,256,256,32,1024,cpu,1,13.207470655441284,6.297812774391787e-06,test_field
numpy,256,256,32,1024,cpu,2,13.236273765563965,6.311547167570097e-06,test_field
numpy,256,256,32,1024,cpu,3,13.33404803276062,6.3581695712855435e-06,test_field
numpy,256,256,32,1024,cpu,4,13.627574682235718,6.498133984678134e-06,test_field
fortran,256,256,32,1024,cpu,0,0.171742614,8.189326000213622e-08,test_field
fortran,256,256,32,1024,cpu,1,0.141891602,6.765918827056885e-08,test_field
fortran,256,256,32,1024,cpu,2,0.157009359,7.486789655685424e-08,test_field
fortran,256,256,32,1024,cpu,3,0.147481163,7.032449865341186e-08,test_field
fortran,256,256,32,1024,cpu,4,0.163593098,7.800726795196533e-08,test_field
numba,256,256,64,1024,cpu,0,0.4913361072540283,1.1714365655279835e-07,test_field
numba,256,256,64,1024,cpu,1,0.4982626438140869,1.1879507155754254e-07,test_field
numba,256,256,64,1024,cpu,2,0.49276137351989746,1.1748346651074826e-07,test_field
numba,256,256,64,1024,cpu,3,0.48970675468444824,1.1675518862830359e-07,test_field
numba,256,256,64,1024,cpu,4,0.5008327960968018,1.1940784361286205e-07,test_field
jax,256,256,64,1024,cpu,0,5.67401909828186,1.35279157120749e-06,test_field
jax,256,256,64,1024,cpu,1,5.677232980728149,1.3535578204937337e-06,test_field
jax,256,256,64,1024,cpu,2,5.665593862533569,1.3507828384717868e-06,test_field
jax,256,256,64,1024,cpu,3,5.69707465171814,1.358288443498168e-06,test_field
jax,256,256,64,1024,cpu,4,5.684306621551514,1.355244307887915e-06,test_field
jax,256,256,64,1024,gpu,0,0.17171764373779297,4.094067662663292e-08,test_field
jax,256,256,64,1024,gpu,1,0.17142224311828613,4.087024763066438e-08,test_field
jax,256,256,64,1024,gpu,2,0.1720130443572998,4.101110562260146e-08,test_field
jax,256,256,64,1024,gpu,3,0.17154669761657715,4.089991989530972e-08,test_field
jax,256,256,64,1024,gpu,4,0.17303991317749023,4.125593022763496e-08,test_field
torch,256,256,64,1024,cpu,0,9.185883522033691,2.190085297115729e-06,test_field
torch,256,256,64,1024,cpu,1,9.391972064971924,2.239220634692174e-06,test_field
torch,256,256,64,1024,cpu,2,11.22766399383545,2.676883696040022e-06,test_field
torch,256,256,64,1024,cpu,3,9.121693849563599,2.174781286612415e-06,test_field
torch,256,256,64,1024,cpu,4,10.7548987865448,2.56416768706913e-06,test_field
torch,256,256,64,1024,gpu,0,0.44535040855407715,1.0617981160976342e-07,test_field
torch,256,256,64,1024,gpu,1,0.44867968559265137,1.0697357311073574e-07,test_field
torch,256,256,64,1024,gpu,2,0.448718786239624,1.0698289543142891e-07,test_field
torch,256,256,64,1024,gpu,3,0.44576120376586914,1.0627775282046059e-07,test_field
torch,256,256,64,1024,gpu,4,0.447307825088501,1.0664649607861065e-07,test_field
gt4py,256,256,64,1024,cpu,0,1.0148262977600098,2.419534439468407e-07,test_field
gt4py,256,256,64,1024,cpu,1,0.9873948097229004,2.3541326754639158e-07,test_field
gt4py,256,256,64,1024,cpu,2,0.9365639686584473,2.232942506452673e-07,test_field
gt4py,256,256,64,1024,cpu,3,0.9619948863983154,2.293574539180554e-07,test_field
gt4py,256,256,64,1024,cpu,4,0.9650712013244629,2.300909045516164e-07,test_field
cupy,256,256,64,1024,gpu,0,0.4619138240814209,1.1012883760486147e-07,test_field
cupy,256,256,64,1024,gpu,1,0.4591548442840576,1.094710455618042e-07,test_field
cupy,256,256,64,1024,gpu,2,0.4606165885925293,1.0981955256283982e-07,test_field
cupy,256,256,64,1024,gpu,3,0.45937347412109375,1.0952317097689956e-07,test_field
cupy,256,256,64,1024,gpu,4,0.45939087867736816,1.095273205464764e-07,test_field
numpy,256,256,64,1024,cpu,0,40.759881258010864,9.717912973883358e-06,test_field
numpy,256,256,64,1024,cpu,1,39.99109101295471,9.534619096029928e-06,test_field
numpy,256,256,64,1024,cpu,2,40.515488624572754,9.659645229476155e-06,test_field
numpy,256,256,64,1024,cpu,3,40.55616784095764,9.669343910445605e-06,test_field
numpy,256,256,64,1024,cpu,4,40.31045126914978,9.610760514533467e-06,test_field
fortran,256,256,64,1024,cpu,0,0.280668097,6.691648888587952e-08,test_field
fortran,256,256,64,1024,cpu,1,0.295549607,7.046451735496521e-08,test_field
fortran,256,256,64,1024,cpu,2,0.283801029,6.766343808174133e-08,test_field
fortran,256,256,64,1024,cpu,3,0.277088939,6.606315112113952e-08,test_field
fortran,256,256,64,1024,cpu,4,0.276498333,6.592233967781067e-08,test_field
numba,256,512,16,1024,cpu,0,0.6703858375549316,3.196648776793154e-07,test_field
numba,256,512,16,1024,cpu,1,0.6769623756408691,3.2280081541102845e-07,test_field
numba,256,512,16,1024,cpu,2,0.6789884567260742,3.2376692615798675e-07,test_field
numba,256,512,16,1024,cpu,3,0.6733031272888184,3.210559498256771e-07,test_field
numba,256,512,16,1024,cpu,4,0.6783180236816406,3.2344723877031356e-07,test_field
jax,256,512,16,1024,cpu,0,2.880976676940918,1.3737567314819898e-06,test_field
jax,256,512,16,1024,cpu,1,2.886277198791504,1.3762842172582168e-06,test_field
jax,256,512,16,1024,cpu,2,2.884584903717041,1.3754772680840688e-06,test_field
jax,256,512,16,1024,cpu,3,2.8997278213500977,1.3826979738951195e-06,test_field
jax,256,512,16,1024,cpu,4,2.894792318344116,1.3803445426674443e-06,test_field
jax,256,512,16,1024,gpu,0,0.1484992504119873,7.080996056174627e-08,test_field
jax,256,512,16,1024,gpu,1,0.14614176750183105,6.968582511035493e-08,test_field
jax,256,512,16,1024,gpu,2,0.14633631706237793,6.977859356993577e-08,test_field
jax,256,512,16,1024,gpu,3,0.1475841999053955,7.03736304785707e-08,test_field
jax,256,512,16,1024,gpu,4,0.14782404899597168,7.048799943731865e-08,test_field
torch,256,512,16,1024,cpu,0,10.309641599655151,4.916020202472282e-06,test_field
torch,256,512,16,1024,cpu,1,9.831162452697754,4.687863565777661e-06,test_field
torch,256,512,16,1024,cpu,2,7.444271564483643,3.5497052977007115e-06,test_field
torch,256,512,16,1024,cpu,3,10.027726411819458,4.78159256545041e-06,test_field
torch,256,512,16,1024,cpu,4,7.318872451782227,3.489910341158975e-06,test_field
torch,256,512,16,1024,gpu,0,0.30866551399230957,1.471831865273998e-07,test_field
torch,256,512,16,1024,gpu,1,0.26241636276245117,1.2512987268564757e-07,test_field
torch,256,512,16,1024,gpu,2,0.3008873462677002,1.434742671335698e-07,test_field
torch,256,512,16,1024,gpu,3,0.38491129875183105,1.8354000985709717e-07,test_field
torch,256,512,16,1024,gpu,4,0.4026341438293457,1.919909209391335e-07,test_field
gt4py,256,512,16,1024,cpu,0,0.6328418254852295,3.017624976564548e-07,test_field
gt4py,256,512,16,1024,cpu,1,0.6870725154876709,3.276217057646136e-07,test_field
gt4py,256,512,16,1024,cpu,2,0.6429026126861572,3.0655985483463155e-07,test_field
gt4py,256,512,16,1024,cpu,3,0.6246821880340576,2.978716793222702e-07,test_field
gt4py,256,512,16,1024,cpu,4,0.6249971389770508,2.9802185963490047e-07,test_field
cupy,256,512,16,1024,gpu,0,0.24811434745788574,1.1831014035124099e-07,test_field
cupy,256,512,16,1024,gpu,1,0.24728965759277344,1.1791689757956192e-07,test_field
cupy,256,512,16,1024,gpu,2,0.24251365661621094,1.1563952284632251e-07,test_field
cupy,256,512,16,1024,gpu,3,0.24042534828186035,1.1464373983471887e-07,test_field
cupy,256,512,16,1024,gpu,4,0.24147248268127441,1.1514305242599221e-07,test_field
numpy,256,512,16,1024,cpu,0,13.096795797348022,6.245038889574062e-06,test_field
numpy,256,512,16,1024,cpu,1,13.363323211669922,6.372129064402543e-06,test_field
numpy,256,512,16,1024,cpu,2,13.21935248374939,6.303478471636481e-06,test_field
numpy,256,512,16,1024,cpu,3,13.033935785293579,6.215064900061407e-06,test_field
numpy,256,512,16,1024,cpu,4,13.167849779129028,6.278920068325533e-06,test_field
fortran,256,512,16,1024,cpu,0,0.143582452,6.84654483795166e-08,test_field
fortran,256,512,16,1024,cpu,1,0.145502619,6.938105535507202e-08,test_field
fortran,256,512,16,1024,cpu,2,0.145966862,6.960242366790772e-08,test_field
fortran,256,512,16,1024,cpu,3,0.148826137,7.096583223342895e-08,test_field
fortran,256,512,16,1024,cpu,4,0.154199769,7.352817964553832e-08,test_field
numba,256,512,32,1024,cpu,0,0.7194576263427734,1.7153206499642693e-07,test_field
numba,256,512,32,1024,cpu,1,0.722092866897583,1.7216035530509544e-07,test_field
numba,256,512,32,1024,cpu,2,0.7178792953491211,1.7115576156356838e-07,test_field
numba,256,512,32,1024,cpu,3,0.725400447845459,1.7294894405495143e-07,test_field
numba,256,512,32,1024,cpu,4,0.729198694229126,1.7385451656082296e-07,test_field
jax,256,512,32,1024,cpu,0,5.612078428268433,1.3380237646742899e-06,test_field
jax,256,512,32,1024,cpu,1,5.665911674499512,1.3508586107491283e-06,test_field
jax,256,512,32,1024,cpu,2,5.651600122451782,1.3474464708451706e-06,test_field
jax,256,512,32,1024,cpu,3,5.662327289581299,1.3500040267899749e-06,test_field
jax,256,512,32,1024,cpu,4,5.6470701694488525,1.3463664458868152e-06,test_field
jax,256,512,32,1024,gpu,0,0.17542529106140137,4.182464863333735e-08,test_field
jax,256,512,32,1024,gpu,1,0.17407536506652832,4.150280119574745e-08,test_field
jax,256,512,32,1024,gpu,2,0.17508411407470703,4.174330570094753e-08,test_field
jax,256,512,32,1024,gpu,3,0.17368698120117188,4.1410203266423196e-08,test_field
jax,256,512,32,1024,gpu,4,0.1758584976196289,4.1927933125407435e-08,test_field
torch,256,512,32,1024,cpu,0,11.128649711608887,2.653276851560804e-06,test_field
torch,256,512,32,1024,cpu,1,9.156452894210815,2.183068488648132e-06,test_field
torch,256,512,32,1024,cpu,2,10.169152736663818,2.4245149461421533e-06,test_field
torch,256,512,32,1024,cpu,3,8.821205854415894,2.103139365772222e-06,test_field
torch,256,512,32,1024,cpu,4,10.986856937408447,2.6194708198090666e-06,test_field
torch,256,512,32,1024,gpu,0,0.4489614963531494,1.0704076203182922e-07,test_field
torch,256,512,32,1024,gpu,1,0.4445838928222656,1.0599706001812592e-07,test_field
torch,256,512,32,1024,gpu,2,0.44468116760253906,1.0602025213302113e-07,test_field
torch,256,512,32,1024,gpu,3,0.4445962905883789,1.0600001587590668e-07,test_field
torch,256,512,32,1024,gpu,4,0.4480152130126953,1.0681515050237067e-07,test_field
gt4py,256,512,32,1024,cpu,0,0.9548571109771729,2.2765567564420053e-07,test_field
gt4py,256,512,32,1024,cpu,1,0.9671025276184082,2.305752104803105e-07,test_field
gt4py,256,512,32,1024,cpu,2,0.9486901760101318,2.2618536377194687e-07,test_field
gt4py,256,512,32,1024,cpu,3,0.9406552314758301,2.2426968371291878e-07,test_field
gt4py,256,512,32,1024,cpu,4,0.943795919418335,2.250184820695722e-07,test_field
cupy,256,512,32,1024,gpu,0,0.45797133445739746,1.0918887483057915e-07,test_field
cupy,256,512,32,1024,gpu,1,0.4586143493652344,1.0934218153124675e-07,test_field
cupy,256,512,32,1024,gpu,2,0.4610719680786133,1.0992812349286396e-07,test_field
cupy,256,512,32,1024,gpu,3,0.45910072326660156,1.094581421057228e-07,test_field
cupy,256,512,32,1024,gpu,4,0.45826196670532227,1.0925816695817048e-07,test_field
numpy,256,512,32,1024,cpu,0,39.84756255149841,9.500399244188884e-06,test_field
numpy,256,512,32,1024,cpu,1,40.02599477767944,9.542940802020894e-06,test_field
numpy,256,512,32,1024,cpu,2,40.48313546180725,9.651931634380162e-06,test_field
numpy,256,512,32,1024,cpu,3,39.96664333343506,9.528790315016522e-06,test_field
numpy,256,512,32,1024,cpu,4,40.11389923095703,9.563898856868036e-06,test_field
fortran,256,512,32,1024,cpu,0,0.280288958,6.682609510421752e-08,test_field
fortran,256,512,32,1024,cpu,1,0.288723458,6.883703660964966e-08,test_field
fortran,256,512,32,1024,cpu,2,0.285016369,6.795319771766662e-08,test_field
fortran,256,512,32,1024,cpu,3,0.286217997,6.823968815803528e-08,test_field
fortran,256,512,32,1024,cpu,4,0.286460102,6.829741048812866e-08,test_field
numba,256,512,64,1024,cpu,0,1.1094729900360107,1.3225948691797385e-07,test_field
numba,256,512,64,1024,cpu,1,1.119011640548706,1.3339658266886545e-07,test_field
numba,256,512,64,1024,cpu,2,1.124302625656128,1.3402731724454497e-07,test_field
numba,256,512,64,1024,cpu,3,1.1144862174987793,1.3285711020216695e-07,test_field
numba,256,512,64,1024,cpu,4,1.14556884765625,1.3656244846060872e-07,test_field
jax,256,512,64,1024,cpu,0,11.25508451461792,1.3417106288216019e-06,test_field
jax,256,512,64,1024,cpu,1,11.33195185661316,1.3508739300505113e-06,test_field
jax,256,512,64,1024,cpu,2,11.33068323135376,1.350722698134632e-06,test_field
jax,256,512,64,1024,cpu,3,11.348357915878296,1.3528296847198362e-06,test_field
jax,256,512,64,1024,cpu,4,11.343039274215698,1.3521956532258628e-06,test_field
jax,256,512,64,1024,gpu,0,0.227874755859375,2.716478775255382e-08,test_field
jax,256,512,64,1024,gpu,1,0.22738075256347656,2.7105897970614024e-08,test_field
jax,256,512,64,1024,gpu,2,0.2270050048828125,2.7061105356551707e-08,test_field
jax,256,512,64,1024,gpu,3,0.22880864143371582,2.7276115588392713e-08,test_field
jax,256,512,64,1024,gpu,4,0.22785711288452148,2.716268454605597e-08,test_field
torch,256,512,64,1024,cpu,0,10.82554817199707,1.2905059065815294e-06,test_field
torch,256,512,64,1024,cpu,1,13.16301703453064,1.569153909031229e-06,test_field
torch,256,512,64,1024,cpu,2,12.269345760345459,1.4626199913436722e-06,test_field
torch,256,512,64,1024,cpu,3,10.72541618347168,1.2785692433681106e-06,test_field
torch,256,512,64,1024,cpu,4,11.619094610214233,1.3851040137069504e-06,test_field
torch,256,512,64,1024,gpu,0,0.8291382789611816,9.884098517431994e-08,test_field
torch,256,512,64,1024,gpu,1,0.8324275016784668,9.923309107762179e-08,test_field
torch,256,512,64,1024,gpu,2,0.8320567607879639,9.918889531945752e-08,test_field
torch,256,512,64,1024,gpu,3,0.832465410232544,9.923761012942123e-08,test_field
torch,256,512,64,1024,gpu,4,0.8289294242858887,9.88160877568589e-08,test_field
gt4py,256,512,64,1024,cpu,0,1.5345301628112793,1.829302505029773e-07,test_field
gt4py,256,512,64,1024,cpu,1,1.539839267730713,1.8356314512857352e-07,test_field
gt4py,256,512,64,1024,cpu,2,1.4969367980957031,1.7844877220341004e-07,test_field
gt4py,256,512,64,1024,cpu,3,1.5671155452728271,1.868147307959589e-07,test_field
gt4py,256,512,64,1024,cpu,4,1.510871171951294,1.8010987901107e-07,test_field
cupy,256,512,64,1024,gpu,0,0.8542766571044922,1.0183771337324288e-07,test_field
cupy,256,512,64,1024,gpu,1,0.8526797294616699,1.0164734476347803e-07,test_field
cupy,256,512,64,1024,gpu,2,0.8557109832763672,1.0200869837717619e-07,test_field
cupy,256,512,64,1024,gpu,3,0.8549292087554932,1.0191550359195389e-07,test_field
cupy,256,512,64,1024,gpu,4,0.8526942729949951,1.0164907848775329e-07,test_field
numpy,256,512,64,1024,cpu,0,94.20564365386963,1.1230187851651863e-05,test_field
numpy,256,512,64,1024,cpu,1,93.3903317451477,1.113299509825083e-05,test_field
numpy,256,512,64,1024,cpu,2,93.26082110404968,1.111755622673627e-05,test_field
numpy,256,512,64,1024,cpu,3,94.20889925956726,1.1230575950094135e-05,test_field
numpy,256,512,64,1024,cpu,4,94.45608854293823,1.1260043208949355e-05,test_field
fortran,256,512,64,1024,cpu,0,0.391298269,4.664638864994049e-08,test_field
fortran,256,512,64,1024,cpu,1,0.395343556,4.71286244392395e-08,test_field
fortran,256,512,64,1024,cpu,2,0.38470397,4.5860286951065064e-08,test_field
fortran,256,512,64,1024,cpu,3,0.39298753,4.684776425361633e-08,test_field
fortran,256,512,64,1024,cpu,4,0.387464303,4.618934428691864e-08,test_field
numba,512,16,16,1024,cpu,0,0.13386011123657227,1.0212716006208211e-06,test_field
numba,512,16,16,1024,cpu,1,0.14262771606445312,1.0881631169468164e-06,test_field
numba,512,16,16,1024,cpu,2,0.14216828346252441,1.0846579243661836e-06,test_field
numba,512,16,16,1024,cpu,3,0.1409595012664795,1.075435648090206e-06,test_field
numba,512,16,16,1024,cpu,4,0.14066576957702637,1.0731946531450376e-06,test_field
jax,512,16,16,1024,cpu,0,0.3200492858886719,2.441782271489501e-06,test_field
jax,512,16,16,1024,cpu,1,0.30631566047668457,2.337003024877049e-06,test_field
jax,512,16,16,1024,cpu,2,0.30459022521972656,2.3238389985635877e-06,test_field
jax,512,16,16,1024,cpu,3,0.30544257164001465,2.330341885681264e-06,test_field
jax,512,16,16,1024,cpu,4,0.305217981338501,2.328628397663124e-06,test_field
jax,512,16,16,1024,gpu,0,0.11775040626525879,8.983643056126311e-07,test_field
jax,512,16,16,1024,gpu,1,0.11557865142822266,8.817951311357319e-07,test_field
jax,512,16,16,1024,gpu,2,0.11559391021728516,8.819115464575589e-07,test_field
jax,512,16,16,1024,gpu,3,0.11547040939331055,8.809693099465221e-07,test_field
jax,512,16,16,1024,gpu,4,0.11721229553222656,8.942588465288281e-07,test_field
torch,512,16,16,1024,cpu,0,10.34246039390564,7.890671076893341e-05,test_field
torch,512,16,16,1024,cpu,1,7.555874824523926,5.764675006503239e-05,test_field
torch,512,16,16,1024,cpu,2,10.289724588394165,7.85043685027631e-05,test_field
torch,512,16,16,1024,cpu,3,5.904240608215332,4.504578100750223e-05,test_field
torch,512,16,16,1024,cpu,4,7.341409683227539,5.601051088888198e-05,test_field
torch,512,16,16,1024,gpu,0,0.2702751159667969,2.0620354916900396e-06,test_field
torch,512,16,16,1024,gpu,1,0.3375706672668457,2.575459802756086e-06,test_field
torch,512,16,16,1024,gpu,2,0.37870025634765625,2.8892536647617817e-06,test_field
torch,512,16,16,1024,gpu,3,0.3031322956085205,2.3127158783609048e-06,test_field
torch,512,16,16,1024,gpu,4,0.3089461326599121,2.3570719349663705e-06,test_field
gt4py,512,16,16,1024,cpu,0,0.2873992919921875,2.1926825866103172e-06,test_field
gt4py,512,16,16,1024,cpu,1,0.29079771041870117,2.21861046156846e-06,test_field
gt4py,512,16,16,1024,cpu,2,0.2923848628997803,2.2307194740278646e-06,test_field
gt4py,512,16,16,1024,cpu,3,0.2887859344482422,2.20326182898134e-06,test_field
gt4py,512,16,16,1024,cpu,4,0.2896437644958496,2.209806552855298e-06,test_field
cupy,512,16,16,1024,gpu,0,0.26062870025634766,1.9884391804225743e-06,test_field
cupy,512,16,16,1024,gpu,1,0.2564048767089844,1.956213964149356e-06,test_field
cupy,512,16,16,1024,gpu,2,0.24347305297851562,1.8575519789010286e-06,test_field
cupy,512,16,16,1024,gpu,3,0.2390003204345703,1.8234277376905084e-06,test_field
cupy,512,16,16,1024,gpu,4,0.2472994327545166,1.886744939838536e-06,test_field
numpy,512,16,16,1024,cpu,0,0.8075227737426758,6.160909833852202e-06,test_field
numpy,512,16,16,1024,cpu,1,0.8017551898956299,6.116906661191024e-06,test_field
numpy,512,16,16,1024,cpu,2,0.8112335205078125,6.189220584928989e-06,test_field
numpy,512,16,16,1024,cpu,3,0.804633378982544,6.1388655012706295e-06,test_field
numpy,512,16,16,1024,cpu,4,0.8112800121307373,6.189575287862681e-06,test_field
fortran,512,16,16,1024,cpu,0,0.02907225,2.2180366516113282e-07,test_field
fortran,512,16,16,1024,cpu,1,0.030857284,2.3542239379882812e-07,test_field
fortran,512,16,16,1024,cpu,2,0.031520624,2.404832763671875e-07,test_field
fortran,512,16,16,1024,cpu,3,0.029841827,2.276750717163086e-07,test_field
fortran,512,16,16,1024,cpu,4,0.031301879,2.388143844604492e-07,test_field
numba,512,16,32,1024,cpu,0,0.15010714530944824,5.726133167627268e-07,test_field
numba,512,16,32,1024,cpu,1,0.15084624290466309,5.754327503382228e-07,test_field
numba,512,16,32,1024,cpu,2,0.1482224464416504,5.654237611452118e-07,test_field
numba,512,16,32,1024,cpu,3,0.14916062355041504,5.690026227966882e-07,test_field
numba,512,16,32,1024,cpu,4,0.1495652198791504,5.705460353055969e-07,test_field
jax,512,16,32,1024,cpu,0,0.49663305282592773,1.8945047486340627e-06,test_field
jax,512,16,32,1024,cpu,1,0.5007374286651611,1.9101616999250837e-06,test_field
jax,512,16,32,1024,cpu,2,0.4954981803894043,1.8901755538536236e-06,test_field
jax,512,16,32,1024,cpu,3,0.49800944328308105,1.8997552615473978e-06,test_field
jax,512,16,32,1024,cpu,4,0.49521636962890625,1.889100531116128e-06,test_field
jax,512,16,32,1024,gpu,0,0.1292428970336914,4.93022525915876e-07,test_field
jax,512,16,32,1024,gpu,1,0.1289668083190918,4.91969331051223e-07,test_field
jax,512,16,32,1024,gpu,2,0.129349946975708,4.934308890369721e-07,test_field
jax,512,16,32,1024,gpu,3,0.13014626502990723,4.964686013408937e-07,test_field
jax,512,16,32,1024,gpu,4,0.12581872940063477,4.799603630090132e-07,test_field
torch,512,16,32,1024,cpu,0,9.246421337127686,3.527229819155764e-05,test_field
torch,512,16,32,1024,cpu,1,10.073254346847534,3.8426415812864434e-05,test_field
torch,512,16,32,1024,cpu,2,9.99297022819519,3.8120156204968225e-05,test_field
torch,512,16,32,1024,cpu,3,9.832914590835571,3.750959240278462e-05,test_field
torch,512,16,32,1024,cpu,4,9.467287540435791,3.6114835893386044e-05,test_field
torch,512,16,32,1024,gpu,0,0.3063335418701172,1.1685697245411575e-06,test_field
torch,512,16,32,1024,gpu,1,0.3755955696105957,1.4327833923744038e-06,test_field
torch,512,16,32,1024,gpu,2,0.3630387783050537,1.384883034916129e-06,test_field
torch,512,16,32,1024,gpu,3,0.266430139541626,1.0163503247895278e-06,test_field
torch,512,16,32,1024,gpu,4,0.32813334465026855,1.2517293725977652e-06,test_field
gt4py,512,16,32,1024,cpu,0,0.33182668685913086,1.2658183550229296e-06,test_field
gt4py,512,16,32,1024,cpu,1,0.3193247318267822,1.2181271813460626e-06,test_field
gt4py,512,16,32,1024,cpu,2,0.3446328639984131,1.314670043939259e-06,test_field
gt4py,512,16,32,1024,cpu,3,0.33435845375061035,1.2754762792610563e-06,test_field
gt4py,512,16,32,1024,cpu,4,0.3372669219970703,1.2865712051279843e-06,test_field
cupy,512,16,32,1024,gpu,0,0.2434985637664795,9.28873305383604e-07,test_field
cupy,512,16,32,1024,gpu,1,0.24423432350158691,9.316800060332753e-07,test_field
cupy,512,16,32,1024,gpu,2,0.24850225448608398,9.479608706897125e-07,test_field
cupy,512,16,32,1024,gpu,3,0.23867535591125488,9.104742275667377e-07,test_field
cupy,512,16,32,1024,gpu,4,0.23380446434020996,8.918932508095168e-07,test_field
numpy,512,16,32,1024,cpu,0,1.6014213562011719,6.1089376686140895e-06,test_field
numpy,512,16,32,1024,cpu,1,1.5754709243774414,6.009944627294317e-06,test_field
numpy,512,16,32,1024,cpu,2,1.5736892223358154,6.003147973387968e-06,test_field
numpy,512,16,32,1024,cpu,3,1.5559005737304688,5.935289664193988e-06,test_field
numpy,512,16,32,1024,cpu,4,1.5383427143096924,5.868311745871324e-06,test_field
fortran,512,16,32,1024,cpu,0,0.043699974,1.667021713256836e-07,test_field
fortran,512,16,32,1024,cpu,1,0.045061054,1.7189427947998048e-07,test_field
fortran,512,16,32,1024,cpu,2,0.04538258,1.731208038330078e-07,test_field
fortran,512,16,32,1024,cpu,3,0.04537122,1.730774688720703e-07,test_field
fortran,512,16,32,1024,cpu,4,0.046491379,1.7735053634643554e-07,test_field
numba,512,16,64,1024,cpu,0,0.16213345527648926,3.092450242547784e-07,test_field
numba,512,16,64,1024,cpu,1,0.16177630424499512,3.085638127231505e-07,test_field
numba,512,16,64,1024,cpu,2,0.16591978073120117,3.1646686693420634e-07,test_field
numba,512,16,64,1024,cpu,3,0.16753768920898438,3.195527824573219e-07,test_field
numba,512,16,64,1024,cpu,4,0.17184209823608398,3.277627911302261e-07,test_field
jax,512,16,64,1024,cpu,0,0.8789989948272705,1.6765575310273562e-06,test_field
jax,512,16,64,1024,cpu,1,0.8807525634765625,1.6799021977931261e-06,test_field
jax,512,16,64,1024,cpu,2,0.8824388980865479,1.683118625805946e-06,test_field
jax,512,16,64,1024,cpu,3,0.8823156356811523,1.6828835214255378e-06,test_field
jax,512,16,64,1024,cpu,4,0.8867883682250977,1.6914145817281678e-06,test_field
jax,512,16,64,1024,gpu,0,0.12984991073608398,2.4766904971329495e-07,test_field
jax,512,16,64,1024,gpu,1,0.1316542625427246,2.511105776648037e-07,test_field
jax,512,16,64,1024,gpu,2,0.13144707679748535,2.507154022168834e-07,test_field
jax,512,16,64,1024,gpu,3,0.13153839111328125,2.508895704522729e-07,test_field
jax,512,16,64,1024,gpu,4,0.13133716583251953,2.505057636881247e-07,test_field
torch,512,16,64,1024,cpu,0,8.591078042984009,1.6386180959671037e-05,test_field
torch,512,16,64,1024,cpu,1,11.293188571929932,2.1540047782764304e-05,test_field
torch,512,16,64,1024,cpu,2,8.535921812057495,1.628097879802226e-05,test_field
torch,512,16,64,1024,cpu,3,11.483468055725098,2.1902977096033283e-05,test_field
torch,512,16,64,1024,cpu,4,11.296620845794678,2.1546594325627666e-05,test_field
torch,512,16,64,1024,gpu,0,0.3797883987426758,7.243888830998912e-07,test_field
torch,512,16,64,1024,gpu,1,0.3033576011657715,5.786087058368139e-07,test_field
torch,512,16,64,1024,gpu,2,0.32282352447509766,6.157370080472901e-07,test_field
torch,512,16,64,1024,gpu,3,0.37401247024536133,7.133721737773158e-07,test_field
torch,512,16,64,1024,gpu,4,0.31546974182128906,6.01710780756548e-07,test_field
gt4py,512,16,64,1024,cpu,0,0.4164299964904785,7.942771844682284e-07,test_field
gt4py,512,16,64,1024,cpu,1,0.4190375804901123,7.992507562448736e-07,test_field
gt4py,512,16,64,1024,cpu,2,0.4217262268066406,8.043789421208203e-07,test_field
gt4py,512,16,64,1024,cpu,3,0.41745805740356445,7.962380550452508e-07,test_field
gt4py,512,16,64,1024,cpu,4,0.4033241271972656,7.692797225899994e-07,test_field
cupy,512,16,64,1024,gpu,0,0.2532219886779785,4.829826139030047e-07,test_field
cupy,512,16,64,1024,gpu,1,0.24887681007385254,4.7469484343309887e-07,test_field
cupy,512,16,64,1024,gpu,2,0.24649834632873535,4.701582838606555e-07,test_field
cupy,512,16,64,1024,gpu,3,0.24959731101989746,4.7606908992747776e-07,test_field
cupy,512,16,64,1024,gpu,4,0.24773812294006348,4.725229700852651e-07,test_field
numpy,512,16,64,1024,cpu,0,3.2160308361053467,6.134092018328374e-06,test_field
numpy,512,16,64,1024,cpu,1,3.1404671669006348,5.989965757180471e-06,test_field
numpy,512,16,64,1024,cpu,2,3.1023216247558594,5.917208909522742e-06,test_field
numpy,512,16,64,1024,cpu,3,3.0954864025115967,5.904171757720178e-06,test_field
numpy,512,16,64,1024,cpu,4,3.0374345779418945,5.7934466894948855e-06,test_field
fortran,512,16,64,1024,cpu,0,0.068375387,1.3041570091247558e-07,test_field
fortran,512,16,64,1024,cpu,1,0.070251171,1.3399347496032715e-07,test_field
fortran,512,16,64,1024,cpu,2,0.068659762,1.3095810317993164e-07,test_field
fortran,512,16,64,1024,cpu,3,0.070376287,1.342321147918701e-07,test_field
fortran,512,16,64,1024,cpu,4,0.068880716,1.3137953948974608e-07,test_field
numba,512,32,16,1024,cpu,0,0.17734384536743164,6.765130819985643e-07,test_field
numba,512,32,16,1024,cpu,1,0.1759202480316162,6.710824891342781e-07,test_field
numba,512,32,16,1024,cpu,2,0.17314982414245605,6.605141606996767e-07,test_field
numba,512,32,16,1024,cpu,3,0.17635846138000488,6.727541403961368e-07,test_field
numba,512,32,16,1024,cpu,4,0.17620635032653809,6.721738827764057e-07,test_field
jax,512,32,16,1024,cpu,0,0.47786521911621094,1.8229111446999013e-06,test_field
jax,512,32,16,1024,cpu,1,0.479229211807251,1.8281143638887443e-06,test_field
jax,512,32,16,1024,cpu,2,0.4778735637664795,1.8229429770144634e-06,test_field
jax,512,32,16,1024,cpu,3,0.47903919219970703,1.8273894966114312e-06,test_field
jax,512,32,16,1024,cpu,4,0.4790937900543213,1.8275977708981372e-06,test_field
jax,512,32,16,1024,gpu,0,0.1288306713104248,4.914500095765106e-07,test_field
jax,512,32,16,1024,gpu,1,0.12867999076843262,4.908752089249901e-07,test_field
jax,512,32,16,1024,gpu,2,0.12950897216796875,4.940375220030546e-07,test_field
jax,512,32,16,1024,gpu,3,0.12772083282470703,4.872163117397577e-07,test_field
jax,512,32,16,1024,gpu,4,0.12906789779663086,4.923549568047747e-07,test_field
torch,512,32,16,1024,cpu,0,7.592608690261841,2.8963503609702457e-05,test_field
torch,512,32,16,1024,cpu,1,9.833956480026245,3.751356689463137e-05,test_field
torch,512,32,16,1024,cpu,2,10.443162202835083,3.983750229963334e-05,test_field
torch,512,32,16,1024,cpu,3,9.993318796157837,3.812148588622222e-05,test_field
torch,512,32,16,1024,cpu,4,9.78565502166748,3.732931145350449e-05,test_field
torch,512,32,16,1024,gpu,0,0.29892873764038086,1.1403226380934939e-06,test_field
torch,512,32,16,1024,gpu,1,0.3833613395690918,1.4624074538005516e-06,test_field
torch,512,32,16,1024,gpu,2,0.383328914642334,1.4622837625211105e-06,test_field
torch,512,32,16,1024,gpu,3,0.38135313987731934,1.4547467799275182e-06,test_field
torch,512,32,16,1024,gpu,4,0.29645371437072754,1.1308811735943891e-06,test_field
gt4py,512,32,16,1024,cpu,0,0.3028445243835449,1.1552601790754125e-06,test_field
gt4py,512,32,16,1024,cpu,1,0.3074836730957031,1.17295712698251e-06,test_field
gt4py,512,32,16,1024,cpu,2,0.30529284477233887,1.1645997801679187e-06,test_field
gt4py,512,32,16,1024,cpu,3,0.3003048896789551,1.1455722415121272e-06,test_field
gt4py,512,32,16,1024,cpu,4,0.3004758358001709,1.1462243492132984e-06,test_field
cupy,512,32,16,1024,gpu,0,0.2459418773651123,9.38193807087373e-07,test_field
cupy,512,32,16,1024,gpu,1,0.25208377838134766,9.616233000997454e-07,test_field
cupy,512,32,16,1024,gpu,2,0.2449328899383545,9.3434482550947e-07,test_field
cupy,512,32,16,1024,gpu,3,0.24876928329467773,9.489795047556981e-07,test_field
cupy,512,32,16,1024,gpu,4,0.2565023899078369,9.78478965407703e-07,test_field
numpy,512,32,16,1024,cpu,0,1.4961297512054443,5.70728207094362e-06,test_field
numpy,512,32,16,1024,cpu,1,1.5114431381225586,5.7656980061437935e-06,test_field
numpy,512,32,16,1024,cpu,2,1.4915447235107422,5.689791578333825e-06,test_field
numpy,512,32,16,1024,cpu,3,1.502565622329712,5.7318329709232785e-06,test_field
numpy,512,32,16,1024,cpu,4,1.4948499202728271,5.702399903384503e-06,test_field
fortran,512,32,16,1024,cpu,0,0.033985639,1.2964492416381835e-07,test_field
fortran,512,32,16,1024,cpu,1,0.03628461,1.3841480255126954e-07,test_field
fortran,512,32,16,1024,cpu,2,0.031731339,1.210454521179199e-07,test_field
fortran,512,32,16,1024,cpu,3,0.033274364,1.2693162536621094e-07,test_field
fortran,512,32,16,1024,cpu,4,0.034248575,1.3064794540405275e-07,test_field
numba,512,32,32,1024,cpu,0,0.19606304168701172,3.73960574506782e-07,test_field
numba,512,32,32,1024,cpu,1,0.19499850273132324,3.7193012758507393e-07,test_field
numba,512,32,32,1024,cpu,2,0.19393181800842285,3.698955879372079e-07,test_field
numba,512,32,32,1024,cpu,3,0.19336342811584473,3.6881147025269456e-07,test_field
numba,512,32,32,1024,cpu,4,0.19287943840026855,3.6788833313039504e-07,test_field
jax,512,32,32,1024,cpu,0,0.845670223236084,1.6129879440995865e-06,test_field
jax,512,32,32,1024,cpu,1,0.8432021141052246,1.6082803995232098e-06,test_field
jax,512,32,32,1024,cpu,2,0.8433525562286377,1.6085673451016191e-06,test_field
jax,512,32,32,1024,cpu,3,0.8445160388946533,1.610786512173945e-06,test_field
jax,512,32,32,1024,cpu,4,0.845679521560669,1.613005679246271e-06,test_field
jax,512,32,32,1024,gpu,0,0.128007173538208,2.4415430743829347e-07,test_field
jax,512,32,32,1024,gpu,1,0.13071751594543457,2.493238753231708e-07,test_field
jax,512,32,32,1024,gpu,2,0.1308753490447998,2.4962491806945764e-07,test_field
jax,512,32,32,1024,gpu,3,0.1310880184173584,2.5003055270644836e-07,test_field
jax,512,32,32,1024,gpu,4,0.1315755844116211,2.509605110390112e-07,test_field
torch,512,32,32,1024,cpu,0,9.976050615310669,1.9027806501981104e-05,test_field
torch,512,32,32,1024,cpu,1,5.78723669052124,1.1038277989428025e-05,test_field
torch,512,32,32,1024,cpu,2,10.180897235870361,1.9418520423641894e-05,test_field
torch,512,32,32,1024,cpu,3,7.442418336868286,1.4195286439644406e-05,test_field
torch,512,32,32,1024,cpu,4,9.891838073730469,1.8867183825932443e-05,test_field
torch,512,32,32,1024,gpu,0,0.29070186614990234,5.544698069570586e-07,test_field
torch,512,32,32,1024,gpu,1,0.34078502655029297,6.499958544736728e-07,test_field
torch,512,32,32,1024,gpu,2,0.30270886421203613,5.773713382950518e-07,test_field
torch,512,32,32,1024,gpu,3,0.3012404441833496,5.745705493609421e-07,test_field
torch,512,32,32,1024,gpu,4,0.39050817489624023,7.448352334904484e-07,test_field
gt4py,512,32,32,1024,cpu,0,0.3776588439941406,7.203270797617733e-07,test_field
gt4py,512,32,32,1024,cpu,1,0.3699488639831543,7.056214599288069e-07,test_field
gt4py,512,32,32,1024,cpu,2,0.3713696002960205,7.083312993927393e-07,test_field
gt4py,512,32,32,1024,cpu,3,0.37851524353027344,7.219605322461575e-07,test_field
gt4py,512,32,32,1024,cpu,4,0.3671283721923828,7.0024179876782e-07,test_field
cupy,512,32,32,1024,gpu,0,0.25,4.76837158203125e-07,test_field
cupy,512,32,32,1024,gpu,1,0.24524378776550293,4.6776540330029093e-07,test_field
cupy,512,32,32,1024,gpu,2,0.24279499053955078,4.6309469325933605e-07,test_field
cupy,512,32,32,1024,gpu,3,0.23888540267944336,4.556377461994998e-07,test_field
cupy,512,32,32,1024,gpu,4,0.24302935600280762,4.6354170990525745e-07,test_field
numpy,512,32,32,1024,cpu,0,3.0034725666046143,5.728669293603161e-06,test_field
numpy,512,32,32,1024,cpu,1,2.9833967685699463,5.6903777476691175e-06,test_field
numpy,512,32,32,1024,cpu,2,2.9774675369262695,5.679068635799922e-06,test_field
numpy,512,32,32,1024,cpu,3,2.978769540786743,5.681552011083113e-06,test_field
numpy,512,32,32,1024,cpu,4,2.946411609649658,5.619834155368153e-06,test_field
fortran,512,32,32,1024,cpu,0,0.050165839,9.568374443054199e-08,test_field
fortran,512,32,32,1024,cpu,1,0.052111989,9.939573097229003e-08,test_field
fortran,512,32,32,1024,cpu,2,0.049817082,9.50185432434082e-08,test_field
fortran,512,32,32,1024,cpu,3,0.048989202,9.34394874572754e-08,test_field
fortran,512,32,32,1024,cpu,4,0.050047571,9.545816612243652e-08,test_field
numba,512,32,64,1024,cpu,0,0.22663068771362305,2.1613186618196778e-07,test_field
numba,512,32,64,1024,cpu,1,0.22876310348510742,2.1816549633513205e-07,test_field
numba,512,32,64,1024,cpu,2,0.22869038581848145,2.1809614736412186e-07,test_field
numba,512,32,64,1024,cpu,3,0.22553396224975586,2.150859472749289e-07,test_field
numba,512,32,64,1024,cpu,4,0.22579383850097656,2.1533378458116204e-07,test_field
jax,512,32,64,1024,cpu,0,1.5644750595092773,1.4919996829121374e-06,test_field
jax,512,32,64,1024,cpu,1,1.5666084289550781,1.4940342225600034e-06,test_field
jax,512,32,64,1024,cpu,2,1.5641529560089111,1.4916925010766136e-06,test_field
jax,512,32,64,1024,cpu,3,1.5674476623535156,1.4948345778975636e-06,test_field
jax,512,32,64,1024,cpu,4,1.5646579265594482,1.4921740785212023e-06,test_field
jax,512,32,64,1024,gpu,0,0.13686704635620117,1.3052658687229268e-07,test_field
jax,512,32,64,1024,gpu,1,0.13620901107788086,1.2989903552806936e-07,test_field
jax,512,32,64,1024,gpu,2,0.13645100593566895,1.3012981980864424e-07,test_field
jax,512,32,64,1024,gpu,3,0.1367635726928711,1.3042790669715032e-07,test_field
jax,512,32,64,1024,gpu,4,0.13647723197937012,1.30154830912943e-07,test_field
torch,512,32,64,1024,cpu,0,8.709797620773315,8.306310292027774e-06,test_field
torch,512,32,64,1024,cpu,1,8.656407594680786,8.25539359539107e-06,test_field
torch,512,32,64,1024,cpu,2,11.20919919013977,1.0689925375118037e-05,test_field
torch,512,32,64,1024,cpu,3,6.71195125579834,6.401015525625553e-06,test_field
torch,512,32,64,1024,cpu,4,8.77717661857605,8.370567911697435e-06,test_field
torch,512,32,64,1024,gpu,0,0.39205145835876465,3.7388940654636826e-07,test_field
torch,512,32,64,1024,gpu,1,0.2980501651763916,2.8424278752936516e-07,test_field
torch,512,32,64,1024,gpu,2,0.37586283683776855,3.584507339837728e-07,test_field
torch,512,32,64,1024,gpu,3,0.322434663772583,3.0749765755899716e-07,test_field
torch,512,32,64,1024,gpu,4,0.3812549114227295,3.6359301702759694e-07,test_field
gt4py,512,32,64,1024,cpu,0,0.47821998596191406,4.5606611820403486e-07,test_field
gt4py,512,32,64,1024,cpu,1,0.47675132751464844,4.5466549636330456e-07,test_field
gt4py,512,32,64,1024,cpu,2,0.4901764392852783,4.674686806538375e-07,test_field
gt4py,512,32,64,1024,cpu,3,0.47798824310302734,4.5584511099150404e-07,test_field
gt4py,512,32,64,1024,cpu,4,0.48048901557922363,4.582300334732281e-07,test_field
cupy,512,32,64,1024,gpu,0,0.25187253952026367,2.4020437194849364e-07,test_field
cupy,512,32,64,1024,gpu,1,0.24220752716064453,2.309870978933759e-07,test_field
cupy,512,32,64,1024,gpu,2,0.2458047866821289,2.344177119084634e-07,test_field
cupy,512,32,64,1024,gpu,3,0.24265456199645996,2.3141342353483196e-07,test_field
cupy,512,32,64,1024,gpu,4,0.24005889892578125,2.289380063302815e-07,test_field
numpy,512,32,64,1024,cpu,0,6.0029895305633545,5.724896936953883e-06,test_field
numpy,512,32,64,1024,cpu,1,6.082219123840332,5.8004561651614495e-06,test_field
numpy,512,32,64,1024,cpu,2,5.957563638687134,5.681575430571684e-06,test_field
numpy,512,32,64,1024,cpu,3,5.985475778579712,5.708194521503174e-06,test_field
numpy,512,32,64,1024,cpu,4,6.037801504135132,5.7580962220527e-06,test_field
fortran,512,32,64,1024,cpu,0,0.079701528,7.600930023193359e-08,test_field
fortran,512,32,64,1024,cpu,1,0.077403549,7.381777667999268e-08,test_field
fortran,512,32,64,1024,cpu,2,0.07923303,7.55625057220459e-08,test_field
fortran,512,32,64,1024,cpu,3,0.077479451,7.389016246795655e-08,test_field
fortran,512,32,64,1024,cpu,4,0.085143702,8.119936180114746e-08,test_field
numba,512,64,16,1024,cpu,0,0.25704121589660645,4.902672117168549e-07,test_field
numba,512,64,16,1024,cpu,1,0.2537658214569092,4.840198926103767e-07,test_field
numba,512,64,16,1024,cpu,2,0.2551236152648926,4.866096787736751e-07,test_field
numba,512,64,16,1024,cpu,3,0.2539377212524414,4.843477654503658e-07,test_field
numba,512,64,16,1024,cpu,4,0.25885629653930664,4.937292032991536e-07,test_field
jax,512,64,16,1024,cpu,0,0.8357439041137695,1.5940549928927794e-06,test_field
jax,512,64,16,1024,cpu,1,0.8299713134765625,1.5830446500331163e-06,test_field
jax,512,64,16,1024,cpu,2,0.830005407333374,1.583109678904293e-06,test_field
jax,512,64,16,1024,cpu,3,0.8305833339691162,1.5842119864828419e-06,test_field
jax,512,64,16,1024,cpu,4,0.8277440071105957,1.578796400281135e-06,test_field
jax,512,64,16,1024,gpu,0,0.13133811950683594,2.5050758267752826e-07,test_field
jax,512,64,16,1024,gpu,1,0.13099241256713867,2.498481990187429e-07,test_field
jax,512,64,16,1024,gpu,2,0.13225293159484863,2.522524482628796e-07,test_field
jax,512,64,16,1024,gpu,3,0.1312551498413086,2.5034933059941977e-07,test_field
jax,512,64,16,1024,gpu,4,0.1320326328277588,2.5183226171066053e-07,test_field
torch,512,64,16,1024,cpu,0,7.402113437652588,1.4118410945229698e-05,test_field
torch,512,64,16,1024,cpu,1,7.878891706466675,1.5027793324406957e-05,test_field
torch,512,64,16,1024,cpu,2,10.130605459213257,1.9322596472193254e-05,test_field
torch,512,64,16,1024,cpu,3,10.177658319473267,1.94123426808801e-05,test_field
torch,512,64,16,1024,cpu,4,9.185019969940186,1.7519035282020923e-05,test_field
torch,512,64,16,1024,gpu,0,0.3362386226654053,6.413242772396188e-07,test_field
torch,512,64,16,1024,gpu,1,0.2977418899536133,5.678975867340341e-07,test_field
torch,512,64,16,1024,gpu,2,0.33169031143188477,6.326490620267577e-07,test_field
torch,512,64,16,1024,gpu,3,0.38423681259155273,7.328735591727309e-07,test_field
torch,512,64,16,1024,gpu,4,0.33841681480407715,6.454788490373176e-07,test_field
gt4py,512,64,16,1024,cpu,0,0.3427093029022217,6.536661203426775e-07,test_field
gt4py,512,64,16,1024,cpu,1,0.33912134170532227,6.468226274591871e-07,test_field
gt4py,512,64,16,1024,cpu,2,0.3392331600189209,6.470359039667528e-07,test_field
gt4py,512,64,16,1024,cpu,3,0.34352827072143555,6.552281774929725e-07,test_field
gt4py,512,64,16,1024,cpu,4,0.3358466625213623,6.405766725947615e-07,test_field
cupy,512,64,16,1024,gpu,0,0.23493337631225586,4.480998541112058e-07,test_field
cupy,512,64,16,1024,gpu,1,0.2338261604309082,4.4598800741368905e-07,test_field
cupy,512,64,16,1024,gpu,2,0.24541926383972168,4.6810009735054336e-07,test_field
cupy,512,64,16,1024,gpu,3,0.23506474494934082,4.4835041990154423e-07,test_field
cupy,512,64,16,1024,gpu,4,0.2305307388305664,4.3970248952973634e-07,test_field
numpy,512,64,16,1024,cpu,0,2.980708599090576,5.685250471287873e-06,test_field
numpy,512,64,16,1024,cpu,1,2.887418270111084,5.50731328985421e-06,test_field
numpy,512,64,16,1024,cpu,2,2.922452449798584,5.5741356845828705e-06,test_field
numpy,512,64,16,1024,cpu,3,2.842392921447754,5.421434252639301e-06,test_field
numpy,512,64,16,1024,cpu,4,2.8789260387420654,5.491115643962985e-06,test_field
fortran,512,64,16,1024,cpu,0,0.047217377,9.005999946594238e-08,test_field
fortran,512,64,16,1024,cpu,1,0.048084519,9.171394157409668e-08,test_field
fortran,512,64,16,1024,cpu,2,0.049907216,9.519046020507812e-08,test_field
fortran,512,64,16,1024,cpu,3,0.048911855,9.329195976257324e-08,test_field
fortran,512,64,16,1024,cpu,4,0.048514618,9.253429031372071e-08,test_field
numba,512,64,32,1024,cpu,0,0.2638545036315918,2.516312633815687e-07,test_field
numba,512,64,32,1024,cpu,1,0.2657175064086914,2.5340796128148213e-07,test_field
numba,512,64,32,1024,cpu,2,0.26340198516845703,2.5119970814557746e-07,test_field
numba,512,64,32,1024,cpu,3,0.264911413192749,2.5263921088480856e-07,test_field
numba,512,64,32,1024,cpu,4,0.2663419246673584,2.5400345293746796e-07,test_field
jax,512,64,32,1024,cpu,0,1.5339875221252441,1.4629245015385095e-06,test_field
jax,512,64,32,1024,cpu,1,1.5250303745269775,1.4543822999257827e-06,test_field
jax,512,64,32,1024,cpu,2,1.5320680141448975,1.461093916077516e-06,test_field
jax,512,64,32,1024,cpu,3,1.5295653343200684,1.4587071746063884e-06,test_field
jax,512,64,32,1024,cpu,4,1.5284795761108398,1.45767171488842e-06,test_field
jax,512,64,32,1024,gpu,0,0.1359405517578125,1.2964301276952028e-07,test_field
jax,512,64,32,1024,gpu,1,0.1377091407775879,1.3132967069395818e-07,test_field
jax,512,64,32,1024,gpu,2,0.13596463203430176,1.2966597751074005e-07,test_field
jax,512,64,32,1024,gpu,3,0.13604044914245605,1.29738282339531e-07,test_field
jax,512,64,32,1024,gpu,4,0.13507938385009766,1.2882173905381933e-07,test_field
torch,512,64,32,1024,cpu,0,9.51228928565979,9.071625981960096e-06,test_field
torch,512,64,32,1024,cpu,1,9.802692174911499,9.34857575884962e-06,test_field
torch,512,64,32,1024,cpu,2,5.851517677307129,5.580442120844964e-06,test_field
torch,512,64,32,1024,cpu,3,9.868441820144653,9.411279506821302e-06,test_field
torch,512,64,32,1024,cpu,4,9.353872060775757,8.920547543311841e-06,test_field
torch,512,64,32,1024,gpu,0,0.29491734504699707,2.812550974340411e-07,test_field
torch,512,64,32,1024,gpu,1,0.26713013648986816,2.547551503084833e-07,test_field
torch,512,64,32,1024,gpu,2,0.3021690845489502,2.8817089514632244e-07,test_field
torch,512,64,32,1024,gpu,3,0.30449938774108887,2.903932454501046e-07,test_field
torch,512,64,32,1024,gpu,4,0.3068089485168457,2.925958142441232e-07,test_field
gt4py,512,64,32,1024,cpu,0,0.44335174560546875,4.2281317291781306e-07,test_field
gt4py,512,64,32,1024,cpu,1,0.44188427925109863,4.2141368794545997e-07,test_field
gt4py,512,64,32,1024,cpu,2,0.4225325584411621,4.0295844883075915e-07,test_field
gt4py,512,64,32,1024,cpu,3,0.4319124221801758,4.119037839700468e-07,test_field
gt4py,512,64,32,1024,cpu,4,0.43346548080444336,4.13384896091884e-07,test_field
cupy,512,64,32,1024,gpu,0,0.24695611000061035,2.3551569938717876e-07,test_field
cupy,512,64,32,1024,gpu,1,0.2515578269958496,2.399042386969086e-07,test_field
cupy,512,64,32,1024,gpu,2,0.24409079551696777,2.32783122555702e-07,test_field
cupy,512,64,32,1024,gpu,3,0.24297070503234863,2.317149210284697e-07,test_field
cupy,512,64,32,1024,gpu,4,0.2372598648071289,2.2626863938057795e-07,test_field
numpy,512,64,32,1024,cpu,0,5.83191990852356,5.561752232097206e-06,test_field
numpy,512,64,32,1024,cpu,1,5.8277060985565186,5.557733629757422e-06,test_field
numpy,512,64,32,1024,cpu,2,5.830039978027344,5.559959390666336e-06,test_field
numpy,512,64,32,1024,cpu,3,5.950648784637451,5.674980911862804e-06,test_field
numpy,512,64,32,1024,cpu,4,5.986689329147339,5.70935185351118e-06,test_field
fortran,512,64,32,1024,cpu,0,0.066574658,6.349054145812988e-08,test_field
fortran,512,64,32,1024,cpu,1,0.066476965,6.33973741531372e-08,test_field
fortran,512,64,32,1024,cpu,2,0.065992307,6.293516826629639e-08,test_field
fortran,512,64,32,1024,cpu,3,0.064274918,6.129733848571777e-08,test_field
fortran,512,64,32,1024,cpu,4,0.066118511,6.305552577972413e-08,test_field
numba,512,64,64,1024,cpu,0,0.3483598232269287,1.6611090813967166e-07,test_field
numba,512,64,64,1024,cpu,1,0.34949302673339844,1.666512616793625e-07,test_field
numba,512,64,64,1024,cpu,2,0.3542759418487549,1.6893193333089584e-07,test_field
numba,512,64,64,1024,cpu,3,0.3446347713470459,1.6433466498710914e-07,test_field
numba,512,64,64,1024,cpu,4,0.35345005989074707,1.6853812212502817e-07,test_field
jax,512,64,64,1024,cpu,0,2.9297235012054443,1.3970010286357137e-06,test_field
jax,512,64,64,1024,cpu,1,2.9338083267211914,1.3989488252263982e-06,test_field
jax,512,64,64,1024,cpu,2,2.9251134395599365,1.3948027799415286e-06,test_field
jax,512,64,64,1024,cpu,3,2.927381753921509,1.395884396515612e-06,test_field
jax,512,64,64,1024,cpu,4,2.936532974243164,1.4002480384078808e-06,test_field
jax,512,64,64,1024,gpu,0,0.1462869644165039,6.975506039452739e-08,test_field
jax,512,64,64,1024,gpu,1,0.14551019668579102,6.938466867723037e-08,test_field
jax,512,64,64,1024,gpu,2,0.14653611183166504,6.987386313994648e-08,test_field
jax,512,64,64,1024,gpu,3,0.1459658145904541,6.960192422411637e-08,test_field
jax,512,64,64,1024,gpu,4,0.14695000648498535,7.00712234902312e-08,test_field
torch,512,64,64,1024,cpu,0,10.914702653884888,5.2045357961105765e-06,test_field
torch,512,64,64,1024,cpu,1,8.308889627456665,3.961987317779858e-06,test_field
torch,512,64,64,1024,cpu,2,10.50761365890503,5.010420636608615e-06,test_field
torch,512,64,64,1024,cpu,3,8.689084768295288,4.143278488299984e-06,test_field
torch,512,64,64,1024,cpu,4,8.952677249908447,4.268969178156112e-06,test_field
torch,512,64,64,1024,gpu,0,0.39852428436279297,1.9003118723048829e-07,test_field
torch,512,64,64,1024,gpu,1,0.30043959617614746,1.4326076325232862e-07,test_field
torch,512,64,64,1024,gpu,2,0.2958054542541504,1.4105103218753356e-07,test_field
torch,512,64,64,1024,gpu,3,0.3236963748931885,1.5435045952472137e-07,test_field
torch,512,64,64,1024,gpu,4,0.3942389488220215,1.8798778000927996e-07,test_field
gt4py,512,64,64,1024,cpu,0,0.6811566352844238,3.248007942602271e-07,test_field
gt4py,512,64,64,1024,cpu,1,0.6303999423980713,3.0059811706451e-07,test_field
gt4py,512,64,64,1024,cpu,2,0.5982363224029541,2.852613079085131e-07,test_field
gt4py,512,64,64,1024,cpu,3,0.5980656147003174,2.8517990813270444e-07,test_field
gt4py,512,64,64,1024,cpu,4,0.6036381721496582,2.8783711059077177e-07,test_field
cupy,512,64,64,1024,gpu,0,0.2437455654144287,1.162269427368301e-07,test_field
cupy,512,64,64,1024,gpu,1,0.24068951606750488,1.1476970485091442e-07,test_field
cupy,512,64,64,1024,gpu,2,0.24037909507751465,1.1462168458820088e-07,test_field
cupy,512,64,64,1024,gpu,3,0.243696928024292,1.1620375062193489e-07,test_field
cupy,512,64,64,1024,gpu,4,0.24595093727111816,1.1727854598575504e-07,test_field
numpy,512,64,64,1024,cpu,0,13.002024173736572,6.1998482578928815e-06,test_field
numpy,512,64,64,1024,cpu,1,13.044222354888916,6.219969918674906e-06,test_field
numpy,512,64,64,1024,cpu,2,13.050154209136963,6.22279844719742e-06,test_field
numpy,512,64,64,1024,cpu,3,12.974788427352905,6.186861241985753e-06,test_field
numpy,512,64,64,1024,cpu,4,13.122583866119385,6.257335599002545e-06,test_field
fortran,512,64,64,1024,cpu,0,0.100066971,4.7715650081634524e-08,test_field
fortran,512,64,64,1024,cpu,1,0.102126494,4.8697707176208495e-08,test_field
fortran,512,64,64,1024,cpu,2,0.10628765,5.068190097808838e-08,test_field
fortran,512,64,64,1024,cpu,3,0.10363256,4.941585540771484e-08,test_field
fortran,512,64,64,1024,cpu,4,0.106850353,5.095021867752075e-08,test_field
numba,512,128,16,1024,cpu,0,0.41320252418518066,3.9406063478963915e-07,test_field
numba,512,128,16,1024,cpu,1,0.4255790710449219,4.0586382965557277e-07,test_field
numba,512,128,16,1024,cpu,2,0.42485690116882324,4.051751147926552e-07,test_field
numba,512,128,16,1024,cpu,3,0.4049394130706787,3.861803179461276e-07,test_field
numba,512,128,16,1024,cpu,4,0.42604517936706543,4.063083451910643e-07,test_field
jax,512,128,16,1024,cpu,0,1.5161988735198975,1.4459599242400145e-06,test_field
jax,512,128,16,1024,cpu,1,1.5140886306762695,1.4439474398386665e-06,test_field
jax,512,128,16,1024,cpu,2,1.5156972408294678,1.445481530026882e-06,test_field
jax,512,128,16,1024,cpu,3,1.5138013362884521,1.4436734545597574e-06,test_field
jax,512,128,16,1024,cpu,4,1.5139100551605225,1.4437771369557595e-06,test_field
jax,512,128,16,1024,gpu,0,0.13756966590881348,1.311966570938239e-07,test_field
jax,512,128,16,1024,gpu,1,0.13546991348266602,1.2919417713419534e-07,test_field
jax,512,128,16,1024,gpu,2,0.13736605644226074,1.3100247997499537e-07,test_field
jax,512,128,16,1024,gpu,3,0.13625288009643555,1.2994087228435092e-07,test_field
jax,512,128,16,1024,gpu,4,0.1367969512939453,1.3045973901171237e-07,test_field
torch,512,128,16,1024,cpu,0,8.038130044937134,7.66575817578996e-06,test_field
torch,512,128,16,1024,cpu,1,7.736505746841431,7.378106829492026e-06,test_field
torch,512,128,16,1024,cpu,2,7.735135793685913,7.376800340352929e-06,test_field
torch,512,128,16,1024,cpu,3,10.00023102760315,9.536963489154004e-06,test_field
torch,512,128,16,1024,cpu,4,10.225589513778687,9.751882089403807e-06,test_field
torch,512,128,16,1024,gpu,0,0.3275771141052246,3.1240188036463223e-07,test_field
torch,512,128,16,1024,gpu,1,0.3487839698791504,3.3262631404795684e-07,test_field
torch,512,128,16,1024,gpu,2,0.3287792205810547,3.13548298436217e-07,test_field
torch,512,128,16,1024,gpu,3,0.30674028396606445,2.925303306255955e-07,test_field
torch,512,128,16,1024,gpu,4,0.33116745948791504,3.1582590054313187e-07,test_field
gt4py,512,128,16,1024,cpu,0,0.38756322860717773,3.696090971061494e-07,test_field
gt4py,512,128,16,1024,cpu,1,0.3921065330505371,3.7394192986539565e-07,test_field
gt4py,512,128,16,1024,cpu,2,0.4076802730560303,3.88794205719023e-07,test_field
gt4py,512,128,16,1024,cpu,3,0.40041542053222656,3.818659024545923e-07,test_field
gt4py,512,128,16,1024,cpu,4,0.39838194847106934,3.7992663237673696e-07,test_field
cupy,512,128,16,1024,gpu,0,0.26366543769836426,2.5145095605694223e-07,test_field
cupy,512,128,16,1024,gpu,1,0.25505828857421875,2.432425389997661e-07,test_field
cupy,512,128,16,1024,gpu,2,0.24228501319885254,2.3106099433789495e-07,test_field
cupy,512,128,16,1024,gpu,3,0.24340057373046875,2.3212487576529384e-07,test_field
cupy,512,128,16,1024,gpu,4,0.2338712215423584,2.230369773315033e-07,test_field
numpy,512,128,16,1024,cpu,0,5.758608341217041,5.491836873261491e-06,test_field
numpy,512,128,16,1024,cpu,1,5.7631590366363525,5.496176754604676e-06,test_field
numpy,512,128,16,1024,cpu,2,5.800159931182861,5.531463557417737e-06,test_field
numpy,512,128,16,1024,cpu,3,5.776115894317627,5.508533376996638e-06,test_field
numpy,512,128,16,1024,cpu,4,5.758946657180786,5.492159516506945e-06,test_field
fortran,512,128,16,1024,cpu,0,0.071601674,6.828467750549317e-08,test_field
fortran,512,128,16,1024,cpu,1,0.072828709,6.945486927032471e-08,test_field
fortran,512,128,16,1024,cpu,2,0.071304947,6.800169658660888e-08,test_field
fortran,512,128,16,1024,cpu,3,0.072057532,6.871941757202148e-08,test_field
fortran,512,128,16,1024,cpu,4,0.071330514,6.802607917785644e-08,test_field
numba,512,128,32,1024,cpu,0,0.4492824077606201,2.1423454654723173e-07,test_field
numba,512,128,32,1024,cpu,1,0.448671817779541,2.1394339455582667e-07,test_field
numba,512,128,32,1024,cpu,2,0.45062756538391113,2.148759676856571e-07,test_field
numba,512,128,32,1024,cpu,3,0.4537043571472168,2.1634309632645454e-07,test_field
numba,512,128,32,1024,cpu,4,0.4518742561340332,2.1547043616010342e-07,test_field
jax,512,128,32,1024,cpu,0,2.8978488445281982,1.3818020079270354e-06,test_field
jax,512,128,32,1024,cpu,1,2.890967607498169,1.3785207784167142e-06,test_field
jax,512,128,32,1024,cpu,2,2.893138885498047,1.379556124447845e-06,test_field
jax,512,128,32,1024,cpu,3,2.8970870971679688,1.3814387784805149e-06,test_field
jax,512,128,32,1024,cpu,4,2.893996477127075,1.3799650560031296e-06,test_field
jax,512,128,32,1024,gpu,0,0.1462411880493164,6.973323252168484e-08,test_field
jax,512,128,32,1024,gpu,1,0.14830541610717773,7.071753316267859e-08,test_field
jax,512,128,32,1024,gpu,2,0.14770793914794922,7.043263394734822e-08,test_field
jax,512,128,32,1024,gpu,3,0.1467428207397461,6.997242962825112e-08,test_field
jax,512,128,32,1024,gpu,4,0.14646434783935547,6.983964340179227e-08,test_field
torch,512,128,32,1024,cpu,0,10.099912881851196,4.816013756681059e-06,test_field
torch,512,128,32,1024,cpu,1,7.644429922103882,3.6451482401389512e-06,test_field
torch,512,128,32,1024,cpu,2,10.237641334533691,4.8816878006618936e-06,test_field
torch,512,128,32,1024,cpu,3,10.091791868209839,4.812141355614585e-06,test_field
torch,512,128,32,1024,cpu,4,5.914258241653442,2.8201380928294384e-06,test_field
torch,512,128,32,1024,gpu,0,0.2399132251739502,1.1439954050729284e-07,test_field
torch,512,128,32,1024,gpu,1,0.39679980278015137,1.8920889033324784e-07,test_field
torch,512,128,32,1024,gpu,2,0.3315727710723877,1.5810621789569268e-07,test_field
torch,512,128,32,1024,gpu,3,0.32139015197753906,1.5325076674344018e-07,test_field
torch,512,128,32,1024,gpu,4,0.36612486839294434,1.7458194179198472e-07,test_field
gt4py,512,128,32,1024,cpu,0,0.584557056427002,2.787385255942354e-07,test_field
gt4py,512,128,32,1024,cpu,1,0.5484640598297119,2.6152804366574856e-07,test_field
gt4py,512,128,32,1024,cpu,2,0.5389931201934814,2.570119477240951e-07,test_field
gt4py,512,128,32,1024,cpu,3,0.5368762016296387,2.5600252229196485e-07,test_field
gt4py,512,128,32,1024,cpu,4,0.5333442687988281,2.5431836547795683e-07,test_field
cupy,512,128,32,1024,gpu,0,0.23316073417663574,1.1117970188934123e-07,test_field
cupy,512,128,32,1024,gpu,1,0.23514246940612793,1.121246668844833e-07,test_field
cupy,512,128,32,1024,gpu,2,0.24061203002929688,1.147327566286549e-07,test_field
cupy,512,128,32,1024,gpu,3,0.2400505542755127,1.1446502412582049e-07,test_field
cupy,512,128,32,1024,gpu,4,0.2409827709197998,1.1490953966131201e-07,test_field
numpy,512,128,32,1024,cpu,0,12.925449848175049,6.163334774100804e-06,test_field
numpy,512,128,32,1024,cpu,1,12.934974431991577,6.167876449580945e-06,test_field
numpy,512,128,32,1024,cpu,2,12.867382764816284,6.1356462310868665e-06,test_field
numpy,512,128,32,1024,cpu,3,12.758306503295898,6.083634616516065e-06,test_field
numpy,512,128,32,1024,cpu,4,12.86673903465271,6.135339276625018e-06,test_field
fortran,512,128,32,1024,cpu,0,0.097970423,4.6715938091278077e-08,test_field
fortran,512,128,32,1024,cpu,1,0.097480934,4.648253154754639e-08,test_field
fortran,512,128,32,1024,cpu,2,0.096333544,4.59354133605957e-08,test_field
fortran,512,128,32,1024,cpu,3,0.096556833,4.604188585281372e-08,test_field
fortran,512,128,32,1024,cpu,4,0.098305677,4.6875799655914304e-08,test_field
numba,512,128,64,1024,cpu,0,0.532217264175415,1.2689048389802338e-07,test_field
numba,512,128,64,1024,cpu,1,0.526409387588501,1.255057782145741e-07,test_field
numba,512,128,64,1024,cpu,2,0.5223197937011719,1.2453074305085465e-07,test_field
numba,512,128,64,1024,cpu,3,0.5205540657043457,1.241097606907715e-07,test_field
numba,512,128,64,1024,cpu,4,0.5169773101806641,1.2325699572102167e-07,test_field
jax,512,128,64,1024,cpu,0,5.7111897468566895,1.3616537444249843e-06,test_field
jax,512,128,64,1024,cpu,1,5.700976133346558,1.3592186292044062e-06,test_field
jax,512,128,64,1024,cpu,2,5.712486743927002,1.3619629726235871e-06,test_field
jax,512,128,64,1024,cpu,3,5.70556378364563,1.3603124102701258e-06,test_field
jax,512,128,64,1024,cpu,4,5.697506904602051,1.3583915006165626e-06,test_field
jax,512,128,64,1024,gpu,0,0.17371869087219238,4.141776344113168e-08,test_field
jax,512,128,64,1024,gpu,1,0.16858267784118652,4.019324251203216e-08,test_field
jax,512,128,64,1024,gpu,2,0.1727461814880371,4.118589913559845e-08,test_field
jax,512,128,64,1024,gpu,3,0.17335200309753418,4.133033826292376e-08,test_field
jax,512,128,64,1024,gpu,4,0.17191600799560547,4.0987970351125114e-08,test_field
torch,512,128,64,1024,cpu,0,11.667036294937134,2.7816382157652697e-06,test_field
torch,512,128,64,1024,cpu,1,7.131769895553589,1.7003464449771855e-06,test_field
torch,512,128,64,1024,cpu,2,11.96380877494812,2.852394288765936e-06,test_field
torch,512,128,64,1024,cpu,3,9.048613786697388,2.1573576418632e-06,test_field
torch,512,128,64,1024,cpu,4,8.604048252105713,2.0513649587883265e-06,test_field
torch,512,128,64,1024,gpu,0,0.44421863555908203,1.0590997590043116e-07,test_field
torch,512,128,64,1024,gpu,1,0.44461941719055176,1.0600552968753618e-07,test_field
torch,512,128,64,1024,gpu,2,0.44710612297058105,1.0659840654625441e-07,test_field
torch,512,128,64,1024,gpu,3,0.44434165954589844,1.0593930710456334e-07,test_field
torch,512,128,64,1024,gpu,4,0.44741177558898926,1.0667127980923397e-07,test_field
gt4py,512,128,64,1024,cpu,0,0.8101532459259033,1.931555857481726e-07,test_field
gt4py,512,128,64,1024,cpu,1,0.8198671340942383,1.954715571628185e-07,test_field
gt4py,512,128,64,1024,cpu,2,0.8096239566802979,1.930293933583016e-07,test_field
gt4py,512,128,64,1024,cpu,3,0.8047382831573486,1.9186455801900593e-07,test_field
gt4py,512,128,64,1024,cpu,4,0.812075138092041,1.9361380054760957e-07,test_field
cupy,512,128,64,1024,gpu,0,0.4595201015472412,1.0955812967949896e-07,test_field
cupy,512,128,64,1024,gpu,1,0.4623997211456299,1.102446844924998e-07,test_field
cupy,512,128,64,1024,gpu,2,0.4627976417541504,1.1033955615857849e-07,test_field
cupy,512,128,64,1024,gpu,3,0.46238207817077637,1.102404780795041e-07,test_field
cupy,512,128,64,1024,gpu,4,0.45957398414611816,1.095709762921615e-07,test_field
numpy,512,128,64,1024,cpu,0,38.201225996017456,9.107882021908154e-06,test_field
numpy,512,128,64,1024,cpu,1,38.09169054031372,9.081766734198027e-06,test_field
numpy,512,128,64,1024,cpu,2,38.54405403137207,9.189618594973581e-06,test_field
numpy,512,128,64,1024,cpu,3,38.70420503616333,9.2278015699776e-06,test_field
numpy,512,128,64,1024,cpu,4,38.916778564453125,9.27848304854706e-06,test_field
fortran,512,128,64,1024,cpu,0,0.219223217,5.22668879032135e-08,test_field
fortran,512,128,64,1024,cpu,1,0.219015255,5.221730589866638e-08,test_field
fortran,512,128,64,1024,cpu,2,0.221324339,5.2767834424972536e-08,test_field
fortran,512,128,64,1024,cpu,3,0.210433272,5.017120170593262e-08,test_field
fortran,512,128,64,1024,cpu,4,0.217409863,5.183455061912537e-08,test_field
numba,512,256,16,1024,cpu,0,0.6472055912017822,3.086116748818313e-07,test_field
numba,512,256,16,1024,cpu,1,0.650296688079834,3.1008562473289203e-07,test_field
numba,512,256,16,1024,cpu,2,0.6484677791595459,3.092135330007295e-07,test_field
numba,512,256,16,1024,cpu,3,0.6550226211547852,3.123391252302099e-07,test_field
numba,512,256,16,1024,cpu,4,0.651939868927002,3.108691544184694e-07,test_field
jax,512,256,16,1024,cpu,0,2.870105504989624,1.3685729527423973e-06,test_field
jax,512,256,16,1024,cpu,1,2.862217903137207,1.364811851090053e-06,test_field
jax,512,256,16,1024,cpu,2,2.8768980503082275,1.3718118907490862e-06,test_field
jax,512,256,16,1024,cpu,3,2.8671109676361084,1.3671450460606138e-06,test_field
jax,512,256,16,1024,cpu,4,2.8630425930023193,1.3652050938617322e-06,test_field
jax,512,256,16,1024,gpu,0,0.1471717357635498,7.017695224931231e-08,test_field
jax,512,256,16,1024,gpu,1,0.1459519863128662,6.959533038752852e-08,test_field
jax,512,256,16,1024,gpu,2,0.14600586891174316,6.96210236128536e-08,test_field
jax,512,256,16,1024,gpu,3,0.1465461254119873,6.987863798713079e-08,test_field
jax,512,256,16,1024,gpu,4,0.14734578132629395,7.025994364084909e-08,test_field
torch,512,256,16,1024,cpu,0,10.023072242736816,4.779373284691246e-06,test_field
torch,512,256,16,1024,cpu,1,10.002371311187744,4.769502311319229e-06,test_field
torch,512,256,16,1024,cpu,2,10.278525352478027,4.901182819594396e-06,test_field
torch,512,256,16,1024,cpu,3,9.723706722259521,4.6366246806428535e-06,test_field
torch,512,256,16,1024,cpu,4,7.537408113479614,3.5941162650487968e-06,test_field
torch,512,256,16,1024,gpu,0,0.3768148422241211,1.7967931853490882e-07,test_field
torch,512,256,16,1024,gpu,1,0.3714282512664795,1.7711079181026435e-07,test_field
torch,512,256,16,1024,gpu,2,0.29114818572998047,1.3883027349947952e-07,test_field
torch,512,256,16,1024,gpu,3,0.3823072910308838,1.8229832221550168e-07,test_field
torch,512,256,16,1024,gpu,4,0.38437581062316895,1.8328466921957443e-07,test_field
gt4py,512,256,16,1024,cpu,0,0.5604681968688965,2.672520622581942e-07,test_field
gt4py,512,256,16,1024,cpu,1,0.5120692253112793,2.4417363420070615e-07,test_field
gt4py,512,256,16,1024,cpu,2,0.6186871528625488,2.950130237877602e-07,test_field
gt4py,512,256,16,1024,cpu,3,0.6004734039306641,2.8632803150685504e-07,test_field
gt4py,512,256,16,1024,cpu,4,0.5167369842529297,2.4639939510961995e-07,test_field
cupy,512,256,16,1024,gpu,0,0.23962926864624023,1.142641394835664e-07,test_field
cupy,512,256,16,1024,gpu,1,0.23599672317504883,1.1253200682403985e-07,test_field
cupy,512,256,16,1024,gpu,2,0.24550533294677734,1.1706606528605334e-07,test_field
cupy,512,256,16,1024,gpu,3,0.24708962440490723,1.1782151432271348e-07,test_field
cupy,512,256,16,1024,gpu,4,0.24059247970581055,1.1472343430796172e-07,test_field
numpy,512,256,16,1024,cpu,0,12.682989358901978,6.047720603419293e-06,test_field
numpy,512,256,16,1024,cpu,1,12.826003074645996,6.1159148572187405e-06,test_field
numpy,512,256,16,1024,cpu,2,12.840910196304321,6.1230231267472846e-06,test_field
numpy,512,256,16,1024,cpu,3,12.80077862739563,6.103886903474631e-06,test_field
numpy,512,256,16,1024,cpu,4,12.728161096572876,6.0692601664413814e-06,test_field
fortran,512,256,16,1024,cpu,0,0.113962329,5.434147310256958e-08,test_field
fortran,512,256,16,1024,cpu,1,0.112012723,5.3411828517913816e-08,test_field
fortran,512,256,16,1024,cpu,2,0.118664205,5.6583502292633054e-08,test_field
fortran,512,256,16,1024,cpu,3,0.116485327,5.554453229904175e-08,test_field
fortran,512,256,16,1024,cpu,4,0.113878716,5.4301603317260744e-08,test_field
numba,512,256,32,1024,cpu,0,0.736058235168457,1.7548995856486727e-07,test_field
numba,512,256,32,1024,cpu,1,0.7485756874084473,1.784743517418974e-07,test_field
numba,512,256,32,1024,cpu,2,0.740032434463501,1.7643748151385807e-07,test_field
numba,512,256,32,1024,cpu,3,0.747783899307251,1.7828557474786066e-07,test_field
numba,512,256,32,1024,cpu,4,0.7375075817108154,1.7583550970812212e-07,test_field
jax,512,256,32,1024,cpu,0,5.655402898788452,1.3483531233760004e-06,test_field
jax,512,256,32,1024,cpu,1,5.655814170837402,1.3484511782735353e-06,test_field
jax,512,256,32,1024,cpu,2,5.65590763092041,1.3484734608937288e-06,test_field
jax,512,256,32,1024,cpu,3,5.661878347396851,1.34989699063226e-06,test_field
jax,512,256,32,1024,cpu,4,5.656906366348267,1.3487115779753367e-06,test_field
jax,512,256,32,1024,gpu,0,0.17599987983703613,4.1961641272791894e-08,test_field
jax,512,256,32,1024,gpu,1,0.1722583770751953,4.1069597500609234e-08,test_field
jax,512,256,32,1024,gpu,2,0.175140380859375,4.175672074779868e-08,test_field
jax,512,256,32,1024,gpu,3,0.17549467086791992,4.184119006822584e-08,test_field
jax,512,256,32,1024,gpu,4,0.17546868324279785,4.1834994135570014e-08,test_field
torch,512,256,32,1024,cpu,0,10.463708400726318,2.4947424890342518e-06,test_field
torch,512,256,32,1024,cpu,1,8.178057193756104,1.949800775946642e-06,test_field
torch,512,256,32,1024,cpu,2,10.374600410461426,2.4734974886087002e-06,test_field
torch,512,256,32,1024,cpu,3,9.883182764053345,2.3563343916066515e-06,test_field
torch,512,256,32,1024,cpu,4,8.186188697814941,1.9517394775903085e-06,test_field
torch,512,256,32,1024,gpu,0,0.4425172805786133,1.0550434126344044e-07,test_field
torch,512,256,32,1024,gpu,1,0.4425315856933594,1.0550775186857209e-07,test_field
torch,512,256,32,1024,gpu,2,0.44534993171691895,1.061796979229257e-07,test_field
torch,512,256,32,1024,gpu,3,0.4447200298309326,1.0602951761029544e-07,test_field
torch,512,256,32,1024,gpu,4,0.4454307556152344,1.0619896784191951e-07,test_field
gt4py,512,256,32,1024,cpu,0,0.7546298503875732,1.799177766770299e-07,test_field
gt4py,512,256,32,1024,cpu,1,0.7513294219970703,1.7913089322973974e-07,test_field
gt4py,512,256,32,1024,cpu,2,0.7551300525665283,1.8003703416979988e-07,test_field
gt4py,512,256,32,1024,cpu,3,0.7837340831756592,1.8685676650420646e-07,test_field
gt4py,512,256,32,1024,cpu,4,0.7639153003692627,1.8213160046798293e-07,test_field
cupy,512,256,32,1024,gpu,0,0.4601461887359619,1.0970740049742744e-07,test_field
cupy,512,256,32,1024,gpu,1,0.4597127437591553,1.096040591619385e-07,test_field
cupy,512,256,32,1024,gpu,2,0.45639467239379883,1.0881296930165263e-07,test_field
cupy,512,256,32,1024,gpu,3,0.46019411087036133,1.0971882602461847e-07,test_field
cupy,512,256,32,1024,gpu,4,0.46030163764953613,1.0974446240652469e-07,test_field
numpy,512,256,32,1024,cpu,0,38.36290669441223,9.146429704287584e-06,test_field
numpy,512,256,32,1024,cpu,1,38.427329540252686,9.161789307654544e-06,test_field
numpy,512,256,32,1024,cpu,2,38.11999726295471,9.088515582789114e-06,test_field
numpy,512,256,32,1024,cpu,3,38.399040937423706,9.15504477916329e-06,test_field
numpy,512,256,32,1024,cpu,4,37.80677652359009,9.01383793916466e-06,test_field
fortran,512,256,32,1024,cpu,0,0.159067614,3.792467451095581e-08,test_field
fortran,512,256,32,1024,cpu,1,0.156131252,3.722459125518799e-08,test_field
fortran,512,256,32,1024,cpu,2,0.159345365,3.7990895509719846e-08,test_field
fortran,512,256,32,1024,cpu,3,0.158173464,3.771149253845215e-08,test_field
fortran,512,256,32,1024,cpu,4,0.157051066,3.744389200210571e-08,test_field
numba,512,256,64,1024,cpu,0,1.235525131225586,1.4728607311553787e-07,test_field
numba,512,256,64,1024,cpu,1,1.241330623626709,1.479781417401682e-07,test_field
numba,512,256,64,1024,cpu,2,1.2382206916809082,1.4760740896235802e-07,test_field
numba,512,256,64,1024,cpu,3,1.240699052810669,1.4790285263188707e-07,test_field
numba,512,256,64,1024,cpu,4,1.224867820739746,1.4601562270399882e-07,test_field
jax,512,256,64,1024,cpu,0,11.334975719451904,1.351234402591217e-06,test_field
jax,512,256,64,1024,cpu,1,11.359584331512451,1.3541679777517857e-06,test_field
jax,512,256,64,1024,cpu,2,11.355511903762817,1.353682506533005e-06,test_field
jax,512,256,64,1024,cpu,3,11.350134134292603,1.3530414264550927e-06,test_field
jax,512,256,64,1024,cpu,4,11.352850675582886,1.3533652634123428e-06,test_field
jax,512,256,64,1024,gpu,0,0.22811484336853027,2.7193408413950237e-08,test_field
jax,512,256,64,1024,gpu,1,0.22769737243652344,2.71436420007376e-08,test_field
jax,512,256,64,1024,gpu,2,0.2257692813873291,2.6913795636573923e-08,test_field
jax,512,256,64,1024,gpu,3,0.22638416290283203,2.6987095225194935e-08,test_field
jax,512,256,64,1024,gpu,4,0.22840452194213867,2.7227940790908178e-08,test_field
torch,512,256,64,1024,cpu,0,13.671831369400024,1.6298093044042616e-06,test_field
torch,512,256,64,1024,cpu,1,13.48690128326416,1.6077639202194405e-06,test_field
torch,512,256,64,1024,cpu,2,11.197534322738647,1.3348501113341626e-06,test_field
torch,512,256,64,1024,cpu,3,13.846095323562622,1.6505831865742948e-06,test_field
torch,512,256,64,1024,cpu,4,12.895611047744751,1.5372766313248576e-06,test_field
torch,512,256,64,1024,gpu,0,0.8238131999969482,9.820618629419187e-08,test_field
torch,512,256,64,1024,gpu,1,0.8263516426086426,9.850879223449738e-08,test_field
torch,512,256,64,1024,gpu,2,0.8233387470245361,9.814962709242536e-08,test_field
torch,512,256,64,1024,gpu,3,0.823552131652832,9.817506452236557e-08,test_field
torch,512,256,64,1024,gpu,4,0.826634407043457,9.854250038188184e-08,test_field
gt4py,512,256,64,1024,cpu,0,1.2439312934875488,1.4828816574663506e-07,test_field
gt4py,512,256,64,1024,cpu,1,1.2118773460388184,1.4446703744397382e-07,test_field
gt4py,512,256,64,1024,cpu,2,1.2484395503997803,1.4882559185025457e-07,test_field
gt4py,512,256,64,1024,cpu,3,1.2512338161468506,1.491586942847789e-07,test_field
gt4py,512,256,64,1024,cpu,4,1.2125980854034424,1.4455295627158193e-07,test_field
cupy,512,256,64,1024,gpu,0,0.8488836288452148,1.0119481430592714e-07,test_field
cupy,512,256,64,1024,gpu,1,0.8492777347564697,1.012417953916156e-07,test_field
cupy,512,256,64,1024,gpu,2,0.8473010063171387,1.0100615099872812e-07,test_field
cupy,512,256,64,1024,gpu,3,0.8488960266113281,1.0119629223481752e-07,test_field
cupy,512,256,64,1024,gpu,4,0.8481607437133789,1.0110863968293415e-07,test_field
numpy,512,256,64,1024,cpu,0,89.32344055175781,1.0648183888406493e-05,test_field
numpy,512,256,64,1024,cpu,1,89.8997962474823,1.0716890841422355e-05,test_field
numpy,512,256,64,1024,cpu,2,90.19908261299133,1.0752568556426922e-05,test_field
numpy,512,256,64,1024,cpu,3,89.16838812828064,1.0629700199160652e-05,test_field
numpy,512,256,64,1024,cpu,4,89.28613543510437,1.0643736771953627e-05,test_field
fortran,512,256,64,1024,cpu,0,0.298253213,3.5554553627967837e-08,test_field
fortran,512,256,64,1024,cpu,1,0.271922831,3.241572749614715e-08,test_field
fortran,512,256,64,1024,cpu,2,0.298698352,3.560761833190918e-08,test_field
fortran,512,256,64,1024,cpu,3,0.298420984,3.557455348968506e-08,test_field
fortran,512,256,64,1024,cpu,4,0.297935495,3.551667869091034e-08,test_field
numba,512,512,16,1024,cpu,0,1.085322618484497,2.58761076565861e-07,test_field
numba,512,512,16,1024,cpu,1,1.0915486812591553,2.6024548560599214e-07,test_field
numba,512,512,16,1024,cpu,2,1.0932469367980957,2.606503812785377e-07,test_field
numba,512,512,16,1024,cpu,3,1.126171350479126,2.6850017320612096e-07,test_field
numba,512,512,16,1024,cpu,4,1.0856404304504395,2.5883684884320246e-07,test_field
jax,512,512,16,1024,cpu,0,5.664389133453369,1.3504956086762832e-06,test_field
jax,512,512,16,1024,cpu,1,5.6391260623931885,1.344472423170373e-06,test_field
jax,512,512,16,1024,cpu,2,5.643303155899048,1.3454683198688144e-06,test_field
jax,512,512,16,1024,cpu,3,5.622109651565552,1.3404153946794395e-06,test_field
jax,512,512,16,1024,cpu,4,5.637268543243408,1.3440295560940285e-06,test_field
jax,512,512,16,1024,gpu,0,0.17641544342041016,4.206071935186628e-08,test_field
jax,512,512,16,1024,gpu,1,0.17561817169189453,4.187063495919574e-08,test_field
jax,512,512,16,1024,gpu,2,0.17563247680664062,4.187404556432739e-08,test_field
jax,512,512,16,1024,gpu,3,0.1777355670928955,4.2375461362098577e-08,test_field
jax,512,512,16,1024,gpu,4,0.17496871948242188,4.17157934862189e-08,test_field
torch,512,512,16,1024,cpu,0,9.490877151489258,2.262801444885554e-06,test_field
torch,512,512,16,1024,cpu,1,6.674677848815918,1.591367208675365e-06,test_field
torch,512,512,16,1024,cpu,2,10.336906909942627,2.464510657773644e-06,test_field
torch,512,512,16,1024,cpu,3,7.718630075454712,1.8402648152004986e-06,test_field
torch,512,512,16,1024,cpu,4,10.12757682800293,2.414602477074368e-06,test_field
torch,512,512,16,1024,gpu,0,0.44187498092651367,1.0535120509302942e-07,test_field
torch,512,512,16,1024,gpu,1,0.44223761558532715,1.0543766393311671e-07,test_field
torch,512,512,16,1024,gpu,2,0.44213175773620605,1.0541242545514251e-07,test_field
torch,512,512,16,1024,gpu,3,0.4441835880279541,1.0590161991785862e-07,test_field
torch,512,512,16,1024,gpu,4,0.44161415100097656,1.052890183927957e-07,test_field
gt4py,512,512,16,1024,cpu,0,0.7458226680755615,1.7781798078431166e-07,test_field
gt4py,512,512,16,1024,cpu,1,0.7437748908996582,1.7732975265971618e-07,test_field
gt4py,512,512,16,1024,cpu,2,0.7355344295501709,1.7536507357363007e-07,test_field
gt4py,512,512,16,1024,cpu,3,0.7190415859222412,1.7143287323051482e-07,test_field
gt4py,512,512,16,1024,cpu,4,0.7461669445037842,1.7790006268114666e-07,test_field
cupy,512,512,16,1024,gpu,0,0.45938539505004883,1.095260131478426e-07,test_field
cupy,512,512,16,1024,gpu,1,0.4558579921722412,1.0868501476579695e-07,test_field
cupy,512,512,16,1024,gpu,2,0.45906949043273926,1.0945069561785203e-07,test_field
cupy,512,512,16,1024,gpu,3,0.45716118812561035,1.0899572089329013e-07,test_field
cupy,512,512,16,1024,gpu,4,0.456834077835083,1.089177317226131e-07,test_field
numpy,512,512,16,1024,cpu,0,37.73297142982483,8.996241433578689e-06,test_field
numpy,512,512,16,1024,cpu,1,37.651161432266235,8.976736410204467e-06,test_field
numpy,512,512,16,1024,cpu,2,37.97027897834778,9.052819962107606e-06,test_field
numpy,512,512,16,1024,cpu,3,37.591809034347534,8.96258569582642e-06,test_field
numpy,512,512,16,1024,cpu,4,38.051589250564575,9.072205841675895e-06,test_field
fortran,512,512,16,1024,cpu,0,0.204641284,4.879028415679932e-08,test_field
fortran,512,512,16,1024,cpu,1,0.205143796,4.89100923538208e-08,test_field
fortran,512,512,16,1024,cpu,2,0.215152518,5.1296357631683347e-08,test_field
fortran,512,512,16,1024,cpu,3,0.200745368,4.7861425399780275e-08,test_field
fortran,512,512,16,1024,cpu,4,0.20617439,4.91558051109314e-08,test_field
numba,512,512,32,1024,cpu,0,1.387744426727295,1.6543202718821703e-07,test_field
numba,512,512,32,1024,cpu,1,1.3708438873291016,1.6341732589353342e-07,test_field
numba,512,512,32,1024,cpu,2,1.3940980434417725,1.6618943732282787e-07,test_field
numba,512,512,32,1024,cpu,3,1.3740124702453613,1.6379505041186349e-07,test_field
numba,512,512,32,1024,cpu,4,1.3897645473480225,1.6567284433222085e-07,test_field
jax,512,512,32,1024,cpu,0,11.350833415985107,1.3531247873288521e-06,test_field
jax,512,512,32,1024,cpu,1,11.28468370437622,1.3452391272039677e-06,test_field
jax,512,512,32,1024,cpu,2,11.337321519851685,1.3515140437903028e-06,test_field
jax,512,512,32,1024,cpu,3,11.300099849700928,1.3470768749357376e-06,test_field
jax,512,512,32,1024,cpu,4,11.318212985992432,1.3492361290445842e-06,test_field
jax,512,512,32,1024,gpu,0,0.23083877563476562,2.7518126444192603e-08,test_field
jax,512,512,32,1024,gpu,1,0.23498129844665527,2.8011953645545873e-08,test_field
jax,512,512,32,1024,gpu,2,0.23420381546020508,2.7919270451093325e-08,test_field
jax,512,512,32,1024,gpu,3,0.23452329635620117,2.7957355541730067e-08,test_field
jax,512,512,32,1024,gpu,4,0.23501968383789062,2.8016529540764168e-08,test_field
torch,512,512,32,1024,cpu,0,10.263304710388184,1.223481262968562e-06,test_field
torch,512,512,32,1024,cpu,1,12.704267740249634,1.514466731578068e-06,test_field
torch,512,512,32,1024,cpu,2,9.83999252319336,1.1730185178748798e-06,test_field
torch,512,512,32,1024,cpu,3,13.136713981628418,1.5660183407817385e-06,test_field
torch,512,512,32,1024,cpu,4,10.398162603378296,1.2395575765822286e-06,test_field
torch,512,512,32,1024,gpu,0,0.8233356475830078,9.814925761020277e-08,test_field
torch,512,512,32,1024,gpu,1,0.8237183094024658,9.819487445383857e-08,test_field
torch,512,512,32,1024,gpu,2,0.8238990306854248,9.821641810958681e-08,test_field
torch,512,512,32,1024,gpu,3,0.8238341808319092,9.820868740462174e-08,test_field
torch,512,512,32,1024,gpu,4,0.8218197822570801,9.796855238164426e-08,test_field
gt4py,512,512,32,1024,cpu,0,1.1814336776733398,1.4083786936680553e-07,test_field
gt4py,512,512,32,1024,cpu,1,1.186476469039917,1.41439016942968e-07,test_field
gt4py,512,512,32,1024,cpu,2,1.1824538707733154,1.4095948586145823e-07,test_field
gt4py,512,512,32,1024,cpu,3,1.1835336685180664,1.4108820778346853e-07,test_field
gt4py,512,512,32,1024,cpu,4,1.201080560684204,1.4317996033241798e-07,test_field
cupy,512,512,32,1024,gpu,0,0.8474972248077393,1.0102954206558934e-07,test_field
cupy,512,512,32,1024,gpu,1,0.8488643169403076,1.0119251214746328e-07,test_field
cupy,512,512,32,1024,gpu,2,0.8466532230377197,1.0092892921420571e-07,test_field
cupy,512,512,32,1024,gpu,3,0.8454945087432861,1.0079079970637395e-07,test_field
cupy,512,512,32,1024,gpu,4,0.8457283973693848,1.0081868140332517e-07,test_field
numpy,512,512,32,1024,cpu,0,88.6189341545105,1.056420018130666e-05,test_field
numpy,512,512,32,1024,cpu,1,89.28433179855347,1.0643521761721786e-05,test_field
numpy,512,512,32,1024,cpu,2,89.92151236534119,1.0719479604404114e-05,test_field
numpy,512,512,32,1024,cpu,3,89.67877840995789,1.069054346203302e-05,test_field
numpy,512,512,32,1024,cpu,4,89.17316460609436,1.063026959968738e-05,test_field
fortran,512,512,32,1024,cpu,0,0.292973959,3.4925217509269715e-08,test_field
fortran,512,512,32,1024,cpu,1,0.287772898,3.430520272254944e-08,test_field
fortran,512,512,32,1024,cpu,2,0.291238043,3.471828019618988e-08,test_field
fortran,512,512,32,1024,cpu,3,0.293868301,3.503183138370514e-08,test_field
fortran,512,512,32,1024,cpu,4,0.293738608,3.501637077331543e-08,test_field
numba,512,512,64,1024,cpu,0,2.4739925861358643,1.4746144927357818e-07,test_field
numba,512,512,64,1024,cpu,1,2.538747549057007,1.5132114583593648e-07,test_field
numba,512,512,64,1024,cpu,2,2.459705114364624,1.46609849593915e-07,test_field
numba,512,512,64,1024,cpu,3,2.5501463413238525,1.5200056679987028e-07,test_field
numba,512,512,64,1024,cpu,4,2.4704854488372803,1.4725240760071756e-07,test_field
jax,512,512,64,1024,cpu,0,22.18292760848999,1.3222055201822513e-06,test_field
jax,512,512,64,1024,cpu,1,22.12606978416443,1.3188165297606247e-06,test_field
jax,512,512,64,1024,cpu,2,22.194451808929443,1.3228924160557654e-06,test_field
jax,512,512,64,1024,cpu,3,22.15296220779419,1.320419443118226e-06,test_field
jax,512,512,64,1024,cpu,4,22.231067657470703,1.3250748907012166e-06,test_field
jax,512,512,64,1024,gpu,0,0.3604116439819336,2.1482208012457704e-08,test_field
jax,512,512,64,1024,gpu,1,0.35768771171569824,2.131984899733652e-08,test_field
jax,512,512,64,1024,gpu,2,0.3579280376434326,2.1334173538889445e-08,test_field
jax,512,512,64,1024,gpu,3,0.35742974281311035,2.1304472852534673e-08,test_field
jax,512,512,64,1024,gpu,4,0.3588545322418213,2.138939692031272e-08,test_field
torch,512,512,64,1024,cpu,0,20.22524118423462,1.2055183162829053e-06,test_field
torch,512,512,64,1024,cpu,1,22.100059509277344,1.3172661965654697e-06,test_field
torch,512,512,64,1024,cpu,2,22.35472083091736,1.3324451941798543e-06,test_field
torch,512,512,64,1024,cpu,3,20.362292289733887,1.2136871987422637e-06,test_field
torch,512,512,64,1024,cpu,4,21.876628398895264,1.3039486645993748e-06,test_field
torch,512,512,64,1024,gpu,0,1.582852840423584,9.434538128516579e-08,test_field
torch,512,512,64,1024,gpu,1,1.581127405166626,9.424253732959187e-08,test_field
torch,512,512,64,1024,gpu,2,1.5814228057861328,9.4260144578584e-08,test_field
torch,512,512,64,1024,gpu,3,1.5832767486572266,9.437064818484941e-08,test_field
torch,512,512,64,1024,gpu,4,1.584141731262207,9.442220516575617e-08,test_field
gt4py,512,512,64,1024,cpu,0,2.674353837966919,1.5940391051572078e-07,test_field
gt4py,512,512,64,1024,cpu,1,2.7466814517974854,1.6371497224554332e-07,test_field
gt4py,512,512,64,1024,cpu,2,2.673180341720581,1.5933396468881256e-07,test_field
gt4py,512,512,64,1024,cpu,3,2.6689255237579346,1.5908035777556506e-07,test_field
gt4py,512,512,64,1024,cpu,4,2.6913135051727295,1.6041478545503196e-07,test_field
cupy,512,512,64,1024,gpu,0,1.6370601654052734,9.757638963492354e-08,test_field
cupy,512,512,64,1024,gpu,1,1.6380455493927002,9.763512309746147e-08,test_field
cupy,512,512,64,1024,gpu,2,1.6379196643829346,9.762761976617185e-08,test_field
cupy,512,512,64,1024,gpu,3,1.6412906646728516,9.782854704099009e-08,test_field
cupy,512,512,64,1024,gpu,4,1.6425533294677734,9.79038077275618e-08,test_field
numpy,512,512,64,1024,cpu,0,191.33732557296753,1.1404593323049994e-05,test_field
numpy,512,512,64,1024,cpu,1,191.32948994636536,1.1404126283309779e-05,test_field
numpy,512,512,64,1024,cpu,2,190.25843620300293,1.1340286505401309e-05,test_field
numpy,512,512,64,1024,cpu,3,190.46610593795776,1.1352664586183892e-05,test_field
numpy,512,512,64,1024,cpu,4,190.98745012283325,1.138373912112911e-05,test_field
fortran,512,512,64,1024,cpu,0,0.464069713,2.7660710394382476e-08,test_field
fortran,512,512,64,1024,cpu,1,0.468456814,2.7922201991081238e-08,test_field
fortran,512,512,64,1024,cpu,2,0.475549306,2.8344947457313538e-08,test_field
fortran,512,512,64,1024,cpu,3,0.468551115,2.7927822768688203e-08,test_field
fortran,512,512,64,1024,cpu,4,0.466844574,2.7826104998588563e-08,test_field
