rank;sendrecv_2hp;Isend_Irecv_2hp;Isend_recv_2hp;send_Irecv_2hp;overlap_com
1;;;;;
2;8.003917933;7.998892784;8.032713175;16.38930178;7.997663021
4;4.626455784;4.514802217;4.837142706;;4.413125515
8;2.621736765;2.588669538;2.70432663;;2.593977213
12;2.013257504;1.996319532;2.224089146;;1.919539452
16;1.6355021;1.609549284;1.69260478;;1.624140263
20;1.477024794;1.383045673;1.373981953;;1.428803921
24;1.207832336;1.245259762;1.21606493;;1.230130672
48;2.396054029;2.043242693;2.04796648;;2.046547413
