n,Laplacian3D|BOHRIUM,Biharmonic3D|BOHRIUM
8,0.004310208625975065,0.005121899675577879
16,0.005554277100600302,0.00503572175221052
32,0.004784206426120363,0.004947062549763359
64,0.0061948761227540675,0.007403367175720632
128,0.028540395450545476,0.026246692350832747
256,0.18509784505004062,0.17817583034920972
512,1.4578437788499286,1.6327910612511913
