n,Laplacian3D|BOHRIUM,Biharmonic3D|BOHRIUM
8,0.03740268450055737,0.003498728625709191
16,0.03268423892441206,0.0034765205724397673
32,0.029353888050536625,0.0039239352016011255
64,0.041380476352060214,0.006957300749490969
128,0.05834227117302362,0.028496623047976753
256,0.23465753782365936,0.2249230301269563
512,2.0442320693982765,1.7787540070246906
