n,Laplacian3D|gt4py:gtx86,Biharmonic3D|gt4py:gtx86
8,0.000805875999503769,0.0006074797420296818
16,0.0006032350065652281,0.0005897987430216745
32,0.0005833062459714711,0.000589220755500719
64,0.000613947500823997,0.0008624564943602309
128,0.000998339251964353,0.0013968515122542158
256,0.00894030899507925,0.009306255000410601
512,0.060333277491736226,0.07805043850385118
1024,,
2048,,
4096,,
8192,,
16384,,
