n,Laplacian3D|JAX,Biharmonic3D|JAX
8,5.944119766354561e-05,0.0004537035711109638
16,5.790498107671738e-05,0.0004647248424589634
32,0.00015130452811717987,0.0006788745522499084
64,0.0005453187040984631,0.001427223440259695
128,0.004116629250347614,0.009329870343208313
256,0.06527823302894831,0.13937109801918268
512,0.5257140561006963,1.1022803629748523
1024,,
