n,Laplacian3D|NUMPY,Biharmonic3D|NUMPY
8,1.577031798660755e-05,4.7298381105065346e-05
16,3.480934537947178e-05,9.216787293553352e-05
32,0.00025603780522942543,0.0007905927486717701
64,0.0019508979748934507,0.003939732210710645
128,0.02041652286425233,0.0418949699960649
256,0.23895735619589686,0.5230119659099728
512,1.8759429424535483,4.105559036368504
1024,,
2048,,
4096,,
8192,,
16384,,
