naive,vectorized,for vectorized,multithreaded,cuda
21.327323,17.36775,4.286327,9.098772,3.107099
161.35977300000002,120.265608,27.886585,43.47147,6.594271
1376.287258,1052.081011,917.279708,193.95236599999998,37.300470000000004
10381.587755,8112.263166,5847.825147,4471.440329,308.36028
