naive,numpy,cupy
331.6080570220947,36.47160530090332,26.83234214782715
1612.8807067871094,230.74603080749512,26.68285369873047
9093.475341796875,3044.9347496032715,96.96340560913086
61673.78830909729,27299.944400787354,719.1953659057617
