naive,vectorized,iterators,ray iterators,view_iterators,view_rayiterators
4.215632,14.406167,6.564451,411.779845,6.597188,409.715702
22.965251,109.067336,33.366262,1282.313549,33.024315,1283.248125
138.1366,1302.855186,199.253306,3500.705833,198.250505,3516.918653
1094.288684,16843.724165,1499.023293,9139.410168,1448.554066,9125.995256
