naive,vectorized,iterators,rayiterators
23.794422,13.916648,5.560321,393.83531
186.322642,104.110969,31.065461,1230.405249
1446.827496,1334.442239,204.635853,3314.360097
11429.546215,16412.825915,1523.95565,8642.480144
0.0,0.0,0.0,0.0