naive,vectorized,iterators,ray iterators
4.215632,14.406167,6.564451,411.779845
22.965251,109.067336,33.366262,1282.313549
138.1366,1302.855186,199.253306,3500.705833
1094.288684,16843.724165,1499.023293,9139.410168
